Date,company,High,Low,Open,Close,Volume,Adj Close
2000-01-03,BKNG,318.0,288.0,315.0,307.5,847700.0,307.5
2000-01-04,BKNG,343.5,307.5,308.25,324.0,972700.0,324.0
2000-01-05,BKNG,385.3125,327.75,331.5,359.625,1605400.0,359.625
2000-01-06,BKNG,384.75,326.25,368.25,345.0,1175200.0,345.0
2000-01-07,BKNG,364.5,333.75,358.125,343.5,339400.0,343.5
2000-01-10,BKNG,357.75,317.25,352.125,325.5,2018800.0,325.5
2000-01-11,BKNG,342.0,311.25,322.5,316.875,842900.0,316.875
2000-01-12,BKNG,325.125,306.0,321.75,306.75,283700.0,306.75
2000-01-13,BKNG,319.125,300.0,318.65625,309.75,299400.0,309.75
2000-01-14,BKNG,342.0,313.5,315.0,341.25,789700.0,341.25
2000-01-18,BKNG,355.875,333.0,334.5,355.125,572700.0,355.125
2000-01-19,BKNG,377.25,349.875,354.0,374.625,710400.0,374.625
2000-01-20,BKNG,372.0,354.0,370.875,371.625,580500.0,371.625
2000-01-21,BKNG,387.0,369.0,374.25,381.0,825300.0,381.0
2000-01-24,BKNG,386.625,357.0,383.625,359.625,401500.0,359.625
2000-01-25,BKNG,379.5,336.0,358.875,377.625,414700.0,377.625
2000-01-26,BKNG,408.375,379.5,382.125,397.5,878300.0,397.5
2000-01-27,BKNG,415.5,378.375,406.5,384.75,1031900.0,384.75
2000-01-28,BKNG,385.125,348.0,384.375,357.75,568800.0,357.75
2000-01-31,BKNG,359.25,339.0,358.5,348.0,343900.0,348.0
2000-02-01,BKNG,350.25,338.25,350.25,343.5,205500.0,343.5
2000-02-02,BKNG,372.0,343.5,343.5,357.375,390000.0,357.375
2000-02-03,BKNG,370.5,347.25,365.625,357.375,354000.0,357.375
2000-02-04,BKNG,372.0,355.5,369.0,362.25,246900.0,362.25
2000-02-07,BKNG,371.25,348.0,351.75,361.5,329700.0,361.5
2000-02-08,BKNG,362.25,338.25,361.5,348.375,1567000.0,348.375
2000-02-09,BKNG,356.25,339.0,350.625,350.625,529100.0,350.625
2000-02-10,BKNG,351.0,336.0,350.625,337.5,307900.0,337.5
2000-02-11,BKNG,339.75,321.0,339.0,323.25,235700.0,323.25
2000-02-14,BKNG,334.125,323.25,329.625,326.25,228400.0,326.25
2000-02-15,BKNG,331.5,313.5,331.5,318.0,221400.0,318.0
2000-02-16,BKNG,321.75,312.75,317.25,317.625,193000.0,317.625
2000-02-17,BKNG,334.5,317.25,324.75,330.0,281400.0,330.0
2000-02-18,BKNG,330.0,306.0,329.25,306.0,290800.0,306.0
2000-02-22,BKNG,312.0,291.0,306.375,300.75,242700.0,300.75
2000-02-23,BKNG,318.75,300.375,301.125,311.25,313100.0,311.25
2000-02-24,BKNG,345.0,319.875,339.0,340.5,894800.0,340.5
2000-02-25,BKNG,345.75,328.5,343.875,341.25,401100.0,341.25
2000-02-28,BKNG,345.0,321.0,344.625,323.25,229100.0,323.25
2000-02-29,BKNG,342.0,312.0,324.75,335.625,465300.0,335.625
2000-03-01,BKNG,388.5,354.0,354.75,386.25,2040800.0,386.25
2000-03-02,BKNG,430.5,393.0,393.0,429.0,1558600.0,429.0
2000-03-03,BKNG,450.375,422.625,435.0,450.0,1235600.0,450.0
2000-03-06,BKNG,558.0,452.25,453.0,541.125,2516400.0,541.125
2000-03-07,BKNG,580.5,459.0,579.75,471.75,2291900.0,471.75
2000-03-08,BKNG,539.625,474.75,508.125,525.375,1705300.0,525.375
2000-03-09,BKNG,585.0,520.5,535.5,562.125,1778400.0,562.125
2000-03-10,BKNG,587.25,554.25,564.0,567.0,684400.0,567.0
2000-03-13,BKNG,598.5,494.25,516.0,575.625,749700.0,575.625
2000-03-14,BKNG,625.5,569.25,584.25,569.625,833100.0,569.625
2000-03-15,BKNG,569.25,528.0,567.75,534.0,423400.0,534.0
2000-03-16,BKNG,553.125,498.0,538.5,527.625,490200.0,527.625
2000-03-17,BKNG,552.0,516.0,521.625,540.0,191500.0,540.0
2000-03-20,BKNG,516.375,462.0,506.25,466.125,678600.0,466.125
2000-03-21,BKNG,503.25,453.0,456.0,487.5,442400.0,487.5
2000-03-22,BKNG,528.0,492.75,492.75,522.0,367000.0,522.0
2000-03-23,BKNG,538.125,510.0,517.5,528.0,340400.0,528.0
2000-03-24,BKNG,552.375,525.375,536.25,543.0,344700.0,543.0
2000-03-27,BKNG,560.25,543.0,547.125,552.0,217600.0,552.0
2000-03-28,BKNG,551.25,513.0,541.5,521.625,236700.0,521.625
2000-03-29,BKNG,526.875,490.5,522.0,490.875,393700.0,490.875
2000-03-30,BKNG,496.5,471.0,479.25,486.75,473400.0,486.75
2000-03-31,BKNG,492.0,437.625,490.5,480.0,442100.0,480.0
2000-04-03,BKNG,466.125,390.0,465.375,392.25,617100.0,392.25
2000-04-04,BKNG,453.0,348.0,413.25,451.5,839700.0,451.5
2000-04-05,BKNG,453.0,408.0,440.625,431.625,409800.0,431.625
2000-04-06,BKNG,476.25,435.75,435.75,462.75,315700.0,462.75
2000-04-07,BKNG,516.0,445.875,481.5,468.375,617100.0,468.375
2000-04-10,BKNG,473.625,426.0,473.625,437.25,387300.0,437.25
2000-04-11,BKNG,424.125,372.0,421.5,390.375,741000.0,390.375
2000-04-12,BKNG,399.0,359.25,398.25,360.75,509200.0,360.75
2000-04-13,BKNG,390.75,363.0,369.0,372.75,736000.0,372.75
2000-04-14,BKNG,372.0,311.25,357.0,351.28125,1033500.0,351.28125
2000-04-17,BKNG,340.5,297.75,333.75,312.375,730600.0,312.375
2000-04-18,BKNG,389.625,292.5,316.5,384.0,1059800.0,384.0
2000-04-19,BKNG,390.75,342.0,381.0,390.375,581200.0,390.375
2000-04-20,BKNG,415.125,385.5,395.25,407.25,406500.0,407.25
2000-04-24,BKNG,396.0,337.5,378.0,370.5,538400.0,370.5
2000-04-25,BKNG,415.5,373.5,390.75,387.375,501500.0,387.375
2000-04-26,BKNG,396.375,366.0,396.0,383.25,529300.0,383.25
2000-04-27,BKNG,405.75,357.0,360.0,389.625,372800.0,389.625
2000-04-28,BKNG,402.0,375.75,390.375,379.5,484400.0,379.5
2000-05-01,BKNG,395.25,378.375,387.375,381.375,471200.0,381.375
2000-05-02,BKNG,387.0,354.0,381.75,357.0,283400.0,357.0
2000-05-03,BKNG,354.0,330.75,352.5,348.09375,304600.0,348.09375
2000-05-04,BKNG,370.875,339.0,350.25,347.625,332600.0,347.625
2000-05-05,BKNG,356.25,340.875,344.25,344.625,264800.0,344.625
2000-05-08,BKNG,357.75,329.25,349.125,329.25,204600.0,329.25
2000-05-09,BKNG,332.25,303.75,331.125,317.625,348600.0,317.625
2000-05-10,BKNG,321.75,300.375,312.0,309.375,316100.0,309.375
2000-05-11,BKNG,317.25,294.75,314.25,297.0,292800.0,297.0
2000-05-12,BKNG,310.5,295.875,301.5,298.125,253600.0,298.125
2000-05-15,BKNG,310.5,270.75,309.0,302.625,520000.0,302.625
2000-05-16,BKNG,343.40625,311.25,311.25,324.375,852000.0,324.375
2000-05-17,BKNG,319.5,299.25,317.625,304.125,522400.0,304.125
2000-05-18,BKNG,309.0,279.0,304.5,282.375,534100.0,282.375
2000-05-19,BKNG,287.25,267.0,279.0,268.5,389400.0,268.5
2000-05-22,BKNG,270.0,246.375,270.0,266.625,505200.0,266.625
2000-05-23,BKNG,269.25,240.0,268.875,243.0,413400.0,243.0
2000-05-24,BKNG,241.5,198.375,240.0,219.0,1009000.0,219.0
2000-05-25,BKNG,250.875,210.75,241.125,217.5,831900.0,217.5
2000-05-26,BKNG,222.75,201.75,217.875,216.75,259800.0,216.75
2000-05-30,BKNG,237.75,214.5,222.75,235.5,393200.0,235.5
2000-05-31,BKNG,234.0,223.5,232.125,228.75,287700.0,228.75
2000-06-01,BKNG,254.25,231.0,232.125,251.625,638000.0,251.625
2000-06-02,BKNG,286.5,255.0,255.0,279.0,601700.0,279.0
2000-06-05,BKNG,309.0,271.875,278.625,294.0,514300.0,294.0
2000-06-06,BKNG,295.5,264.375,295.5,264.375,309800.0,264.375
2000-06-07,BKNG,277.5,261.0,263.25,270.0,342200.0,270.0
2000-06-08,BKNG,280.125,265.5,277.125,273.375,379200.0,273.375
2000-06-09,BKNG,282.0,267.0,279.75,270.75,254200.0,270.75
2000-06-12,BKNG,276.0,246.375,270.0,252.0,310500.0,252.0
2000-06-13,BKNG,265.5,246.75,252.75,261.0,246100.0,261.0
2000-06-14,BKNG,271.5,258.0,262.5,259.125,184200.0,259.125
2000-06-15,BKNG,274.875,252.75,267.375,256.5,279100.0,256.5
2000-06-16,BKNG,264.0,252.75,259.875,259.125,178700.0,259.125
2000-06-19,BKNG,268.5,257.25,259.125,267.375,151700.0,267.375
2000-06-20,BKNG,284.25,270.375,275.25,279.0,625800.0,279.0
2000-06-21,BKNG,276.75,264.0,275.25,270.0,181900.0,270.0
2000-06-22,BKNG,282.0,264.0,273.75,271.875,307200.0,271.875
2000-06-23,BKNG,268.5,234.75,267.75,250.875,968700.0,250.875
2000-06-26,BKNG,253.5,226.125,252.75,228.0,629400.0,228.0
2000-06-27,BKNG,242.25,228.375,229.125,240.0,257000.0,240.0
2000-06-28,BKNG,246.75,237.0,240.0,241.125,269800.0,241.125
2000-06-29,BKNG,223.3125,199.875,215.625,220.875,1322800.0,220.875
2000-06-30,BKNG,229.5,213.0,219.0,227.90625,407700.0,227.90625
2000-07-03,BKNG,240.0,222.0,230.625,240.0,106400.0,240.0
2000-07-05,BKNG,235.5,222.0,234.75,222.75,158100.0,222.75
2000-07-06,BKNG,230.25,216.0,222.375,228.375,214500.0,228.375
2000-07-07,BKNG,228.375,222.0,227.625,225.375,127100.0,225.375
2000-07-10,BKNG,228.75,222.75,227.625,223.5,172100.0,223.5
2000-07-11,BKNG,223.5,194.25,223.5,195.0,634200.0,195.0
2000-07-12,BKNG,217.5,195.75,205.5,213.75,787500.0,213.75
2000-07-13,BKNG,233.625,211.5,219.0,230.625,568300.0,230.625
2000-07-14,BKNG,244.125,229.875,236.25,236.625,875900.0,236.625
2000-07-17,BKNG,244.5,234.0,240.75,237.375,458500.0,237.375
2000-07-18,BKNG,242.25,223.5,237.375,232.5,468600.0,232.5
2000-07-19,BKNG,241.5,225.0,229.78125,238.5,237900.0,238.5
2000-07-20,BKNG,245.25,237.0,240.75,243.375,268400.0,243.375
2000-07-21,BKNG,251.25,237.0,243.0,240.375,403900.0,240.375
2000-07-24,BKNG,234.375,183.0,234.0,186.75,2586700.0,186.75
2000-07-25,BKNG,199.125,180.0,199.125,187.5,1710200.0,187.5
2000-07-26,BKNG,187.5,169.125,186.75,171.75,867600.0,171.75
2000-07-27,BKNG,168.0,144.375,168.0,154.875,1140800.0,154.875
2000-07-28,BKNG,159.0,138.75,157.875,147.0,948900.0,147.0
2000-07-31,BKNG,153.0,135.75,153.0,141.75,974400.0,141.75
2000-08-01,BKNG,159.75,147.375,151.125,149.625,1063000.0,149.625
2000-08-02,BKNG,154.875,146.25,151.875,148.875,555300.0,148.875
2000-08-03,BKNG,146.25,140.25,144.375,145.875,403200.0,145.875
2000-08-04,BKNG,150.375,142.5,148.125,145.5,285800.0,145.5
2000-08-07,BKNG,167.25,142.5,147.0,165.0,814500.0,165.0
2000-08-08,BKNG,179.625,159.375,166.5,168.0,774400.0,168.0
2000-08-09,BKNG,174.0,149.625,173.25,153.75,605400.0,153.75
2000-08-10,BKNG,153.75,141.0,153.75,142.5,624000.0,142.5
2000-08-11,BKNG,148.5,137.25,138.0,144.0,373700.0,144.0
2000-08-14,BKNG,152.625,138.0,147.0,147.375,550500.0,147.375
2000-08-15,BKNG,157.5,144.375,144.75,152.25,496700.0,152.25
2000-08-16,BKNG,163.5,150.0,152.625,150.75,507300.0,150.75
2000-08-17,BKNG,154.5,146.625,150.0,151.5,417600.0,151.5
2000-08-18,BKNG,159.0,150.375,154.5,158.625,372900.0,158.625
2000-08-21,BKNG,160.875,150.0,160.875,153.0,359100.0,153.0
2000-08-22,BKNG,155.25,147.75,155.25,148.5,179900.0,148.5
2000-08-23,BKNG,155.25,147.0,149.625,152.625,410500.0,152.625
2000-08-24,BKNG,168.0,155.25,155.625,162.75,785600.0,162.75
2000-08-25,BKNG,164.25,156.75,162.1875,159.0,469100.0,159.0
2000-08-28,BKNG,164.25,157.125,159.75,160.125,269200.0,160.125
2000-08-29,BKNG,166.125,160.125,160.125,165.0,402100.0,165.0
2000-08-30,BKNG,174.0,162.0,163.125,166.5,575600.0,166.5
2000-08-31,BKNG,171.0,155.625,170.625,163.125,575500.0,163.125
2000-09-01,BKNG,164.25,153.75,162.375,155.625,430600.0,155.625
2000-09-05,BKNG,177.75,153.75,157.125,173.625,776300.0,173.625
2000-09-06,BKNG,176.625,160.5,175.5,165.0,401500.0,165.0
2000-09-07,BKNG,165.75,148.875,165.375,155.625,948400.0,155.625
2000-09-08,BKNG,160.5,152.625,156.75,154.5,342000.0,154.5
2000-09-11,BKNG,165.0,157.125,162.0,159.0,529100.0,159.0
2000-09-12,BKNG,171.0,162.0,166.5,165.0,502300.0,165.0
2000-09-13,BKNG,169.5,158.25,163.875,167.625,401500.0,167.625
2000-09-14,BKNG,171.0,158.25,171.0,162.0,342600.0,162.0
2000-09-15,BKNG,166.875,155.625,166.875,156.75,301000.0,156.75
2000-09-18,BKNG,162.0,150.75,156.75,153.0,328900.0,153.0
2000-09-19,BKNG,156.375,150.0,154.125,150.75,264900.0,150.75
2000-09-20,BKNG,153.0,136.5,152.625,140.625,709500.0,140.625
2000-09-21,BKNG,137.25,123.75,136.875,129.375,1562700.0,129.375
2000-09-22,BKNG,131.25,118.875,119.25,131.25,638400.0,131.25
2000-09-25,BKNG,133.875,120.0,133.5,122.625,332200.0,122.625
2000-09-26,BKNG,122.625,109.125,120.75,111.84375,633200.0,111.84375
2000-09-27,BKNG,72.0,60.375,67.875,64.5,7213900.0,64.5
2000-09-28,BKNG,74.625,62.25,63.375,71.25,2622900.0,71.25
2000-09-29,BKNG,71.625,69.0,71.25,71.25,1435600.0,71.25
2000-10-02,BKNG,72.375,63.375,72.375,65.25,704000.0,65.25
2000-10-03,BKNG,67.125,59.25,65.25,59.25,651900.0,59.25
2000-10-04,BKNG,60.0,54.0,59.90625,56.25,701600.0,56.25
2000-10-05,BKNG,43.5,34.125,42.375,34.875,4629500.0,34.875
2000-10-06,BKNG,34.5,27.75,33.84375,33.375,2903300.0,33.375
2000-10-09,BKNG,41.25,33.5625,33.65625,39.0,1477600.0,39.0
2000-10-10,BKNG,42.75,39.0,41.25,40.6875,986300.0,40.6875
2000-10-11,BKNG,40.5,32.0625,39.75,32.625,963400.0,32.625
2000-10-12,BKNG,35.25,30.375,35.15625,31.125,679700.0,31.125
2000-10-13,BKNG,39.0,31.125,31.3125,37.875,836800.0,37.875
2000-10-16,BKNG,40.125,33.75,39.65625,34.5,496100.0,34.5
2000-10-17,BKNG,36.0,30.0,36.0,30.9375,474000.0,30.9375
2000-10-18,BKNG,32.25,24.75,27.9375,29.25,411800.0,29.25
2000-10-19,BKNG,33.75,30.0,31.96875,30.75,358800.0,30.75
2000-10-20,BKNG,40.5,30.375,32.4375,32.53125,849500.0,32.53125
2000-10-23,BKNG,37.125,31.875,31.96875,33.75,517000.0,33.75
2000-10-24,BKNG,36.0,32.0625,34.875,32.4375,359000.0,32.4375
2000-10-25,BKNG,33.75,31.6875,32.625,31.875,222800.0,31.875
2000-10-26,BKNG,33.0,30.375,31.3125,30.375,270800.0,30.375
2000-10-27,BKNG,35.25,31.125,33.0,33.75,335800.0,33.75
2000-10-30,BKNG,34.5,31.6875,32.53125,33.375,221500.0,33.375
2000-10-31,BKNG,36.0,32.8125,34.125,34.5,300800.0,34.5
2000-11-01,BKNG,40.125,33.75,34.5,37.125,653600.0,37.125
2000-11-02,BKNG,42.5625,37.5,39.28125,41.0625,1292300.0,41.0625
2000-11-03,BKNG,29.25,25.875,27.375,28.3125,2372800.0,28.3125
2000-11-06,BKNG,28.875,26.25,28.78125,27.0,681300.0,27.0
2000-11-07,BKNG,27.375,25.5,27.28125,25.6875,479300.0,25.6875
2000-11-08,BKNG,26.0625,19.3125,26.0625,19.5,1688700.0,19.5
2000-11-09,BKNG,21.1875,18.75,19.875,19.3125,592100.0,19.3125
2000-11-10,BKNG,22.875,18.0,19.5,20.0625,430500.0,20.0625
2000-11-13,BKNG,21.0,18.0,20.25,18.375,402700.0,18.375
2000-11-14,BKNG,21.0,18.0,19.5,18.5625,522100.0,18.5625
2000-11-15,BKNG,19.125,16.5,19.03125,16.5,900800.0,16.5
2000-11-16,BKNG,18.75,15.75,18.0,16.5,793000.0,16.5
2000-11-17,BKNG,17.0625,15.0,16.3125,15.5625,432800.0,15.5625
2000-11-20,BKNG,15.9375,14.625,15.0,14.625,647300.0,14.625
2000-11-21,BKNG,16.875,13.5,15.0,13.875,375500.0,13.875
2000-11-22,BKNG,16.5,13.3125,13.96875,13.6875,389200.0,13.6875
2000-11-24,BKNG,16.5,14.625,14.625,15.1875,348000.0,15.1875
2000-11-27,BKNG,17.25,14.625,16.875,15.0,440900.0,15.0
2000-11-28,BKNG,15.1875,13.5,14.8125,13.875,199500.0,13.875
2000-11-29,BKNG,16.5,13.125,13.5,15.375,411300.0,15.375
2000-11-30,BKNG,15.1875,12.75,14.8125,15.0,241900.0,15.0
2000-12-01,BKNG,15.375,13.78125,15.0,14.625,179500.0,14.625
2000-12-04,BKNG,14.25,12.1875,13.78125,12.5625,284400.0,12.5625
2000-12-05,BKNG,14.4375,12.0,13.03125,12.1875,633400.0,12.1875
2000-12-06,BKNG,12.75,10.5,12.75,10.6875,472500.0,10.6875
2000-12-07,BKNG,11.625,10.125,11.4375,11.25,411000.0,11.25
2000-12-08,BKNG,15.5625,12.0,12.0,14.625,593300.0,14.625
2000-12-11,BKNG,16.5,13.125,15.9375,13.5,561500.0,13.5
2000-12-12,BKNG,14.25,13.125,13.78125,13.3125,358000.0,13.3125
2000-12-13,BKNG,13.875,13.125,13.5,13.125,453000.0,13.125
2000-12-14,BKNG,13.875,12.0,13.40625,12.375,474200.0,12.375
2000-12-15,BKNG,13.5,10.875,13.3125,10.875,639200.0,10.875
2000-12-18,BKNG,12.375,9.375,11.625,9.375,516100.0,9.375
2000-12-19,BKNG,10.6875,8.8125,10.5,9.1875,490400.0,9.1875
2000-12-20,BKNG,8.625,7.3125,7.96875,7.5,475400.0,7.5
2000-12-21,BKNG,9.0,7.3125,7.59375,7.6875,803200.0,7.6875
2000-12-22,BKNG,8.25,6.9375,7.875,7.6875,617800.0,7.6875
2000-12-26,BKNG,7.875,6.75,7.6875,6.75,460700.0,6.75
2000-12-27,BKNG,9.375,6.375,6.75,8.4375,1131000.0,8.4375
2000-12-28,BKNG,8.625,7.5,8.4375,7.875,598700.0,7.875
2000-12-29,BKNG,8.625,7.3125,7.6875,7.875,983700.0,7.875
2001-01-02,BKNG,9.1875,7.875,8.25,8.4375,396500.0,8.4375
2001-01-03,BKNG,11.25,8.4375,8.625,10.875,460700.0,10.875
2001-01-04,BKNG,12.375,8.4375,11.0625,11.625,531200.0,11.625
2001-01-05,BKNG,12.0,9.9375,12.0,10.3125,343900.0,10.3125
2001-01-08,BKNG,10.5,9.0,10.125,9.375,304900.0,9.375
2001-01-09,BKNG,10.875,9.5625,9.5625,10.875,357100.0,10.875
2001-01-10,BKNG,13.3125,11.4375,12.375,12.375,750400.0,12.375
2001-01-11,BKNG,16.3125,12.375,12.5625,15.5625,1228700.0,15.5625
2001-01-12,BKNG,18.5625,15.1875,16.5,17.8125,925800.0,17.8125
2001-01-16,BKNG,21.5625,18.5625,19.125,21.0,918900.0,21.0
2001-01-17,BKNG,24.9375,18.75,24.84375,20.0625,1325500.0,20.0625
2001-01-18,BKNG,19.875,14.25,19.6875,17.625,891600.0,17.625
2001-01-19,BKNG,18.375,16.5,18.0,16.6875,435000.0,16.6875
2001-01-22,BKNG,17.0625,15.0,17.0625,16.3125,304600.0,16.3125
2001-01-23,BKNG,16.5,15.1875,16.3125,15.75,330900.0,15.75
2001-01-24,BKNG,17.25,15.1875,15.9375,16.125,464400.0,16.125
2001-01-25,BKNG,16.3125,15.375,16.3125,15.5625,587900.0,15.5625
2001-01-26,BKNG,15.84375,15.375,15.75,15.75,306700.0,15.75
2001-01-29,BKNG,16.3125,15.1875,15.75,15.75,451900.0,15.75
2001-01-30,BKNG,18.375,16.3125,16.5,17.8125,543900.0,17.8125
2001-01-31,BKNG,18.75,15.75,18.375,15.9375,660300.0,15.9375
2001-02-01,BKNG,17.4375,15.5625,16.875,17.0625,202300.0,17.0625
2001-02-02,BKNG,17.625,15.75,17.0625,15.75,229400.0,15.75
2001-02-05,BKNG,16.5,15.5625,16.21875,16.5,200200.0,16.5
2001-02-06,BKNG,17.8125,16.5,16.5,17.8125,276600.0,17.8125
2001-02-07,BKNG,17.625,15.9375,17.625,16.125,138300.0,16.125
2001-02-08,BKNG,19.3125,16.875,17.0625,18.375,627400.0,18.375
2001-02-09,BKNG,18.9375,15.5625,18.5625,16.5,329500.0,16.5
2001-02-12,BKNG,16.875,16.125,16.3125,16.6875,109900.0,16.6875
2001-02-13,BKNG,17.25,15.9375,17.0625,15.9375,135700.0,15.9375
2001-02-14,BKNG,16.5,15.0,16.3125,15.375,147600.0,15.375
2001-02-15,BKNG,18.0,15.0,15.375,18.0,424900.0,18.0
2001-02-16,BKNG,17.625,15.75,17.4375,15.75,385300.0,15.75
2001-02-20,BKNG,17.15625,15.5625,16.875,16.3125,303800.0,16.3125
2001-02-21,BKNG,15.9375,13.875,15.9375,14.4375,264900.0,14.4375
2001-02-22,BKNG,14.4375,11.8125,14.25,12.1875,399000.0,12.1875
2001-02-23,BKNG,17.4375,12.9375,13.3125,15.375,1106200.0,15.375
2001-02-26,BKNG,17.625,15.1875,16.6875,17.25,496600.0,17.25
2001-02-27,BKNG,17.25,15.75,17.25,16.5,174200.0,16.5
2001-02-28,BKNG,16.875,15.1875,16.6875,16.125,202700.0,16.125
2001-03-01,BKNG,15.9375,14.8125,15.375,15.375,347600.0,15.375
2001-03-02,BKNG,15.75,15.0,15.375,15.375,178800.0,15.375
2001-03-05,BKNG,15.9375,15.375,15.75,15.5625,122200.0,15.5625
2001-03-06,BKNG,16.6875,15.375,15.75,16.5,188000.0,16.5
2001-03-07,BKNG,16.875,15.375,16.5,15.75,120100.0,15.75
2001-03-08,BKNG,16.3125,15.1875,15.9375,15.5625,115800.0,15.5625
2001-03-09,BKNG,15.5625,13.3125,15.0,14.4375,242100.0,14.4375
2001-03-12,BKNG,14.4375,13.125,14.25,13.3125,157200.0,13.3125
2001-03-13,BKNG,14.25,12.75,13.3125,14.25,171100.0,14.25
2001-03-14,BKNG,13.6875,13.125,13.6875,13.125,94700.0,13.125
2001-03-15,BKNG,14.625,13.3125,14.625,13.875,110900.0,13.875
2001-03-16,BKNG,14.4375,12.75,14.25,12.75,168600.0,12.75
2001-03-19,BKNG,13.125,12.1875,12.375,12.9375,221800.0,12.9375
2001-03-20,BKNG,13.5,12.5625,12.84375,12.75,174800.0,12.75
2001-03-21,BKNG,13.3125,12.375,12.75,13.125,142900.0,13.125
2001-03-22,BKNG,13.3125,12.1875,13.21875,12.75,304100.0,12.75
2001-03-23,BKNG,13.875,12.75,13.125,13.875,155400.0,13.875
2001-03-26,BKNG,14.0625,13.125,13.5,13.3125,68100.0,13.3125
2001-03-27,BKNG,13.5,12.375,13.5,12.9375,194800.0,12.9375
2001-03-28,BKNG,12.9375,12.375,12.75,12.75,104500.0,12.75
2001-03-29,BKNG,13.3125,12.375,12.5625,13.3125,192300.0,13.3125
2001-03-30,BKNG,15.375,13.125,13.125,15.1875,314000.0,15.1875
2001-04-02,BKNG,20.25,16.125,16.5,18.375,987900.0,18.375
2001-04-03,BKNG,17.4375,15.0,17.25,15.1875,257400.0,15.1875
2001-04-04,BKNG,16.5,15.1875,15.1875,15.75,130900.0,15.75
2001-04-05,BKNG,18.0,15.9375,15.9375,17.0625,199800.0,17.0625
2001-04-06,BKNG,18.0,16.125,16.3125,16.125,115400.0,16.125
2001-04-09,BKNG,18.0,16.440000534057617,16.440000534057617,17.520000457763672,214200.0,17.520000457763672
2001-04-10,BKNG,18.719999313354492,17.34000015258789,17.34000015258789,18.0,241700.0,18.0
2001-04-11,BKNG,19.5,18.1200008392334,18.239999771118164,18.420000076293945,339500.0,18.420000076293945
2001-04-12,BKNG,18.65999984741211,18.0,18.18000030517578,18.600000381469727,119000.0,18.600000381469727
2001-04-16,BKNG,19.020000457763672,18.1200008392334,19.020000457763672,18.360000610351562,161300.0,18.360000610351562
2001-04-17,BKNG,19.200000762939453,17.81999969482422,18.0,18.780000686645508,246100.0,18.780000686645508
2001-04-18,BKNG,20.100000381469727,18.899999618530273,18.959999084472656,19.799999237060547,356400.0,19.799999237060547
2001-04-19,BKNG,24.299999237060547,19.6200008392334,19.6200008392334,22.020000457763672,689000.0,22.020000457763672
2001-04-20,BKNG,24.299999237060547,21.600000381469727,21.65999984741211,22.920000076293945,506500.0,22.920000076293945
2001-04-23,BKNG,22.5,19.079999923706055,22.440000534057617,19.920000076293945,283500.0,19.920000076293945
2001-04-24,BKNG,21.299999237060547,19.559999465942383,19.739999771118164,20.639999389648438,144500.0,20.639999389648438
2001-04-25,BKNG,23.100000381469727,20.81999969482422,20.81999969482422,21.600000381469727,316600.0,21.600000381469727
2001-04-26,BKNG,23.8799991607666,22.440000534057617,22.5,23.219999313354492,241700.0,23.219999313354492
2001-04-27,BKNG,25.200000762939453,23.579999923706055,23.579999923706055,25.200000762939453,445700.0,25.200000762939453
2001-04-30,BKNG,29.219999313354492,26.15999984741211,26.280000686645508,29.100000381469727,625900.0,29.100000381469727
2001-05-01,BKNG,40.31999969482422,33.0,36.29999923706055,39.540000915527344,3198300.0,39.540000915527344
2001-05-02,BKNG,46.7400016784668,41.400001525878906,44.63999938964844,41.7599983215332,4128800.0,41.7599983215332
2001-05-03,BKNG,37.79999923706055,34.20000076293945,36.540000915527344,34.86000061035156,1831400.0,34.86000061035156
2001-05-04,BKNG,37.5,33.0,33.2400016784668,36.47999954223633,1088000.0,36.47999954223633
2001-05-07,BKNG,36.36000061035156,30.600000381469727,36.18000030517578,31.799999237060547,948300.0,31.799999237060547
2001-05-08,BKNG,36.0,30.65999984741211,35.880001068115234,31.139999389648438,1314400.0,31.139999389648438
2001-05-09,BKNG,30.1200008392334,27.899999618530273,30.0,28.559999465942383,908000.0,28.559999465942383
2001-05-10,BKNG,30.0,28.200000762939453,29.940000534057617,29.040000915527344,526000.0,29.040000915527344
2001-05-11,BKNG,29.639999389648438,28.440000534057617,29.040000915527344,28.860000610351562,299000.0,28.860000610351562
2001-05-14,BKNG,28.860000610351562,24.0,28.68000030517578,25.799999237060547,1201900.0,25.799999237060547
2001-05-15,BKNG,29.940000534057617,24.600000381469727,26.15999984741211,26.399999618530273,1102100.0,26.399999618530273
2001-05-16,BKNG,30.18000030517578,24.899999618530273,25.020000457763672,29.81999969482422,1188700.0,29.81999969482422
2001-05-17,BKNG,30.420000076293945,27.899999618530273,30.0,29.940000534057617,899500.0,29.940000534057617
2001-05-18,BKNG,31.139999389648438,28.6200008392334,29.700000762939453,29.639999389648438,257000.0,29.639999389648438
2001-05-21,BKNG,34.91999816894531,29.940000534057617,30.0,34.86000061035156,1480800.0,34.86000061035156
2001-05-22,BKNG,35.70000076293945,33.119998931884766,35.400001525878906,33.2400016784668,861400.0,33.2400016784668
2001-05-23,BKNG,33.41999816894531,31.5,33.36000061035156,31.5,601600.0,31.5
2001-05-24,BKNG,31.020000457763672,30.0,30.059999465942383,30.65999984741211,638300.0,30.65999984741211
2001-05-25,BKNG,32.040000915527344,30.600000381469727,31.5,31.200000762939453,398800.0,31.200000762939453
2001-05-29,BKNG,31.139999389648438,30.0,31.079999923706055,30.1200008392334,239100.0,30.1200008392334
2001-05-30,BKNG,30.0,27.899999618530273,29.940000534057617,29.219999313354492,343900.0,29.219999313354492
2001-05-31,BKNG,33.540000915527344,28.5,28.920000076293945,32.400001525878906,653500.0,32.400001525878906
2001-06-01,BKNG,34.5,31.5,33.119998931884766,31.739999771118164,505800.0,31.739999771118164
2001-06-04,BKNG,33.599998474121094,30.65999984741211,30.959999084472656,31.860000610351562,353500.0,31.860000610351562
2001-06-05,BKNG,33.599998474121094,32.34000015258789,32.34000015258789,32.70000076293945,396300.0,32.70000076293945
2001-06-06,BKNG,43.5,36.599998474121094,37.02000045776367,42.36000061035156,5239100.0,42.36000061035156
2001-06-07,BKNG,48.84000015258789,39.779998779296875,40.7400016784668,46.20000076293945,4336700.0,46.20000076293945
2001-06-08,BKNG,48.599998474121094,45.060001373291016,47.099998474121094,46.2599983215332,2103900.0,46.2599983215332
2001-06-11,BKNG,45.060001373291016,42.0,44.34000015258789,45.0,1103500.0,45.0
2001-06-12,BKNG,44.58000183105469,42.18000030517578,42.540000915527344,43.380001068115234,806200.0,43.380001068115234
2001-06-13,BKNG,48.599998474121094,42.84000015258789,43.380001068115234,46.68000030517578,1469800.0,46.68000030517578
2001-06-14,BKNG,48.0,43.86000061035156,46.20000076293945,47.459999084472656,965800.0,47.459999084472656
2001-06-15,BKNG,50.81999969482422,45.060001373291016,46.2599983215332,48.47999954223633,1439200.0,48.47999954223633
2001-06-18,BKNG,51.0,47.099998474121094,49.439998626708984,47.63999938964844,827200.0,47.63999938964844
2001-06-19,BKNG,49.97999954223633,43.97999954223633,49.02000045776367,45.84000015258789,912800.0,45.84000015258789
2001-06-20,BKNG,45.0,42.599998474121094,43.68000030517578,44.15999984741211,1012000.0,44.15999984741211
2001-06-21,BKNG,44.70000076293945,42.84000015258789,43.86000061035156,44.63999938964844,525200.0,44.63999938964844
2001-06-22,BKNG,48.84000015258789,43.380001068115234,44.63999938964844,46.08000183105469,947900.0,46.08000183105469
2001-06-25,BKNG,46.97999954223633,44.400001525878906,46.619998931884766,45.900001525878906,678400.0,45.900001525878906
2001-06-26,BKNG,46.560001373291016,44.400001525878906,44.880001068115234,45.36000061035156,619200.0,45.36000061035156
2001-06-27,BKNG,47.099998474121094,45.060001373291016,45.060001373291016,46.86000061035156,430600.0,46.86000061035156
2001-06-28,BKNG,49.68000030517578,46.79999923706055,47.279998779296875,48.47999954223633,557700.0,48.47999954223633
2001-06-29,BKNG,54.599998474121094,48.47999954223633,48.84000015258789,54.29999923706055,1380800.0,54.29999923706055
2001-07-02,BKNG,61.619998931884766,52.439998626708984,53.880001068115234,59.459999084472656,2060000.0,59.459999084472656
2001-07-03,BKNG,58.79999923706055,54.900001525878906,58.79999923706055,56.70000076293945,578600.0,56.70000076293945
2001-07-05,BKNG,54.41999816894531,48.47999954223633,54.36000061035156,50.279998779296875,1528900.0,50.279998779296875
2001-07-06,BKNG,48.36000061035156,43.79999923706055,47.81999969482422,46.97999954223633,1536100.0,46.97999954223633
2001-07-09,BKNG,52.5,46.2599983215332,51.540000915527344,46.79999923706055,2062700.0,46.79999923706055
2001-07-10,BKNG,47.939998626708984,46.5,47.81999969482422,47.040000915527344,977700.0,47.040000915527344
2001-07-11,BKNG,47.400001525878906,44.81999969482422,46.7400016784668,46.86000061035156,458600.0,46.86000061035156
2001-07-12,BKNG,49.31999969482422,47.099998474121094,49.13999938964844,48.0,651200.0,48.0
2001-07-13,BKNG,52.79999923706055,46.97999954223633,48.18000030517578,52.20000076293945,826600.0,52.20000076293945
2001-07-16,BKNG,55.5,48.0,54.599998474121094,52.439998626708984,1527300.0,52.439998626708984
2001-07-17,BKNG,55.20000076293945,49.91999816894531,49.97999954223633,54.060001373291016,834800.0,54.060001373291016
2001-07-18,BKNG,55.08000183105469,51.0,52.2599983215332,52.97999954223633,619200.0,52.97999954223633
2001-07-19,BKNG,54.599998474121094,48.2400016784668,54.18000030517578,50.52000045776367,800700.0,50.52000045776367
2001-07-20,BKNG,51.0,48.2400016784668,49.619998931884766,50.279998779296875,493300.0,50.279998779296875
2001-07-23,BKNG,51.540000915527344,49.91999816894531,50.15999984741211,50.70000076293945,332800.0,50.70000076293945
2001-07-24,BKNG,50.34000015258789,47.400001525878906,49.7400016784668,47.58000183105469,474100.0,47.58000183105469
2001-07-25,BKNG,50.040000915527344,44.400001525878906,48.060001373291016,49.619998931884766,483800.0,49.619998931884766
2001-07-26,BKNG,51.0,48.41999816894531,49.86000061035156,50.279998779296875,297900.0,50.279998779296875
2001-07-27,BKNG,50.7599983215332,47.58000183105469,49.97999954223633,48.29999923706055,258900.0,48.29999923706055
2001-07-30,BKNG,51.0,48.65999984741211,48.84000015258789,50.939998626708984,822900.0,50.939998626708984
2001-07-31,BKNG,54.540000915527344,50.220001220703125,52.20000076293945,53.220001220703125,2224500.0,53.220001220703125
2001-08-01,BKNG,62.099998474121094,54.0,61.5,57.119998931884766,5628600.0,57.119998931884766
2001-08-02,BKNG,56.400001525878906,53.400001525878906,56.040000915527344,53.58000183105469,2012100.0,53.58000183105469
2001-08-03,BKNG,52.91999816894531,51.36000061035156,52.79999923706055,51.959999084472656,766600.0,51.959999084472656
2001-08-06,BKNG,52.619998931884766,50.7599983215332,51.540000915527344,52.08000183105469,396100.0,52.08000183105469
2001-08-07,BKNG,54.060001373291016,51.29999923706055,51.41999816894531,54.0,398700.0,54.0
2001-08-08,BKNG,54.0,50.7599983215332,53.400001525878906,50.81999969482422,395600.0,50.81999969482422
2001-08-09,BKNG,50.70000076293945,47.279998779296875,50.400001525878906,48.599998474121094,527500.0,48.599998474121094
2001-08-10,BKNG,48.599998474121094,45.599998474121094,47.63999938964844,46.20000076293945,445400.0,46.20000076293945
2001-08-13,BKNG,50.099998474121094,46.13999938964844,48.18000030517578,49.7400016784668,467500.0,49.7400016784668
2001-08-14,BKNG,50.459999084472656,48.18000030517578,49.97999954223633,48.36000061035156,441900.0,48.36000061035156
2001-08-15,BKNG,48.720001220703125,44.7599983215332,48.599998474121094,45.18000030517578,472400.0,45.18000030517578
2001-08-16,BKNG,44.52000045776367,37.79999923706055,44.220001220703125,42.060001373291016,2534000.0,42.060001373291016
2001-08-17,BKNG,41.099998474121094,38.459999084472656,40.13999938964844,39.18000030517578,638400.0,39.18000030517578
2001-08-20,BKNG,41.099998474121094,39.0,39.720001220703125,39.599998474121094,328100.0,39.599998474121094
2001-08-21,BKNG,41.220001220703125,37.79999923706055,40.560001373291016,38.099998474121094,345400.0,38.099998474121094
2001-08-22,BKNG,39.18000030517578,33.65999984741211,38.880001068115234,34.79999923706055,730000.0,34.79999923706055
2001-08-23,BKNG,35.040000915527344,30.959999084472656,34.2599983215332,31.5,519200.0,31.5
2001-08-24,BKNG,35.81999969482422,31.920000076293945,32.70000076293945,34.7400016784668,689800.0,34.7400016784668
2001-08-27,BKNG,36.47999954223633,34.439998626708984,35.040000915527344,34.560001373291016,396400.0,34.560001373291016
2001-08-28,BKNG,34.79999923706055,31.799999237060547,34.68000030517578,34.380001068115234,355000.0,34.380001068115234
2001-08-29,BKNG,34.619998931884766,32.34000015258789,34.2599983215332,33.84000015258789,453800.0,33.84000015258789
2001-08-30,BKNG,33.36000061035156,31.979999542236328,32.400001525878906,32.7599983215332,307300.0,32.7599983215332
2001-08-31,BKNG,33.900001525878906,32.400001525878906,32.939998626708984,33.119998931884766,235600.0,33.119998931884766
2001-09-04,BKNG,35.459999084472656,32.7599983215332,33.599998474121094,33.0,405900.0,33.0
2001-09-05,BKNG,33.720001220703125,29.760000228881836,33.599998474121094,32.400001525878906,662300.0,32.400001525878906
2001-09-06,BKNG,31.5,29.219999313354492,31.020000457763672,29.700000762939453,681700.0,29.700000762939453
2001-09-07,BKNG,30.600000381469727,27.84000015258789,29.15999984741211,30.0,357200.0,30.0
2001-09-10,BKNG,31.139999389648438,29.280000686645508,29.760000228881836,30.0,559000.0,30.0
2001-09-17,BKNG,19.799999237060547,15.0600004196167,18.1200008392334,18.059999465942383,3415800.0,18.059999465942383
2001-09-18,BKNG,18.299999237060547,12.180000305175781,18.059999465942383,14.100000381469727,3499700.0,14.100000381469727
2001-09-19,BKNG,13.739999771118164,10.800000190734863,13.5600004196167,12.180000305175781,2789100.0,12.180000305175781
2001-09-20,BKNG,15.0,12.119999885559082,12.180000305175781,13.739999771118164,1959600.0,13.739999771118164
2001-09-21,BKNG,14.699999809265137,12.420000076293945,13.739999771118164,13.859999656677246,924400.0,13.859999656677246
2001-09-24,BKNG,15.420000076293945,14.640000343322754,15.0,15.119999885559082,1450300.0,15.119999885559082
2001-09-25,BKNG,15.779999732971191,15.0,15.180000305175781,15.779999732971191,1135500.0,15.779999732971191
2001-09-26,BKNG,19.200000762939453,15.779999732971191,16.079999923706055,18.299999237060547,1375800.0,18.299999237060547
2001-09-27,BKNG,21.0,17.100000381469727,19.200000762939453,20.280000686645508,984200.0,20.280000686645508
2001-09-28,BKNG,24.540000915527344,20.520000457763672,21.360000610351562,22.739999771118164,917000.0,22.739999771118164
2001-10-01,BKNG,21.899999618530273,18.65999984741211,21.899999618530273,21.479999542236328,668200.0,21.479999542236328
2001-10-02,BKNG,22.5,19.31999969482422,20.100000381469727,22.020000457763672,689800.0,22.020000457763672
2001-10-03,BKNG,26.459999084472656,23.639999389648438,26.399999618530273,24.059999465942383,1611900.0,24.059999465942383
2001-10-04,BKNG,26.219999313354492,23.81999969482422,25.139999389648438,23.940000534057617,787400.0,23.940000534057617
2001-10-05,BKNG,23.8799991607666,21.360000610351562,23.399999618530273,22.860000610351562,463000.0,22.860000610351562
2001-10-08,BKNG,21.65999984741211,19.5,20.520000457763672,21.059999465942383,412400.0,21.059999465942383
2001-10-09,BKNG,21.1200008392334,20.280000686645508,21.059999465942383,20.520000457763672,143400.0,20.520000457763672
2001-10-10,BKNG,24.0,20.700000762939453,20.8799991607666,22.739999771118164,554400.0,22.739999771118164
2001-10-11,BKNG,25.5,23.459999084472656,24.959999084472656,23.700000762939453,673600.0,23.700000762939453
2001-10-12,BKNG,24.0,21.84000015258789,23.399999618530273,23.219999313354492,360800.0,23.219999313354492
2001-10-15,BKNG,24.0,21.65999984741211,21.719999313354492,23.520000457763672,171000.0,23.520000457763672
2001-10-16,BKNG,26.219999313354492,23.399999618530273,23.700000762939453,25.5,557200.0,25.5
2001-10-17,BKNG,27.0,22.799999237060547,26.34000015258789,23.399999618530273,507500.0,23.399999618530273
2001-10-18,BKNG,23.940000534057617,21.780000686645508,23.940000534057617,22.200000762939453,325000.0,22.200000762939453
2001-10-19,BKNG,22.860000610351562,21.84000015258789,21.959999084472656,22.799999237060547,238400.0,22.799999237060547
2001-10-22,BKNG,23.700000762939453,22.260000228881836,23.15999984741211,23.700000762939453,153900.0,23.700000762939453
2001-10-23,BKNG,25.68000030517578,23.100000381469727,23.700000762939453,23.940000534057617,473700.0,23.940000534057617
2001-10-24,BKNG,25.5,22.979999542236328,24.18000030517578,23.81999969482422,529300.0,23.81999969482422
2001-10-25,BKNG,24.1200008392334,22.799999237060547,23.280000686645508,23.579999923706055,385600.0,23.579999923706055
2001-10-26,BKNG,26.15999984741211,22.739999771118164,22.799999237060547,26.040000915527344,1020500.0,26.040000915527344
2001-10-29,BKNG,29.100000381469727,25.200000762939453,25.6200008392334,28.860000610351562,651300.0,28.860000610351562
2001-10-30,BKNG,27.899999618530273,25.260000228881836,27.65999984741211,27.18000030517578,421600.0,27.18000030517578
2001-10-31,BKNG,29.700000762939453,27.0,27.239999771118164,28.860000610351562,485300.0,28.860000610351562
2001-11-01,BKNG,29.81999969482422,25.799999237060547,29.459999084472656,26.399999618530273,732000.0,26.399999618530273
2001-11-02,BKNG,29.760000228881836,27.0,29.34000015258789,27.0,726100.0,27.0
2001-11-05,BKNG,27.540000915527344,24.719999313354492,27.1200008392334,25.979999542236328,516400.0,25.979999542236328
2001-11-06,BKNG,27.360000610351562,25.559999465942383,26.100000381469727,26.579999923706055,393300.0,26.579999923706055
2001-11-07,BKNG,27.540000915527344,26.219999313354492,26.280000686645508,27.0,321200.0,27.0
2001-11-08,BKNG,27.899999618530273,26.459999084472656,27.18000030517578,26.639999389648438,449800.0,26.639999389648438
2001-11-09,BKNG,27.1200008392334,26.700000762939453,26.700000762939453,27.0,258100.0,27.0
2001-11-12,BKNG,27.1200008392334,22.799999237060547,27.0,25.68000030517578,703100.0,25.68000030517578
2001-11-13,BKNG,26.700000762939453,26.100000381469727,26.579999923706055,26.579999923706055,284100.0,26.579999923706055
2001-11-14,BKNG,27.18000030517578,25.979999542236328,26.81999969482422,26.579999923706055,799900.0,26.579999923706055
2001-11-15,BKNG,27.479999542236328,26.219999313354492,26.219999313354492,27.059999465942383,267100.0,27.059999465942383
2001-11-16,BKNG,27.540000915527344,25.020000457763672,27.299999237060547,25.5,909300.0,25.5
2001-11-19,BKNG,26.34000015258789,24.0,26.100000381469727,24.479999542236328,612500.0,24.479999542236328
2001-11-20,BKNG,24.959999084472656,23.8799991607666,24.299999237060547,24.0,307900.0,24.0
2001-11-21,BKNG,24.239999771118164,22.799999237060547,22.799999237060547,24.0,251300.0,24.0
2001-11-23,BKNG,24.360000610351562,23.81999969482422,24.299999237060547,24.0,88300.0,24.0
2001-11-26,BKNG,25.020000457763672,23.81999969482422,24.1200008392334,24.84000015258789,356500.0,24.84000015258789
2001-11-27,BKNG,24.959999084472656,24.0,24.899999618530273,24.719999313354492,720200.0,24.719999313354492
2001-11-28,BKNG,24.899999618530273,24.0,24.420000076293945,24.059999465942383,259700.0,24.059999465942383
2001-11-29,BKNG,24.719999313354492,24.059999465942383,24.1200008392334,24.600000381469727,211500.0,24.600000381469727
2001-11-30,BKNG,27.540000915527344,24.479999542236328,24.780000686645508,25.200000762939453,764600.0,25.200000762939453
2001-12-03,BKNG,25.799999237060547,24.719999313354492,25.3799991607666,24.899999618530273,226700.0,24.899999618530273
2001-12-04,BKNG,25.440000534057617,24.059999465942383,25.3799991607666,24.780000686645508,377700.0,24.780000686645508
2001-12-05,BKNG,26.459999084472656,24.600000381469727,24.899999618530273,25.5,520500.0,25.5
2001-12-06,BKNG,26.280000686645508,24.780000686645508,25.799999237060547,25.559999465942383,298800.0,25.559999465942383
2001-12-07,BKNG,27.600000381469727,25.260000228881836,25.559999465942383,27.299999237060547,491400.0,27.299999237060547
2001-12-10,BKNG,28.979999542236328,26.8799991607666,26.8799991607666,28.5,391800.0,28.5
2001-12-11,BKNG,34.20000076293945,28.68000030517578,28.68000030517578,33.41999816894531,1438300.0,33.41999816894531
2001-12-12,BKNG,35.7599983215332,30.959999084472656,33.41999816894531,34.380001068115234,933900.0,34.380001068115234
2001-12-13,BKNG,34.97999954223633,31.739999771118164,32.70000076293945,33.47999954223633,533100.0,33.47999954223633
2001-12-14,BKNG,33.0,30.899999618530273,32.880001068115234,32.220001220703125,335900.0,32.220001220703125
2001-12-17,BKNG,33.84000015258789,31.200000762939453,31.799999237060547,33.41999816894531,365300.0,33.41999816894531
2001-12-18,BKNG,39.720001220703125,35.279998779296875,38.81999969482422,37.560001373291016,2618500.0,37.560001373291016
2001-12-19,BKNG,37.380001068115234,36.0,36.119998931884766,36.119998931884766,453000.0,36.119998931884766
2001-12-20,BKNG,35.880001068115234,32.220001220703125,34.560001373291016,32.70000076293945,984700.0,32.70000076293945
2001-12-21,BKNG,33.599998474121094,31.31999969482422,32.63999938964844,32.459999084472656,384000.0,32.459999084472656
2001-12-24,BKNG,32.880001068115234,30.959999084472656,32.7599983215332,31.559999465942383,135300.0,31.559999465942383
2001-12-26,BKNG,34.619998931884766,31.799999237060547,31.920000076293945,32.58000183105469,228100.0,32.58000183105469
2001-12-27,BKNG,35.58000183105469,32.81999969482422,33.060001373291016,34.619998931884766,352800.0,34.619998931884766
2001-12-28,BKNG,36.0,34.619998931884766,35.400001525878906,35.220001220703125,336200.0,35.220001220703125
2001-12-31,BKNG,35.34000015258789,34.31999969482422,34.79999923706055,34.91999816894531,244700.0,34.91999816894531
2002-01-02,BKNG,35.400001525878906,33.41999816894531,35.040000915527344,35.099998474121094,229900.0,35.099998474121094
2002-01-03,BKNG,36.119998931884766,34.20000076293945,35.220001220703125,35.52000045776367,231800.0,35.52000045776367
2002-01-04,BKNG,37.02000045776367,33.900001525878906,35.220001220703125,35.279998779296875,542100.0,35.279998779296875
2002-01-07,BKNG,36.36000061035156,34.380001068115234,35.58000183105469,35.279998779296875,293600.0,35.279998779296875
2002-01-08,BKNG,34.97999954223633,33.0,34.79999923706055,33.41999816894531,335400.0,33.41999816894531
2002-01-09,BKNG,34.560001373291016,33.0,33.36000061035156,33.720001220703125,269600.0,33.720001220703125
2002-01-10,BKNG,34.97999954223633,32.15999984741211,33.2400016784668,34.560001373291016,350900.0,34.560001373291016
2002-01-11,BKNG,35.63999938964844,33.29999923706055,34.97999954223633,34.2599983215332,221500.0,34.2599983215332
2002-01-14,BKNG,34.79999923706055,33.119998931884766,33.779998779296875,34.2599983215332,288500.0,34.2599983215332
2002-01-15,BKNG,35.70000076293945,33.599998474121094,34.13999938964844,35.52000045776367,229200.0,35.52000045776367
2002-01-16,BKNG,35.400001525878906,33.540000915527344,34.5,33.779998779296875,169000.0,33.779998779296875
2002-01-17,BKNG,34.560001373291016,33.29999923706055,34.31999969482422,33.84000015258789,120400.0,33.84000015258789
2002-01-18,BKNG,34.79999923706055,33.0,33.540000915527344,33.119998931884766,219200.0,33.119998931884766
2002-01-22,BKNG,36.0,33.779998779296875,34.02000045776367,34.619998931884766,619900.0,34.619998931884766
2002-01-23,BKNG,35.400001525878906,33.599998474121094,34.86000061035156,35.279998779296875,377100.0,35.279998779296875
2002-01-24,BKNG,36.0,34.439998626708984,35.34000015258789,34.68000030517578,182100.0,34.68000030517578
2002-01-25,BKNG,35.70000076293945,34.5,34.7400016784668,34.79999923706055,119800.0,34.79999923706055
2002-01-28,BKNG,38.58000183105469,35.459999084472656,35.58000183105469,37.91999816894531,848600.0,37.91999816894531
2002-01-29,BKNG,40.7400016784668,35.099998474121094,39.779998779296875,35.880001068115234,1139300.0,35.880001068115234
2002-01-30,BKNG,37.86000061035156,35.70000076293945,37.08000183105469,36.060001373291016,572500.0,36.060001373291016
2002-01-31,BKNG,38.15999984741211,35.7599983215332,36.84000015258789,37.79999923706055,1030300.0,37.79999923706055
2002-02-01,BKNG,41.34000015258789,36.720001220703125,40.20000076293945,37.91999816894531,1892700.0,37.91999816894531
2002-02-04,BKNG,35.880001068115234,28.799999237060547,35.7599983215332,28.979999542236328,1946900.0,28.979999542236328
2002-02-05,BKNG,27.479999542236328,23.8799991607666,27.420000076293945,24.479999542236328,1449600.0,24.479999542236328
2002-02-06,BKNG,26.399999618530273,23.34000015258789,24.899999618530273,24.0,565400.0,24.0
2002-02-07,BKNG,25.5,23.280000686645508,24.0,24.239999771118164,380600.0,24.239999771118164
2002-02-08,BKNG,25.440000534057617,24.239999771118164,24.899999618530273,24.959999084472656,314900.0,24.959999084472656
2002-02-11,BKNG,25.6200008392334,24.959999084472656,25.440000534057617,25.200000762939453,240500.0,25.200000762939453
2002-02-12,BKNG,25.260000228881836,24.299999237060547,24.959999084472656,24.719999313354492,239400.0,24.719999313354492
2002-02-13,BKNG,25.020000457763672,23.399999618530273,24.719999313354492,24.0,280500.0,24.0
2002-02-14,BKNG,24.600000381469727,23.700000762939453,24.0,23.760000228881836,206600.0,23.760000228881836
2002-02-15,BKNG,24.299999237060547,22.440000534057617,23.8799991607666,23.520000457763672,207400.0,23.520000457763672
2002-02-19,BKNG,23.15999984741211,21.899999618530273,23.040000915527344,22.020000457763672,236600.0,22.020000457763672
2002-02-20,BKNG,23.34000015258789,22.260000228881836,22.3799991607666,23.280000686645508,155100.0,23.280000686645508
2002-02-21,BKNG,25.920000076293945,23.040000915527344,23.579999923706055,24.18000030517578,431400.0,24.18000030517578
2002-02-22,BKNG,26.8799991607666,23.8799991607666,24.719999313354492,25.6200008392334,672600.0,25.6200008392334
2002-02-25,BKNG,26.760000228881836,24.719999313354492,26.760000228881836,25.799999237060547,511700.0,25.799999237060547
2002-02-26,BKNG,26.81999969482422,25.68000030517578,26.34000015258789,26.399999618530273,334900.0,26.399999618530273
2002-02-27,BKNG,26.8799991607666,26.15999984741211,26.520000457763672,26.399999618530273,209800.0,26.399999618530273
2002-02-28,BKNG,26.760000228881836,23.81999969482422,26.760000228881836,24.0,370000.0,24.0
2002-03-01,BKNG,25.3799991607666,24.1200008392334,24.18000030517578,25.3799991607666,288400.0,25.3799991607666
2002-03-04,BKNG,27.239999771118164,25.440000534057617,25.979999542236328,26.459999084472656,619500.0,26.459999084472656
2002-03-05,BKNG,27.959999084472656,26.040000915527344,26.459999084472656,27.600000381469727,668700.0,27.600000381469727
2002-03-06,BKNG,31.200000762939453,26.760000228881836,27.540000915527344,30.0,1532000.0,30.0
2002-03-07,BKNG,30.600000381469727,28.6200008392334,30.600000381469727,28.799999237060547,702400.0,28.799999237060547
2002-03-08,BKNG,31.200000762939453,28.799999237060547,29.399999618530273,29.760000228881836,618900.0,29.760000228881836
2002-03-11,BKNG,32.63999938964844,30.899999618530273,31.260000228881836,32.099998474121094,1139600.0,32.099998474121094
2002-03-12,BKNG,31.799999237060547,30.1200008392334,31.739999771118164,31.139999389648438,542300.0,31.139999389648438
2002-03-13,BKNG,32.400001525878906,31.139999389648438,31.260000228881836,31.5,484700.0,31.5
2002-03-14,BKNG,32.52000045776367,30.899999618530273,32.15999984741211,31.260000228881836,569900.0,31.260000228881836
2002-03-15,BKNG,31.3799991607666,29.700000762939453,30.959999084472656,30.299999237060547,383000.0,30.299999237060547
2002-03-18,BKNG,31.5,30.0,30.84000015258789,31.200000762939453,313400.0,31.200000762939453
2002-03-19,BKNG,32.220001220703125,30.899999618530273,31.5,31.799999237060547,311300.0,31.799999237060547
2002-03-20,BKNG,32.040000915527344,31.020000457763672,31.260000228881836,31.860000610351562,229600.0,31.860000610351562
2002-03-21,BKNG,33.119998931884766,31.860000610351562,31.920000076293945,33.0,361000.0,33.0
2002-03-22,BKNG,33.779998779296875,32.400001525878906,33.0,32.63999938964844,274200.0,32.63999938964844
2002-03-25,BKNG,33.0,30.899999618530273,32.880001068115234,32.400001525878906,321600.0,32.400001525878906
2002-03-26,BKNG,32.400001525878906,30.479999542236328,31.6200008392334,31.68000030517578,177700.0,31.68000030517578
2002-03-27,BKNG,32.400001525878906,30.899999618530273,31.3799991607666,31.979999542236328,162600.0,31.979999542236328
2002-03-28,BKNG,32.58000183105469,30.899999618530273,32.099998474121094,31.3799991607666,184100.0,31.3799991607666
2002-04-01,BKNG,32.58000183105469,30.600000381469727,31.200000762939453,31.6200008392334,261100.0,31.6200008392334
2002-04-02,BKNG,31.799999237060547,30.899999618530273,31.020000457763672,30.959999084472656,242900.0,30.959999084472656
2002-04-03,BKNG,31.200000762939453,25.5,30.959999084472656,28.200000762939453,619900.0,28.200000762939453
2002-04-04,BKNG,28.5,27.059999465942383,27.420000076293945,27.479999542236328,205700.0,27.479999542236328
2002-04-05,BKNG,28.799999237060547,27.0,27.540000915527344,27.479999542236328,198600.0,27.479999542236328
2002-04-08,BKNG,27.719999313354492,25.5,26.459999084472656,27.600000381469727,232100.0,27.600000381469727
2002-04-09,BKNG,28.860000610351562,26.34000015258789,27.84000015258789,26.940000534057617,174100.0,26.940000534057617
2002-04-10,BKNG,26.760000228881836,23.8799991607666,26.700000762939453,24.299999237060547,519800.0,24.299999237060547
2002-04-11,BKNG,25.079999923706055,23.100000381469727,24.18000030517578,23.100000381469727,495300.0,23.100000381469727
2002-04-12,BKNG,24.719999313354492,23.219999313354492,23.700000762939453,23.81999969482422,383100.0,23.81999969482422
2002-04-15,BKNG,26.940000534057617,25.6200008392334,26.280000686645508,26.219999313354492,476600.0,26.219999313354492
2002-04-16,BKNG,28.739999771118164,26.940000534057617,27.0,28.31999969482422,299000.0,28.31999969482422
2002-04-17,BKNG,29.100000381469727,27.299999237060547,28.6200008392334,28.31999969482422,248600.0,28.31999969482422
2002-04-18,BKNG,28.799999237060547,26.579999923706055,27.780000686645508,28.020000457763672,295000.0,28.020000457763672
2002-04-19,BKNG,29.8799991607666,27.899999618530273,28.739999771118164,28.860000610351562,213400.0,28.860000610351562
2002-04-22,BKNG,30.0,28.6200008392334,28.920000076293945,29.81999969482422,268600.0,29.81999969482422
2002-04-23,BKNG,30.0,28.6200008392334,29.940000534057617,28.739999771118164,208200.0,28.739999771118164
2002-04-24,BKNG,30.360000610351562,28.860000610351562,29.639999389648438,28.979999542236328,213800.0,28.979999542236328
2002-04-25,BKNG,30.540000915527344,28.31999969482422,28.799999237060547,30.479999542236328,404400.0,30.479999542236328
2002-04-26,BKNG,31.5,29.940000534057617,30.600000381469727,31.139999389648438,415100.0,31.139999389648438
2002-04-29,BKNG,31.559999465942383,27.899999618530273,31.3799991607666,29.280000686645508,343000.0,29.280000686645508
2002-04-30,BKNG,31.200000762939453,29.040000915527344,29.34000015258789,30.239999771118164,395900.0,30.239999771118164
2002-05-01,BKNG,31.739999771118164,29.639999389648438,30.600000381469727,31.5,774100.0,31.5
2002-05-02,BKNG,27.719999313354492,24.0,27.0,24.540000915527344,1395000.0,24.540000915527344
2002-05-03,BKNG,25.3799991607666,24.420000076293945,24.959999084472656,25.079999923706055,334000.0,25.079999923706055
2002-05-06,BKNG,25.799999237060547,22.979999542236328,25.020000457763672,23.100000381469727,313000.0,23.100000381469727
2002-05-07,BKNG,24.540000915527344,19.739999771118164,23.940000534057617,21.0,937900.0,21.0
2002-05-08,BKNG,24.899999618530273,21.600000381469727,22.139999389648438,24.600000381469727,470000.0,24.600000381469727
2002-05-09,BKNG,24.65999984741211,23.700000762939453,24.299999237060547,24.0,298800.0,24.0
2002-05-10,BKNG,24.360000610351562,23.579999923706055,24.1200008392334,23.700000762939453,167500.0,23.700000762939453
2002-05-13,BKNG,25.5,23.760000228881836,23.81999969482422,25.440000534057617,170800.0,25.440000534057617
2002-05-14,BKNG,27.059999465942383,25.920000076293945,25.920000076293945,26.280000686645508,230500.0,26.280000686645508
2002-05-15,BKNG,27.0,24.1200008392334,25.860000610351562,24.959999084472656,225900.0,24.959999084472656
2002-05-16,BKNG,24.959999084472656,24.0,24.959999084472656,24.600000381469727,227400.0,24.600000381469727
2002-05-17,BKNG,26.219999313354492,24.420000076293945,24.719999313354492,25.920000076293945,197900.0,25.920000076293945
2002-05-20,BKNG,25.920000076293945,24.600000381469727,25.6200008392334,24.780000686645508,166500.0,24.780000686645508
2002-05-21,BKNG,25.200000762939453,24.1200008392334,24.780000686645508,24.239999771118164,133800.0,24.239999771118164
2002-05-22,BKNG,24.540000915527344,23.399999618530273,24.1200008392334,23.579999923706055,176400.0,23.579999923706055
2002-05-23,BKNG,26.280000686645508,24.959999084472656,25.139999389648438,25.979999542236328,358200.0,25.979999542236328
2002-05-24,BKNG,25.920000076293945,25.079999923706055,25.860000610351562,25.260000228881836,126700.0,25.260000228881836
2002-05-28,BKNG,25.68000030517578,24.1200008392334,25.5,24.299999237060547,168800.0,24.299999237060547
2002-05-29,BKNG,25.260000228881836,24.18000030517578,24.420000076293945,24.600000381469727,91300.0,24.600000381469727
2002-05-30,BKNG,24.719999313354492,24.059999465942383,24.299999237060547,24.420000076293945,77100.0,24.420000076293945
2002-05-31,BKNG,24.84000015258789,23.940000534057617,24.719999313354492,24.18000030517578,109800.0,24.18000030517578
2002-06-03,BKNG,24.600000381469727,23.639999389648438,24.479999542236328,24.059999465942383,107500.0,24.059999465942383
2002-06-04,BKNG,24.540000915527344,23.639999389648438,23.639999389648438,24.18000030517578,121600.0,24.18000030517578
2002-06-05,BKNG,24.360000610351562,23.15999984741211,24.299999237060547,23.34000015258789,158500.0,23.34000015258789
2002-06-06,BKNG,23.34000015258789,22.5,23.34000015258789,22.6200008392334,130400.0,22.6200008392334
2002-06-07,BKNG,23.700000762939453,21.299999237060547,22.5,22.979999542236328,232000.0,22.979999542236328
2002-06-10,BKNG,27.540000915527344,24.059999465942383,24.1200008392334,26.579999923706055,831600.0,26.579999923706055
2002-06-11,BKNG,26.520000457763672,24.719999313354492,26.459999084472656,24.84000015258789,238900.0,24.84000015258789
2002-06-12,BKNG,25.079999923706055,23.459999084472656,24.65999984741211,24.600000381469727,154200.0,24.600000381469727
2002-06-13,BKNG,25.739999771118164,24.299999237060547,24.899999618530273,24.540000915527344,102500.0,24.540000915527344
2002-06-14,BKNG,24.600000381469727,23.8799991607666,24.420000076293945,24.059999465942383,114500.0,24.059999465942383
2002-06-17,BKNG,26.459999084472656,24.239999771118164,24.239999771118164,26.040000915527344,385400.0,26.040000915527344
2002-06-18,BKNG,26.459999084472656,25.6200008392334,25.920000076293945,25.799999237060547,107700.0,25.799999237060547
2002-06-19,BKNG,25.799999237060547,24.299999237060547,25.559999465942383,24.360000610351562,156900.0,24.360000610351562
2002-06-20,BKNG,25.31999969482422,24.059999465942383,24.299999237060547,24.540000915527344,174400.0,24.540000915527344
2002-06-21,BKNG,25.200000762939453,23.399999618530273,24.600000381469727,23.399999618530273,268500.0,23.399999618530273
2002-06-24,BKNG,23.34000015258789,21.059999465942383,23.219999313354492,21.600000381469727,549400.0,21.600000381469727
2002-06-25,BKNG,23.040000915527344,21.899999618530273,22.020000457763672,22.799999237060547,156300.0,22.799999237060547
2002-06-26,BKNG,18.0,14.880000114440918,17.8799991607666,16.979999542236328,1128100.0,16.979999542236328
2002-06-27,BKNG,18.18000030517578,15.479999542236328,17.760000228881836,17.15999984741211,315300.0,17.15999984741211
2002-06-28,BKNG,17.760000228881836,15.65999984741211,16.920000076293945,16.739999771118164,386500.0,16.739999771118164
2002-07-01,BKNG,16.799999237060547,15.180000305175781,16.799999237060547,15.420000076293945,213700.0,15.420000076293945
2002-07-02,BKNG,15.539999961853027,13.079999923706055,15.420000076293945,13.859999656677246,238300.0,13.859999656677246
2002-07-03,BKNG,14.399999618530273,13.5,13.680000305175781,13.859999656677246,219600.0,13.859999656677246
2002-07-05,BKNG,15.180000305175781,14.579999923706055,14.760000228881836,14.880000114440918,151700.0,14.880000114440918
2002-07-08,BKNG,15.300000190734863,13.5,15.0,13.739999771118164,231000.0,13.739999771118164
2002-07-09,BKNG,14.880000114440918,13.800000190734863,13.920000076293945,14.34000015258789,159100.0,14.34000015258789
2002-07-10,BKNG,15.539999961853027,14.15999984741211,14.640000343322754,14.520000457763672,168600.0,14.520000457763672
2002-07-11,BKNG,14.760000228881836,13.619999885559082,14.399999618530273,13.859999656677246,153700.0,13.859999656677246
2002-07-12,BKNG,14.819999694824219,13.979999542236328,14.279999732971191,14.220000267028809,129700.0,14.220000267028809
2002-07-15,BKNG,15.0,14.100000381469727,14.220000267028809,14.460000038146973,112200.0,14.460000038146973
2002-07-16,BKNG,15.84000015258789,14.34000015258789,14.819999694824219,15.300000190734863,136700.0,15.300000190734863
2002-07-17,BKNG,16.920000076293945,15.180000305175781,15.479999542236328,16.5,209900.0,16.5
2002-07-18,BKNG,16.920000076293945,15.300000190734863,16.200000762939453,15.300000190734863,143100.0,15.300000190734863
2002-07-19,BKNG,16.5,14.100000381469727,15.239999771118164,15.239999771118164,187300.0,15.239999771118164
2002-07-22,BKNG,15.0,14.15999984741211,14.579999923706055,14.699999809265137,129500.0,14.699999809265137
2002-07-23,BKNG,15.0,12.359999656677246,14.880000114440918,12.720000267028809,187100.0,12.720000267028809
2002-07-24,BKNG,13.140000343322754,11.399999618530273,12.119999885559082,12.960000038146973,630900.0,12.960000038146973
2002-07-25,BKNG,13.020000457763672,10.920000076293945,12.960000038146973,11.279999732971191,404000.0,11.279999732971191
2002-07-26,BKNG,11.9399995803833,10.199999809265137,11.9399995803833,10.319999694824219,500600.0,10.319999694824219
2002-07-29,BKNG,11.760000228881836,10.800000190734863,11.640000343322754,11.279999732971191,639800.0,11.279999732971191
2002-07-30,BKNG,11.760000228881836,10.800000190734863,11.760000228881836,11.039999961853027,353700.0,11.039999961853027
2002-07-31,BKNG,11.399999618530273,10.800000190734863,11.34000015258789,11.100000381469727,619000.0,11.100000381469727
2002-08-01,BKNG,14.399999618530273,12.0,14.15999984741211,12.0,1709700.0,12.0
2002-08-02,BKNG,13.140000343322754,11.880000114440918,12.420000076293945,12.119999885559082,803100.0,12.119999885559082
2002-08-05,BKNG,12.479999542236328,11.699999809265137,12.239999771118164,11.699999809265137,408700.0,11.699999809265137
2002-08-06,BKNG,12.600000381469727,11.819999694824219,12.0600004196167,12.180000305175781,641400.0,12.180000305175781
2002-08-07,BKNG,12.720000267028809,12.119999885559082,12.539999961853027,12.180000305175781,378700.0,12.180000305175781
2002-08-08,BKNG,12.359999656677246,12.119999885559082,12.300000190734863,12.239999771118164,176300.0,12.239999771118164
2002-08-09,BKNG,12.600000381469727,12.0,12.0600004196167,12.180000305175781,176300.0,12.180000305175781
2002-08-12,BKNG,13.5,12.0,12.180000305175781,13.380000114440918,300100.0,13.380000114440918
2002-08-13,BKNG,14.039999961853027,12.180000305175781,13.319999694824219,12.899999618530273,919600.0,12.899999618530273
2002-08-14,BKNG,13.5,12.479999542236328,12.720000267028809,13.380000114440918,142200.0,13.380000114440918
2002-08-15,BKNG,13.4399995803833,12.720000267028809,13.199999809265137,13.079999923706055,129900.0,13.079999923706055
2002-08-16,BKNG,13.380000114440918,12.720000267028809,13.079999923706055,13.260000228881836,122400.0,13.260000228881836
2002-08-19,BKNG,13.920000076293945,12.960000038146973,13.140000343322754,13.800000190734863,127300.0,13.800000190734863
2002-08-20,BKNG,14.15999984741211,13.4399995803833,13.619999885559082,13.859999656677246,360100.0,13.859999656677246
2002-08-21,BKNG,14.819999694824219,14.220000267028809,14.279999732971191,14.520000457763672,243000.0,14.520000457763672
2002-08-22,BKNG,16.260000228881836,14.460000038146973,14.819999694824219,15.600000381469727,327200.0,15.600000381469727
2002-08-23,BKNG,17.040000915527344,15.600000381469727,16.079999923706055,15.65999984741211,226400.0,15.65999984741211
2002-08-26,BKNG,16.68000030517578,14.399999618530273,16.200000762939453,15.300000190734863,292100.0,15.300000190734863
2002-08-27,BKNG,15.720000267028809,14.100000381469727,15.359999656677246,14.279999732971191,180500.0,14.279999732971191
2002-08-28,BKNG,14.579999923706055,13.920000076293945,14.15999984741211,13.979999542236328,206900.0,13.979999542236328
2002-08-29,BKNG,14.460000038146973,13.979999542236328,13.979999542236328,14.34000015258789,81900.0,14.34000015258789
2002-08-30,BKNG,14.760000228881836,13.979999542236328,14.15999984741211,14.100000381469727,83100.0,14.100000381469727
2002-09-03,BKNG,14.399999618530273,12.600000381469727,14.039999961853027,13.5,269300.0,13.5
2002-09-04,BKNG,14.15999984741211,13.4399995803833,13.5,13.739999771118164,133000.0,13.739999771118164
2002-09-05,BKNG,13.800000190734863,12.960000038146973,13.619999885559082,13.020000457763672,109200.0,13.020000457763672
2002-09-06,BKNG,14.100000381469727,13.079999923706055,13.260000228881836,13.4399995803833,119800.0,13.4399995803833
2002-09-09,BKNG,14.520000457763672,13.4399995803833,13.4399995803833,14.100000381469727,95400.0,14.100000381469727
2002-09-10,BKNG,14.579999923706055,13.800000190734863,13.800000190734863,14.15999984741211,125400.0,14.15999984741211
2002-09-11,BKNG,14.399999618530273,13.800000190734863,14.399999618530273,14.039999961853027,75500.0,14.039999961853027
2002-09-12,BKNG,14.399999618530273,13.619999885559082,13.920000076293945,13.800000190734863,71000.0,13.800000190734863
2002-09-13,BKNG,14.039999961853027,13.4399995803833,13.739999771118164,13.680000305175781,73500.0,13.680000305175781
2002-09-16,BKNG,13.739999771118164,12.65999984741211,13.5,12.960000038146973,77500.0,12.960000038146973
2002-09-17,BKNG,13.619999885559082,12.600000381469727,13.319999694824219,12.84000015258789,102500.0,12.84000015258789
2002-09-18,BKNG,12.84000015258789,12.0,12.720000267028809,12.0,168100.0,12.0
2002-09-19,BKNG,12.180000305175781,10.920000076293945,12.0600004196167,10.979999542236328,211900.0,10.979999542236328
2002-09-20,BKNG,11.9399995803833,10.680000305175781,11.220000267028809,11.279999732971191,223300.0,11.279999732971191
2002-09-23,BKNG,11.640000343322754,10.680000305175781,11.220000267028809,10.920000076293945,138800.0,10.920000076293945
2002-09-24,BKNG,11.399999618530273,9.600000381469727,10.979999542236328,10.140000343322754,290800.0,10.140000343322754
2002-09-25,BKNG,10.380000114440918,8.220000267028809,10.140000343322754,8.9399995803833,806700.0,8.9399995803833
2002-09-26,BKNG,9.539999961853027,9.0,9.119999885559082,9.180000305175781,190600.0,9.180000305175781
2002-09-27,BKNG,10.140000343322754,9.119999885559082,9.420000076293945,9.420000076293945,157900.0,9.420000076293945
2002-09-30,BKNG,9.65999984741211,8.699999809265137,9.600000381469727,8.760000228881836,202300.0,8.760000228881836
2002-10-01,BKNG,9.300000190734863,8.34000015258789,9.0,9.239999771118164,190800.0,9.239999771118164
2002-10-02,BKNG,9.479999542236328,8.880000114440918,9.300000190734863,8.9399995803833,178100.0,8.9399995803833
2002-10-03,BKNG,9.119999885559082,8.699999809265137,9.0,8.819999694824219,120600.0,8.819999694824219
2002-10-04,BKNG,9.300000190734863,8.399999618530273,9.0,8.520000457763672,90300.0,8.520000457763672
2002-10-07,BKNG,8.640000343322754,7.559999942779541,8.579999923706055,7.679999828338623,165100.0,7.679999828338623
2002-10-08,BKNG,8.039999961853027,6.960000038146973,7.860000133514404,7.380000114440918,241000.0,7.380000114440918
2002-10-09,BKNG,7.380000114440918,6.599999904632568,7.079999923706055,6.599999904632568,285900.0,6.599999904632568
2002-10-10,BKNG,7.139999866485596,6.300000190734863,6.599999904632568,7.079999923706055,247500.0,7.079999923706055
2002-10-11,BKNG,8.34000015258789,7.260000228881836,7.260000228881836,7.920000076293945,224200.0,7.920000076293945
2002-10-14,BKNG,9.119999885559082,7.980000019073486,8.34000015258789,9.0,204500.0,9.0
2002-10-15,BKNG,10.199999809265137,9.479999542236328,9.600000381469727,9.479999542236328,416900.0,9.479999542236328
2002-10-16,BKNG,9.239999771118164,8.220000267028809,9.239999771118164,9.0600004196167,226100.0,9.0600004196167
2002-10-17,BKNG,10.140000343322754,9.359999656677246,9.420000076293945,9.779999732971191,353600.0,9.779999732971191
2002-10-18,BKNG,9.960000038146973,9.479999542236328,9.600000381469727,9.84000015258789,135300.0,9.84000015258789
2002-10-21,BKNG,10.619999885559082,9.84000015258789,10.260000228881836,10.619999885559082,127500.0,10.619999885559082
2002-10-22,BKNG,11.100000381469727,10.199999809265137,10.4399995803833,10.800000190734863,149700.0,10.800000190734863
2002-10-23,BKNG,11.520000457763672,10.739999771118164,10.859999656677246,11.100000381469727,139000.0,11.100000381469727
2002-10-24,BKNG,13.4399995803833,11.399999618530273,11.520000457763672,12.539999961853027,431500.0,12.539999961853027
2002-10-25,BKNG,13.920000076293945,12.119999885559082,12.600000381469727,13.920000076293945,240100.0,13.920000076293945
2002-10-28,BKNG,14.880000114440918,13.5600004196167,14.579999923706055,13.619999885559082,369300.0,13.619999885559082
2002-10-29,BKNG,15.0,11.9399995803833,13.619999885559082,12.84000015258789,337700.0,12.84000015258789
2002-10-30,BKNG,13.920000076293945,12.779999732971191,12.779999732971191,13.680000305175781,190400.0,13.680000305175781
2002-10-31,BKNG,14.15999984741211,13.140000343322754,13.680000305175781,13.260000228881836,225400.0,13.260000228881836
2002-11-01,BKNG,13.199999809265137,12.720000267028809,13.199999809265137,13.079999923706055,220700.0,13.079999923706055
2002-11-04,BKNG,13.739999771118164,12.539999961853027,13.680000305175781,12.600000381469727,451400.0,12.600000381469727
2002-11-05,BKNG,14.15999984741211,12.300000190734863,12.600000381469727,13.859999656677246,529500.0,13.859999656677246
2002-11-06,BKNG,10.800000190734863,8.880000114440918,10.319999694824219,10.140000343322754,2191800.0,10.140000343322754
2002-11-07,BKNG,9.899999618530273,9.300000190734863,9.600000381469727,9.359999656677246,389200.0,9.359999656677246
2002-11-08,BKNG,9.65999984741211,8.640000343322754,9.539999961853027,8.880000114440918,590800.0,8.880000114440918
2002-11-11,BKNG,8.880000114440918,8.15999984741211,8.760000228881836,8.220000267028809,223500.0,8.220000267028809
2002-11-12,BKNG,9.359999656677246,8.220000267028809,8.34000015258789,9.0,310200.0,9.0
2002-11-13,BKNG,9.359999656677246,8.399999618530273,8.760000228881836,9.0,209000.0,9.0
2002-11-14,BKNG,9.539999961853027,9.119999885559082,9.359999656677246,9.420000076293945,214400.0,9.420000076293945
2002-11-15,BKNG,9.479999542236328,8.880000114440918,9.420000076293945,9.180000305175781,209700.0,9.180000305175781
2002-11-18,BKNG,9.539999961853027,9.180000305175781,9.539999961853027,9.239999771118164,203600.0,9.239999771118164
2002-11-19,BKNG,9.300000190734863,9.0,9.300000190734863,9.180000305175781,194600.0,9.180000305175781
2002-11-20,BKNG,10.079999923706055,9.0600004196167,9.239999771118164,9.899999618530273,277000.0,9.899999618530273
2002-11-21,BKNG,10.859999656677246,10.199999809265137,10.260000228881836,10.5,533400.0,10.5
2002-11-22,BKNG,11.100000381469727,10.199999809265137,10.5600004196167,10.739999771118164,302000.0,10.739999771118164
2002-11-25,BKNG,12.0,10.859999656677246,10.859999656677246,11.460000038146973,497800.0,11.460000038146973
2002-11-26,BKNG,12.65999984741211,11.100000381469727,11.880000114440918,11.279999732971191,483300.0,11.279999732971191
2002-11-27,BKNG,11.880000114440918,10.199999809265137,11.579999923706055,10.920000076293945,1594000.0,10.920000076293945
2002-11-29,BKNG,10.979999542236328,10.319999694824219,10.979999542236328,10.5,215100.0,10.5
2002-12-02,BKNG,11.100000381469727,10.140000343322754,10.800000190734863,10.319999694824219,440500.0,10.319999694824219
2002-12-03,BKNG,10.4399995803833,9.600000381469727,10.260000228881836,9.84000015258789,338900.0,9.84000015258789
2002-12-04,BKNG,10.4399995803833,9.420000076293945,9.720000267028809,9.899999618530273,322800.0,9.899999618530273
2002-12-05,BKNG,10.199999809265137,9.779999732971191,10.140000343322754,9.899999618530273,195400.0,9.899999618530273
2002-12-06,BKNG,10.020000457763672,9.65999984741211,9.720000267028809,9.779999732971191,181200.0,9.779999732971191
2002-12-09,BKNG,9.899999618530273,9.600000381469727,9.65999984741211,9.84000015258789,342000.0,9.84000015258789
2002-12-10,BKNG,9.899999618530273,9.65999984741211,9.779999732971191,9.899999618530273,209900.0,9.899999618530273
2002-12-11,BKNG,10.199999809265137,9.600000381469727,10.020000457763672,9.779999732971191,182500.0,9.779999732971191
2002-12-12,BKNG,9.960000038146973,9.600000381469727,9.960000038146973,9.65999984741211,178600.0,9.65999984741211
2002-12-13,BKNG,10.5,9.479999542236328,9.600000381469727,10.079999923706055,335100.0,10.079999923706055
2002-12-16,BKNG,10.319999694824219,9.720000267028809,10.140000343322754,9.779999732971191,217400.0,9.779999732971191
2002-12-17,BKNG,9.899999618530273,9.300000190734863,9.720000267028809,9.420000076293945,313200.0,9.420000076293945
2002-12-18,BKNG,9.65999984741211,9.0,9.420000076293945,9.0600004196167,336500.0,9.0600004196167
2002-12-19,BKNG,9.239999771118164,8.220000267028809,8.9399995803833,8.34000015258789,459100.0,8.34000015258789
2002-12-20,BKNG,8.699999809265137,8.34000015258789,8.460000038146973,8.520000457763672,319400.0,8.520000457763672
2002-12-23,BKNG,9.300000190734863,8.34000015258789,8.460000038146973,9.239999771118164,255000.0,9.239999771118164
2002-12-24,BKNG,9.300000190734863,8.760000228881836,9.0600004196167,9.0600004196167,58600.0,9.0600004196167
2002-12-26,BKNG,9.359999656677246,8.819999694824219,9.0600004196167,9.300000190734863,137300.0,9.300000190734863
2002-12-27,BKNG,9.300000190734863,8.819999694824219,9.119999885559082,9.119999885559082,112400.0,9.119999885559082
2002-12-30,BKNG,9.180000305175781,8.460000038146973,9.0,9.119999885559082,227400.0,9.119999885559082
2002-12-31,BKNG,9.65999984741211,8.880000114440918,8.9399995803833,9.600000381469727,395800.0,9.600000381469727
2003-01-02,BKNG,10.199999809265137,9.600000381469727,9.720000267028809,10.020000457763672,172200.0,10.020000457763672
2003-01-03,BKNG,10.199999809265137,9.420000076293945,10.140000343322754,9.600000381469727,136300.0,9.600000381469727
2003-01-06,BKNG,9.720000267028809,8.640000343322754,9.359999656677246,8.9399995803833,361000.0,8.9399995803833
2003-01-07,BKNG,9.0600004196167,8.760000228881836,9.0600004196167,8.9399995803833,502100.0,8.9399995803833
2003-01-08,BKNG,8.9399995803833,8.760000228881836,8.819999694824219,8.9399995803833,132900.0,8.9399995803833
2003-01-09,BKNG,9.0,8.819999694824219,8.880000114440918,8.9399995803833,143800.0,8.9399995803833
2003-01-10,BKNG,9.0,8.819999694824219,8.9399995803833,8.9399995803833,128600.0,8.9399995803833
2003-01-13,BKNG,9.0600004196167,8.819999694824219,9.0,8.9399995803833,123900.0,8.9399995803833
2003-01-14,BKNG,9.0,8.760000228881836,9.0,8.880000114440918,414600.0,8.880000114440918
2003-01-15,BKNG,8.9399995803833,8.699999809265137,8.880000114440918,8.760000228881836,171100.0,8.760000228881836
2003-01-16,BKNG,8.880000114440918,8.520000457763672,8.819999694824219,8.520000457763672,108000.0,8.520000457763672
2003-01-17,BKNG,8.9399995803833,8.279999732971191,8.760000228881836,8.460000038146973,134500.0,8.460000038146973
2003-01-21,BKNG,8.460000038146973,8.15999984741211,8.399999618530273,8.279999732971191,107200.0,8.279999732971191
2003-01-22,BKNG,8.399999618530273,7.800000190734863,8.34000015258789,7.920000076293945,208200.0,7.920000076293945
2003-01-23,BKNG,8.15999984741211,7.619999885559082,8.039999961853027,7.800000190734863,166600.0,7.800000190734863
2003-01-24,BKNG,7.980000019073486,7.380000114440918,7.920000076293945,7.559999942779541,199700.0,7.559999942779541
2003-01-27,BKNG,7.739999771118164,7.019999980926514,7.019999980926514,7.619999885559082,211600.0,7.619999885559082
2003-01-28,BKNG,8.399999618530273,7.559999942779541,7.619999885559082,8.399999618530273,171700.0,8.399999618530273
2003-01-29,BKNG,8.880000114440918,8.039999961853027,8.34000015258789,8.34000015258789,119800.0,8.34000015258789
2003-01-30,BKNG,8.399999618530273,7.619999885559082,8.279999732971191,7.619999885559082,107600.0,7.619999885559082
2003-01-31,BKNG,7.980000019073486,7.5,7.559999942779541,7.800000190734863,113900.0,7.800000190734863
2003-02-03,BKNG,7.860000133514404,7.5,7.679999828338623,7.679999828338623,67800.0,7.679999828338623
2003-02-04,BKNG,7.800000190734863,7.380000114440918,7.619999885559082,7.679999828338623,118600.0,7.679999828338623
2003-02-05,BKNG,7.860000133514404,7.5,7.559999942779541,7.800000190734863,97500.0,7.800000190734863
2003-02-06,BKNG,7.860000133514404,7.380000114440918,7.679999828338623,7.380000114440918,70600.0,7.380000114440918
2003-02-07,BKNG,7.679999828338623,7.260000228881836,7.380000114440918,7.5,68100.0,7.5
2003-02-10,BKNG,8.399999618530273,7.380000114440918,7.5,8.34000015258789,185200.0,8.34000015258789
2003-02-11,BKNG,8.039999961853027,7.260000228881836,7.739999771118164,7.5,282300.0,7.5
2003-02-12,BKNG,7.440000057220459,6.900000095367432,7.320000171661377,7.019999980926514,324900.0,7.019999980926514
2003-02-13,BKNG,7.199999809265137,6.840000152587891,7.139999866485596,6.960000038146973,246000.0,6.960000038146973
2003-02-14,BKNG,7.320000171661377,6.78000020980835,6.900000095367432,7.320000171661377,87800.0,7.320000171661377
2003-02-18,BKNG,7.679999828338623,7.320000171661377,7.380000114440918,7.679999828338623,127400.0,7.679999828338623
2003-02-19,BKNG,7.559999942779541,7.260000228881836,7.559999942779541,7.380000114440918,178600.0,7.380000114440918
2003-02-20,BKNG,7.619999885559082,7.139999866485596,7.5,7.619999885559082,94600.0,7.619999885559082
2003-02-21,BKNG,7.619999885559082,7.380000114440918,7.440000057220459,7.559999942779541,58500.0,7.559999942779541
2003-02-24,BKNG,8.9399995803833,8.039999961853027,8.100000381469727,8.640000343322754,651000.0,8.640000343322754
2003-02-25,BKNG,8.520000457763672,7.980000019073486,8.460000038146973,8.15999984741211,207900.0,8.15999984741211
2003-02-26,BKNG,8.220000267028809,7.860000133514404,8.15999984741211,8.039999961853027,93100.0,8.039999961853027
2003-02-27,BKNG,8.279999732971191,7.739999771118164,8.15999984741211,7.860000133514404,151200.0,7.860000133514404
2003-02-28,BKNG,8.039999961853027,7.679999828338623,7.860000133514404,7.920000076293945,87200.0,7.920000076293945
2003-03-03,BKNG,8.399999618530273,7.860000133514404,7.860000133514404,8.34000015258789,115100.0,8.34000015258789
2003-03-04,BKNG,8.399999618530273,7.980000019073486,8.399999618530273,8.15999984741211,77000.0,8.15999984741211
2003-03-05,BKNG,8.34000015258789,7.920000076293945,8.15999984741211,8.220000267028809,67600.0,8.220000267028809
2003-03-06,BKNG,8.15999984741211,7.739999771118164,8.100000381469727,7.800000190734863,147200.0,7.800000190734863
2003-03-07,BKNG,8.15999984741211,7.619999885559082,7.739999771118164,7.800000190734863,143900.0,7.800000190734863
2003-03-10,BKNG,7.739999771118164,7.440000057220459,7.559999942779541,7.739999771118164,144900.0,7.739999771118164
2003-03-11,BKNG,7.739999771118164,7.5,7.5,7.739999771118164,66700.0,7.739999771118164
2003-03-12,BKNG,7.980000019073486,7.559999942779541,7.619999885559082,7.800000190734863,105300.0,7.800000190734863
2003-03-13,BKNG,8.399999618530273,7.860000133514404,7.980000019073486,8.220000267028809,250700.0,8.220000267028809
2003-03-14,BKNG,8.579999923706055,8.220000267028809,8.34000015258789,8.460000038146973,166100.0,8.460000038146973
2003-03-17,BKNG,8.460000038146973,8.100000381469727,8.15999984741211,8.460000038146973,132400.0,8.460000038146973
2003-03-18,BKNG,8.880000114440918,8.279999732971191,8.34000015258789,8.819999694824219,174300.0,8.819999694824219
2003-03-19,BKNG,12.119999885559082,9.779999732971191,9.779999732971191,11.579999923706055,2524500.0,11.579999923706055
2003-03-20,BKNG,11.640000343322754,10.5600004196167,11.399999618530273,10.739999771118164,827200.0,10.739999771118164
2003-03-21,BKNG,11.15999984741211,10.380000114440918,11.039999961853027,10.859999656677246,490800.0,10.859999656677246
2003-03-24,BKNG,10.5600004196167,10.020000457763672,10.4399995803833,10.260000228881836,291000.0,10.260000228881836
2003-03-25,BKNG,11.100000381469727,9.899999618530273,10.140000343322754,10.800000190734863,305700.0,10.800000190734863
2003-03-26,BKNG,10.979999542236328,10.199999809265137,10.920000076293945,10.319999694824219,136800.0,10.319999694824219
2003-03-27,BKNG,10.5600004196167,9.600000381469727,10.319999694824219,10.199999809265137,130500.0,10.199999809265137
2003-03-28,BKNG,10.319999694824219,9.65999984741211,10.079999923706055,9.899999618530273,78800.0,9.899999618530273
2003-03-31,BKNG,10.319999694824219,9.539999961853027,9.899999618530273,9.84000015258789,120400.0,9.84000015258789
2003-04-01,BKNG,10.140000343322754,9.720000267028809,9.899999618530273,9.899999618530273,186900.0,9.899999618530273
2003-04-02,BKNG,10.319999694824219,9.960000038146973,10.199999809265137,10.140000343322754,148600.0,10.140000343322754
2003-04-03,BKNG,10.319999694824219,9.960000038146973,10.260000228881836,10.020000457763672,73100.0,10.020000457763672
2003-04-04,BKNG,10.199999809265137,9.899999618530273,10.079999923706055,9.960000038146973,50800.0,9.960000038146973
2003-04-07,BKNG,10.800000190734863,9.899999618530273,10.5600004196167,10.260000228881836,169900.0,10.260000228881836
2003-04-08,BKNG,10.260000228881836,9.960000038146973,10.260000228881836,10.079999923706055,36900.0,10.079999923706055
2003-04-09,BKNG,10.4399995803833,9.600000381469727,10.199999809265137,9.720000267028809,173600.0,9.720000267028809
2003-04-10,BKNG,10.319999694824219,9.720000267028809,9.960000038146973,10.020000457763672,110400.0,10.020000457763672
2003-04-11,BKNG,10.319999694824219,9.960000038146973,10.199999809265137,10.079999923706055,55400.0,10.079999923706055
2003-04-14,BKNG,10.140000343322754,9.899999618530273,10.079999923706055,10.020000457763672,82200.0,10.020000457763672
2003-04-15,BKNG,10.859999656677246,10.020000457763672,10.020000457763672,10.680000305175781,245900.0,10.680000305175781
2003-04-16,BKNG,11.520000457763672,10.800000190734863,11.039999961853027,11.100000381469727,269100.0,11.100000381469727
2003-04-17,BKNG,11.760000228881836,10.979999542236328,11.34000015258789,11.579999923706055,660900.0,11.579999923706055
2003-04-21,BKNG,13.4399995803833,11.520000457763672,11.579999923706055,13.079999923706055,1552500.0,13.079999923706055
2003-04-22,BKNG,13.199999809265137,12.420000076293945,12.720000267028809,12.65999984741211,495600.0,12.65999984741211
2003-04-23,BKNG,13.079999923706055,12.119999885559082,12.600000381469727,12.600000381469727,313600.0,12.600000381469727
2003-04-24,BKNG,12.720000267028809,12.180000305175781,12.600000381469727,12.239999771118164,263700.0,12.239999771118164
2003-04-25,BKNG,12.720000267028809,11.699999809265137,12.300000190734863,12.0600004196167,337200.0,12.0600004196167
2003-04-28,BKNG,12.65999984741211,12.0600004196167,12.300000190734863,12.359999656677246,314400.0,12.359999656677246
2003-04-29,BKNG,12.65999984741211,11.760000228881836,12.420000076293945,12.0600004196167,489500.0,12.0600004196167
2003-04-30,BKNG,13.4399995803833,11.880000114440918,12.0,13.319999694824219,665700.0,13.319999694824219
2003-05-01,BKNG,14.819999694824219,13.800000190734863,13.800000190734863,14.220000267028809,1777600.0,14.220000267028809
2003-05-02,BKNG,19.559999465942383,16.799999237060547,17.700000762939453,18.84000015258789,4613900.0,18.84000015258789
2003-05-05,BKNG,19.5,18.0,19.31999969482422,19.020000457763672,1307600.0,19.020000457763672
2003-05-06,BKNG,20.639999389648438,18.479999542236328,19.139999389648438,20.280000686645508,1164400.0,20.280000686645508
2003-05-07,BKNG,20.040000915527344,18.600000381469727,19.920000076293945,19.079999923706055,467600.0,19.079999923706055
2003-05-08,BKNG,18.899999618530273,17.399999618530273,18.600000381469727,18.059999465942383,495000.0,18.059999465942383
2003-05-09,BKNG,18.360000610351562,16.860000610351562,18.18000030517578,17.700000762939453,436700.0,17.700000762939453
2003-05-12,BKNG,19.739999771118164,17.760000228881836,17.8799991607666,19.3799991607666,621000.0,19.3799991607666
2003-05-13,BKNG,20.100000381469727,18.65999984741211,19.200000762939453,19.860000610351562,369100.0,19.860000610351562
2003-05-14,BKNG,20.219999313354492,19.5,20.15999984741211,19.799999237060547,182800.0,19.799999237060547
2003-05-15,BKNG,19.799999237060547,18.600000381469727,19.6200008392334,19.139999389648438,314100.0,19.139999389648438
2003-05-16,BKNG,20.34000015258789,18.600000381469727,18.65999984741211,20.15999984741211,422900.0,20.15999984741211
2003-05-19,BKNG,20.15999984741211,18.719999313354492,20.040000915527344,19.3799991607666,375600.0,19.3799991607666
2003-05-20,BKNG,19.860000610351562,18.479999542236328,19.3799991607666,18.600000381469727,301400.0,18.600000381469727
2003-05-21,BKNG,19.3799991607666,18.719999313354492,19.200000762939453,18.84000015258789,285100.0,18.84000015258789
2003-05-22,BKNG,22.799999237060547,18.780000686645508,19.020000457763672,22.5,1087800.0,22.5
2003-05-23,BKNG,25.6200008392334,22.3799991607666,23.219999313354492,25.559999465942383,2275900.0,25.559999465942383
2003-05-27,BKNG,27.0,23.639999389648438,24.239999771118164,23.940000534057617,1066200.0,23.940000534057617
2003-05-28,BKNG,26.940000534057617,23.940000534057617,24.540000915527344,26.700000762939453,1059100.0,26.700000762939453
2003-05-29,BKNG,27.0,24.84000015258789,26.940000534057617,26.040000915527344,861400.0,26.040000915527344
2003-05-30,BKNG,26.219999313354492,24.420000076293945,26.100000381469727,24.600000381469727,501800.0,24.600000381469727
2003-06-02,BKNG,25.139999389648438,22.31999969482422,25.079999923706055,24.059999465942383,864300.0,24.059999465942383
2003-06-03,BKNG,23.700000762939453,21.540000915527344,23.520000457763672,22.799999237060547,1337100.0,22.799999237060547
2003-06-04,BKNG,26.040000915527344,22.559999465942383,22.559999465942383,25.139999389648438,1134100.0,25.139999389648438
2003-06-05,BKNG,26.100000381469727,23.940000534057617,25.020000457763672,25.440000534057617,480600.0,25.440000534057617
2003-06-06,BKNG,26.280000686645508,23.8799991607666,25.920000076293945,23.940000534057617,635400.0,23.940000534057617
2003-06-09,BKNG,24.18000030517578,22.31999969482422,24.1200008392334,23.579999923706055,650100.0,23.579999923706055
2003-06-10,BKNG,24.18000030517578,23.100000381469727,23.280000686645508,24.059999465942383,539900.0,24.059999465942383
2003-06-11,BKNG,24.1200008392334,23.34000015258789,24.059999465942383,23.940000534057617,234200.0,23.940000534057617
2003-06-12,BKNG,28.31999969482422,23.8799991607666,24.059999465942383,26.520000457763672,1743000.0,26.520000457763672
2003-06-13,BKNG,27.0,25.079999923706055,26.459999084472656,25.440000534057617,610000.0,25.440000534057617
2003-06-16,BKNG,25.850000381469727,23.549999237060547,25.5,25.219999313354492,1109100.0,25.219999313354492
2003-06-17,BKNG,25.299999237060547,24.0,25.299999237060547,24.149999618530273,847200.0,24.149999618530273
2003-06-18,BKNG,25.0,22.549999237060547,24.139999389648438,24.90999984741211,1051000.0,24.90999984741211
2003-06-19,BKNG,25.899999618530273,24.540000915527344,24.8700008392334,25.030000686645508,707100.0,25.030000686645508
2003-06-20,BKNG,25.90999984741211,24.0,24.84000015258789,25.780000686645508,523300.0,25.780000686645508
2003-06-23,BKNG,25.799999237060547,23.780000686645508,25.739999771118164,23.90999984741211,465400.0,23.90999984741211
2003-06-24,BKNG,23.989999771118164,22.31999969482422,23.739999771118164,22.979999542236328,466000.0,22.979999542236328
2003-06-25,BKNG,23.75,22.799999237060547,22.799999237060547,23.420000076293945,255000.0,23.420000076293945
2003-06-26,BKNG,23.950000762939453,23.239999771118164,23.440000534057617,23.239999771118164,218800.0,23.239999771118164
2003-06-27,BKNG,23.399999618530273,21.469999313354492,23.149999618530273,21.700000762939453,741100.0,21.700000762939453
2003-06-30,BKNG,22.40999984741211,21.09000015258789,21.6200008392334,22.31999969482422,723700.0,22.31999969482422
2003-07-01,BKNG,22.40999984741211,21.31999969482422,22.40999984741211,21.780000686645508,446800.0,21.780000686645508
2003-07-02,BKNG,24.5,21.350000381469727,21.540000915527344,24.299999237060547,981400.0,24.299999237060547
2003-07-03,BKNG,26.25,23.850000381469727,23.8700008392334,25.489999771118164,680700.0,25.489999771118164
2003-07-07,BKNG,26.0,25.350000381469727,25.600000381469727,25.829999923706055,339800.0,25.829999923706055
2003-07-08,BKNG,27.1200008392334,25.5,25.59000015258789,26.649999618530273,632200.0,26.649999618530273
2003-07-09,BKNG,26.899999618530273,26.0,26.59000015258789,26.5,252700.0,26.5
2003-07-10,BKNG,26.3700008392334,23.479999542236328,25.280000686645508,24.049999237060547,704700.0,24.049999237060547
2003-07-11,BKNG,24.829999923706055,24.15999984741211,24.15999984741211,24.600000381469727,128400.0,24.600000381469727
2003-07-14,BKNG,26.280000686645508,24.709999084472656,24.729999542236328,26.200000762939453,550300.0,26.200000762939453
2003-07-15,BKNG,26.8799991607666,25.75,26.280000686645508,26.25,513500.0,26.25
2003-07-16,BKNG,26.649999618530273,25.06999969482422,26.3799991607666,25.440000534057617,428800.0,25.440000534057617
2003-07-17,BKNG,25.030000686645508,21.790000915527344,25.0,21.90999984741211,1094400.0,21.90999984741211
2003-07-18,BKNG,24.459999084472656,21.700000762939453,22.079999923706055,24.459999084472656,1037900.0,24.459999084472656
2003-07-21,BKNG,24.520000457763672,23.15999984741211,24.06999969482422,23.829999923706055,449400.0,23.829999923706055
2003-07-22,BKNG,24.5,23.510000228881836,24.5,24.079999923706055,249200.0,24.079999923706055
2003-07-23,BKNG,24.75,23.790000915527344,24.030000686645508,24.610000610351562,481700.0,24.610000610351562
2003-07-24,BKNG,26.25,24.59000015258789,24.59000015258789,25.239999771118164,1086900.0,25.239999771118164
2003-07-25,BKNG,32.20000076293945,29.25,30.15999984741211,31.850000381469727,7165600.0,31.850000381469727
2003-07-28,BKNG,35.439998626708984,31.149999618530273,31.93000030517578,34.7599983215332,3499000.0,34.7599983215332
2003-07-29,BKNG,33.27000045776367,30.940000534057617,32.650001525878906,32.22999954223633,5005900.0,32.22999954223633
2003-07-30,BKNG,32.5,31.5,32.150001525878906,31.799999237060547,1288800.0,31.799999237060547
2003-07-31,BKNG,33.290000915527344,31.6200008392334,32.150001525878906,32.84000015258789,1151000.0,32.84000015258789
2003-08-01,BKNG,33.43000030517578,31.3700008392334,32.83000183105469,31.760000228881836,1044800.0,31.760000228881836
2003-08-04,BKNG,31.600000381469727,30.700000762939453,31.440000534057617,31.190000534057617,997900.0,31.190000534057617
2003-08-05,BKNG,31.579999923706055,30.799999237060547,31.440000534057617,30.920000076293945,444800.0,30.920000076293945
2003-08-06,BKNG,31.110000610351562,29.530000686645508,30.920000076293945,29.65999984741211,784400.0,29.65999984741211
2003-08-07,BKNG,31.950000762939453,29.18000030517578,29.530000686645508,31.81999969482422,1131500.0,31.81999969482422
2003-08-08,BKNG,32.439998626708984,30.200000762939453,31.979999542236328,31.110000610351562,855500.0,31.110000610351562
2003-08-11,BKNG,31.700000762939453,30.489999771118164,30.940000534057617,31.25,486600.0,31.25
2003-08-12,BKNG,32.5,31.25,31.25,32.45000076293945,526000.0,32.45000076293945
2003-08-13,BKNG,33.130001068115234,32.209999084472656,32.400001525878906,33.0,829800.0,33.0
2003-08-14,BKNG,34.54999923706055,32.83000183105469,32.83000183105469,34.459999084472656,882500.0,34.459999084472656
2003-08-15,BKNG,34.88999938964844,33.939998626708984,34.400001525878906,34.650001525878906,380800.0,34.650001525878906
2003-08-18,BKNG,38.84000015258789,34.61000061035156,34.63999938964844,38.2599983215332,1865600.0,38.2599983215332
2003-08-19,BKNG,38.5,36.95000076293945,38.31999969482422,37.529998779296875,1351000.0,37.529998779296875
2003-08-20,BKNG,38.5,36.7599983215332,37.099998474121094,37.36000061035156,588600.0,37.36000061035156
2003-08-21,BKNG,38.09000015258789,36.970001220703125,37.709999084472656,37.56999969482422,522600.0,37.56999969482422
2003-08-22,BKNG,38.68000030517578,35.7599983215332,38.0,36.220001220703125,824700.0,36.220001220703125
2003-08-25,BKNG,36.220001220703125,34.959999084472656,36.20000076293945,35.09000015258789,583600.0,35.09000015258789
2003-08-26,BKNG,36.75,34.75,35.099998474121094,36.279998779296875,550400.0,36.279998779296875
2003-08-27,BKNG,37.060001373291016,35.83000183105469,36.400001525878906,36.970001220703125,451900.0,36.970001220703125
2003-08-28,BKNG,38.83000183105469,36.130001068115234,36.97999954223633,38.689998626708984,760600.0,38.689998626708984
2003-08-29,BKNG,39.810001373291016,38.5,38.70000076293945,39.4900016784668,502700.0,39.4900016784668
2003-09-02,BKNG,39.720001220703125,38.209999084472656,39.70000076293945,39.22999954223633,647300.0,39.22999954223633
2003-09-03,BKNG,39.400001525878906,38.029998779296875,39.220001220703125,38.130001068115234,519900.0,38.130001068115234
2003-09-04,BKNG,38.79999923706055,37.70000076293945,38.220001220703125,38.029998779296875,484000.0,38.029998779296875
2003-09-05,BKNG,38.95000076293945,37.349998474121094,37.970001220703125,37.54999923706055,759200.0,37.54999923706055
2003-09-08,BKNG,38.0099983215332,37.029998779296875,37.33000183105469,37.400001525878906,725400.0,37.400001525878906
2003-09-09,BKNG,38.54999923706055,37.20000076293945,37.45000076293945,37.27000045776367,970800.0,37.27000045776367
2003-09-10,BKNG,36.810001373291016,35.619998931884766,36.79999923706055,35.939998626708984,664100.0,35.939998626708984
2003-09-11,BKNG,36.40999984741211,35.33000183105469,35.970001220703125,35.560001373291016,720100.0,35.560001373291016
2003-09-12,BKNG,36.65999984741211,35.439998626708984,35.5,36.56999969482422,510900.0,36.56999969482422
2003-09-15,BKNG,36.91999816894531,35.849998474121094,36.75,36.13999938964844,406200.0,36.13999938964844
2003-09-16,BKNG,37.27000045776367,35.75,36.22999954223633,37.27000045776367,397600.0,37.27000045776367
2003-09-17,BKNG,37.36000061035156,36.119998931884766,37.25,36.79999923706055,428600.0,36.79999923706055
2003-09-18,BKNG,38.150001525878906,36.61000061035156,36.75,37.77000045776367,730500.0,37.77000045776367
2003-09-19,BKNG,38.060001373291016,37.130001068115234,37.7599983215332,37.65999984741211,347800.0,37.65999984741211
2003-09-22,BKNG,36.150001525878906,31.559999465942383,36.0,31.799999237060547,4400100.0,31.799999237060547
2003-09-23,BKNG,32.0,28.709999084472656,31.93000030517578,29.489999771118164,5347700.0,29.489999771118164
2003-09-24,BKNG,30.540000915527344,28.889999389648438,29.600000381469727,29.670000076293945,1882600.0,29.670000076293945
2003-09-25,BKNG,30.200000762939453,27.600000381469727,29.829999923706055,28.610000610351562,1324300.0,28.610000610351562
2003-09-26,BKNG,29.5,27.440000534057617,28.219999313354492,28.030000686645508,1075900.0,28.030000686645508
2003-09-29,BKNG,29.18000030517578,27.510000228881836,28.329999923706055,29.059999465942383,973200.0,29.059999465942383
2003-09-30,BKNG,29.860000610351562,28.3799991607666,29.06999969482422,29.040000915527344,1089700.0,29.040000915527344
2003-10-01,BKNG,29.84000015258789,28.68000030517578,29.18000030517578,29.09000015258789,1190000.0,29.09000015258789
2003-10-02,BKNG,29.34000015258789,28.329999923706055,29.079999923706055,28.899999618530273,645500.0,28.899999618530273
2003-10-03,BKNG,31.93000030517578,29.309999465942383,29.459999084472656,31.190000534057617,1750400.0,31.190000534057617
2003-10-06,BKNG,32.689998626708984,30.520000457763672,31.100000381469727,32.65999984741211,1222300.0,32.65999984741211
2003-10-07,BKNG,32.75,32.02000045776367,32.459999084472656,32.43000030517578,687200.0,32.43000030517578
2003-10-08,BKNG,32.65999984741211,31.309999465942383,32.540000915527344,31.68000030517578,619700.0,31.68000030517578
2003-10-09,BKNG,33.79999923706055,31.829999923706055,32.5,32.209999084472656,1146400.0,32.209999084472656
2003-10-10,BKNG,32.939998626708984,31.68000030517578,32.310001373291016,32.04999923706055,280200.0,32.04999923706055
2003-10-13,BKNG,33.52000045776367,32.11000061035156,32.16999816894531,33.060001373291016,614400.0,33.060001373291016
2003-10-14,BKNG,33.72999954223633,32.52000045776367,33.099998474121094,33.59000015258789,498700.0,33.59000015258789
2003-10-15,BKNG,34.0,32.29999923706055,33.599998474121094,32.29999923706055,424000.0,32.29999923706055
2003-10-16,BKNG,32.88999938964844,31.799999237060547,32.099998474121094,32.54999923706055,471600.0,32.54999923706055
2003-10-17,BKNG,32.54999923706055,30.25,32.529998779296875,30.450000762939453,961400.0,30.450000762939453
2003-10-20,BKNG,30.5,29.0,30.5,29.3700008392334,1364700.0,29.3700008392334
2003-10-21,BKNG,30.700000762939453,29.299999237060547,29.3700008392334,29.780000686645508,553700.0,29.780000686645508
2003-10-22,BKNG,29.790000915527344,28.110000610351562,29.770000457763672,28.5,655700.0,28.5
2003-10-23,BKNG,29.489999771118164,28.0,28.149999618530273,28.81999969482422,449400.0,28.81999969482422
2003-10-24,BKNG,29.06999969482422,26.65999984741211,28.809999465942383,27.530000686645508,864100.0,27.530000686645508
2003-10-27,BKNG,28.850000381469727,27.889999389648438,27.950000762939453,28.489999771118164,509700.0,28.489999771118164
2003-10-28,BKNG,29.520000457763672,28.049999237060547,28.65999984741211,29.3799991607666,786000.0,29.3799991607666
2003-10-29,BKNG,29.770000457763672,28.799999237060547,29.059999465942383,29.399999618530273,561900.0,29.399999618530273
2003-10-30,BKNG,30.860000610351562,29.510000228881836,30.100000381469727,29.649999618530273,754100.0,29.649999618530273
2003-10-31,BKNG,30.149999618530273,27.920000076293945,29.75,28.18000030517578,953400.0,28.18000030517578
2003-11-03,BKNG,28.989999771118164,27.899999618530273,28.299999237060547,28.690000534057617,1090100.0,28.690000534057617
2003-11-04,BKNG,30.100000381469727,28.75,28.81999969482422,29.25,2485400.0,29.25
2003-11-05,BKNG,22.770000457763672,21.559999465942383,22.389999389648438,21.65999984741211,15836100.0,21.65999984741211
2003-11-06,BKNG,22.3799991607666,21.09000015258789,22.280000686645508,21.15999984741211,4644400.0,21.15999984741211
2003-11-07,BKNG,21.5,20.6200008392334,21.440000534057617,20.780000686645508,2503000.0,20.780000686645508
2003-11-10,BKNG,20.950000762939453,20.309999465942383,20.6299991607666,20.549999237060547,1589500.0,20.549999237060547
2003-11-11,BKNG,20.969999313354492,19.649999618530273,20.75,19.649999618530273,2276400.0,19.649999618530273
2003-11-12,BKNG,19.969999313354492,18.93000030517578,19.549999237060547,19.020000457763672,3248000.0,19.020000457763672
2003-11-13,BKNG,19.049999237060547,18.450000762939453,18.93000030517578,18.520000457763672,2637000.0,18.520000457763672
2003-11-14,BKNG,18.84000015258789,17.829999923706055,18.700000762939453,17.899999618530273,1915000.0,17.899999618530273
2003-11-17,BKNG,17.75,17.1200008392334,17.75,17.25,2203800.0,17.25
2003-11-18,BKNG,17.979999542236328,17.31999969482422,17.450000762939453,17.350000381469727,1822900.0,17.350000381469727
2003-11-19,BKNG,18.350000381469727,17.40999984741211,17.5,18.100000381469727,2168300.0,18.100000381469727
2003-11-20,BKNG,18.809999465942383,18.020000457763672,18.020000457763672,18.360000610351562,2546200.0,18.360000610351562
2003-11-21,BKNG,18.700000762939453,18.15999984741211,18.459999084472656,18.260000228881836,988500.0,18.260000228881836
2003-11-24,BKNG,19.049999237060547,18.3700008392334,18.489999771118164,18.860000610351562,1210300.0,18.860000610351562
2003-11-25,BKNG,19.440000534057617,18.959999084472656,19.010000228881836,19.31999969482422,1461900.0,19.31999969482422
2003-11-26,BKNG,19.6200008392334,19.020000457763672,19.5,19.100000381469727,772000.0,19.100000381469727
2003-11-28,BKNG,19.329999923706055,19.0,19.0,19.049999237060547,375900.0,19.049999237060547
2003-12-01,BKNG,19.299999237060547,18.729999542236328,19.239999771118164,18.950000762939453,969900.0,18.950000762939453
2003-12-02,BKNG,19.079999923706055,18.809999465942383,18.8799991607666,18.809999465942383,816400.0,18.809999465942383
2003-12-03,BKNG,19.049999237060547,18.149999618530273,18.860000610351562,18.200000762939453,1232000.0,18.200000762939453
2003-12-04,BKNG,18.350000381469727,17.469999313354492,18.239999771118164,17.93000030517578,1462600.0,17.93000030517578
2003-12-05,BKNG,18.059999465942383,17.540000915527344,17.540000915527344,17.68000030517578,1134100.0,17.68000030517578
2003-12-08,BKNG,17.899999618530273,17.5,17.5,17.649999618530273,525900.0,17.649999618530273
2003-12-09,BKNG,18.459999084472656,17.399999618530273,18.459999084472656,17.399999618530273,837300.0,17.399999618530273
2003-12-10,BKNG,17.389999389648438,16.1200008392334,17.260000228881836,16.84000015258789,2614400.0,16.84000015258789
2003-12-11,BKNG,17.420000076293945,16.6299991607666,16.850000381469727,17.219999313354492,1648100.0,17.219999313354492
2003-12-12,BKNG,17.479999542236328,16.649999618530273,17.43000030517578,17.329999923706055,1422000.0,17.329999923706055
2003-12-15,BKNG,17.969999313354492,16.68000030517578,17.850000381469727,16.799999237060547,1060800.0,16.799999237060547
2003-12-16,BKNG,17.25,16.75,16.90999984741211,17.25,673800.0,17.25
2003-12-17,BKNG,18.030000686645508,17.260000228881836,17.260000228881836,17.690000534057617,1282400.0,17.690000534057617
2003-12-18,BKNG,18.139999389648438,17.549999237060547,17.649999618530273,17.989999771118164,615900.0,17.989999771118164
2003-12-19,BKNG,18.0,17.450000762939453,17.729999542236328,17.549999237060547,627300.0,17.549999237060547
2003-12-22,BKNG,17.8799991607666,17.469999313354492,17.5,17.799999237060547,591100.0,17.799999237060547
2003-12-23,BKNG,18.030000686645508,17.6299991607666,17.809999465942383,18.010000228881836,385400.0,18.010000228881836
2003-12-24,BKNG,18.030000686645508,17.75,18.030000686645508,17.979999542236328,286700.0,17.979999542236328
2003-12-26,BKNG,18.06999969482422,17.540000915527344,17.549999237060547,18.040000915527344,194300.0,18.040000915527344
2003-12-29,BKNG,18.360000610351562,17.940000534057617,18.139999389648438,18.049999237060547,633400.0,18.049999237060547
2003-12-30,BKNG,18.100000381469727,17.809999465942383,18.059999465942383,18.0,479400.0,18.0
2003-12-31,BKNG,18.100000381469727,17.809999465942383,17.969999313354492,17.899999618530273,756900.0,17.899999618530273
2004-01-02,BKNG,18.799999237060547,18.049999237060547,18.049999237060547,18.780000686645508,1273900.0,18.780000686645508
2004-01-05,BKNG,19.6299991607666,18.760000228881836,18.950000762939453,19.6299991607666,987300.0,19.6299991607666
2004-01-06,BKNG,19.209999084472656,18.700000762939453,19.010000228881836,18.799999237060547,1755600.0,18.799999237060547
2004-01-07,BKNG,18.889999389648438,18.110000610351562,18.75,18.68000030517578,1227800.0,18.68000030517578
2004-01-08,BKNG,18.90999984741211,18.450000762939453,18.799999237060547,18.65999984741211,854300.0,18.65999984741211
2004-01-09,BKNG,18.56999969482422,18.030000686645508,18.399999618530273,18.049999237060547,692400.0,18.049999237060547
2004-01-12,BKNG,18.68000030517578,18.049999237060547,18.06999969482422,18.68000030517578,560900.0,18.68000030517578
2004-01-13,BKNG,18.81999969482422,18.260000228881836,18.690000534057617,18.40999984741211,468400.0,18.40999984741211
2004-01-14,BKNG,18.75,18.260000228881836,18.270000457763672,18.399999618530273,711400.0,18.399999618530273
2004-01-15,BKNG,18.799999237060547,18.0,18.450000762939453,18.649999618530273,576500.0,18.649999618530273
2004-01-16,BKNG,19.5,18.450000762939453,18.600000381469727,19.219999313354492,786100.0,19.219999313354492
2004-01-20,BKNG,19.459999084472656,18.8799991607666,19.360000610351562,19.299999237060547,956100.0,19.299999237060547
2004-01-21,BKNG,21.6299991607666,18.860000610351562,19.010000228881836,21.219999313354492,4907000.0,21.219999313354492
2004-01-22,BKNG,21.299999237060547,20.229999542236328,21.190000534057617,20.350000381469727,1507800.0,20.350000381469727
2004-01-23,BKNG,20.90999984741211,20.229999542236328,20.469999313354492,20.579999923706055,669800.0,20.579999923706055
2004-01-26,BKNG,20.850000381469727,20.40999984741211,20.850000381469727,20.739999771118164,464900.0,20.739999771118164
2004-01-27,BKNG,21.719999313354492,20.59000015258789,20.829999923706055,20.700000762939453,1063600.0,20.700000762939453
2004-01-28,BKNG,20.959999084472656,19.170000076293945,20.850000381469727,19.34000015258789,1313100.0,19.34000015258789
2004-01-29,BKNG,20.209999084472656,19.260000228881836,19.489999771118164,19.899999618530273,1052300.0,19.899999618530273
2004-01-30,BKNG,19.75,19.0,19.649999618530273,19.1299991607666,776800.0,19.1299991607666
2004-02-02,BKNG,20.0,19.100000381469727,19.299999237060547,19.25,554200.0,19.25
2004-02-03,BKNG,19.43000030517578,18.75,19.25,18.790000915527344,500600.0,18.790000915527344
2004-02-04,BKNG,19.149999618530273,18.280000686645508,18.780000686645508,18.280000686645508,568100.0,18.280000686645508
2004-02-05,BKNG,19.100000381469727,18.399999618530273,18.399999618530273,18.780000686645508,425600.0,18.780000686645508
2004-02-06,BKNG,19.209999084472656,18.5,18.790000915527344,19.18000030517578,573500.0,19.18000030517578
2004-02-09,BKNG,20.700000762939453,19.329999923706055,19.329999923706055,20.469999313354492,1858500.0,20.469999313354492
2004-02-10,BKNG,21.479999542236328,20.190000534057617,20.719999313354492,21.399999618530273,3248600.0,21.399999618530273
2004-02-11,BKNG,25.649999618530273,23.25,23.600000381469727,24.8700008392334,13190100.0,24.8700008392334
2004-02-12,BKNG,24.690000534057617,23.280000686645508,24.600000381469727,23.5,2978300.0,23.5
2004-02-13,BKNG,24.510000228881836,23.399999618530273,23.5,23.979999542236328,1354600.0,23.979999542236328
2004-02-17,BKNG,25.0,23.799999237060547,24.209999084472656,23.850000381469727,934200.0,23.850000381469727
2004-02-18,BKNG,24.200000762939453,23.510000228881836,24.149999618530273,23.729999542236328,510700.0,23.729999542236328
2004-02-19,BKNG,24.489999771118164,23.239999771118164,23.950000762939453,23.350000381469727,1217400.0,23.350000381469727
2004-02-20,BKNG,23.40999984741211,22.229999542236328,23.329999923706055,22.299999237060547,1532600.0,22.299999237060547
2004-02-23,BKNG,22.479999542236328,21.440000534057617,22.229999542236328,21.709999084472656,975900.0,21.709999084472656
2004-02-24,BKNG,22.0,21.0,21.729999542236328,21.200000762939453,791600.0,21.200000762939453
2004-02-25,BKNG,21.6299991607666,21.139999389648438,21.200000762939453,21.5,816000.0,21.5
2004-02-26,BKNG,22.43000030517578,21.309999465942383,21.510000228881836,22.209999084472656,642100.0,22.209999084472656
2004-02-27,BKNG,23.81999969482422,22.559999465942383,23.219999313354492,23.020000457763672,1510300.0,23.020000457763672
2004-03-01,BKNG,23.5,22.959999084472656,23.299999237060547,23.149999618530273,524800.0,23.149999618530273
2004-03-02,BKNG,23.3799991607666,22.299999237060547,23.15999984741211,22.469999313354492,701900.0,22.469999313354492
2004-03-03,BKNG,22.770000457763672,22.1299991607666,22.3700008392334,22.75,494900.0,22.75
2004-03-04,BKNG,23.200000762939453,22.520000457763672,22.700000762939453,23.139999389648438,417400.0,23.139999389648438
2004-03-05,BKNG,24.25,22.709999084472656,22.75,24.190000534057617,1316600.0,24.190000534057617
2004-03-08,BKNG,24.43000030517578,23.31999969482422,24.059999465942383,23.610000610351562,1093100.0,23.610000610351562
2004-03-09,BKNG,24.200000762939453,22.649999618530273,24.200000762939453,22.790000915527344,705700.0,22.790000915527344
2004-03-10,BKNG,22.93000030517578,22.049999237060547,22.799999237060547,22.31999969482422,860500.0,22.31999969482422
2004-03-11,BKNG,22.950000762939453,21.899999618530273,22.1200008392334,22.399999618530273,827900.0,22.399999618530273
2004-03-12,BKNG,23.5,22.3700008392334,22.450000762939453,23.5,776800.0,23.5
2004-03-15,BKNG,23.459999084472656,22.25,23.34000015258789,22.25,1020000.0,22.25
2004-03-16,BKNG,22.920000076293945,22.020000457763672,22.299999237060547,22.6299991607666,666100.0,22.6299991607666
2004-03-17,BKNG,23.8799991607666,22.65999984741211,22.760000228881836,23.799999237060547,779800.0,23.799999237060547
2004-03-18,BKNG,25.049999237060547,23.700000762939453,23.709999084472656,24.8799991607666,1553200.0,24.8799991607666
2004-03-19,BKNG,25.350000381469727,24.06999969482422,24.93000030517578,24.610000610351562,1225200.0,24.610000610351562
2004-03-22,BKNG,24.540000915527344,23.0,24.540000915527344,23.299999237060547,921100.0,23.299999237060547
2004-03-23,BKNG,24.25,22.40999984741211,24.25,22.719999313354492,738600.0,22.719999313354492
2004-03-24,BKNG,23.610000610351562,22.690000534057617,22.809999465942383,23.579999923706055,725000.0,23.579999923706055
2004-03-25,BKNG,24.760000228881836,23.729999542236328,23.75,24.690000534057617,1168800.0,24.690000534057617
2004-03-26,BKNG,26.459999084472656,24.520000457763672,24.520000457763672,26.0,1746900.0,26.0
2004-03-29,BKNG,26.709999084472656,25.65999984741211,26.049999237060547,26.5,1079000.0,26.5
2004-03-30,BKNG,26.739999771118164,26.1200008392334,26.350000381469727,26.709999084472656,719300.0,26.709999084472656
2004-03-31,BKNG,27.579999923706055,26.75,26.850000381469727,26.959999084472656,1438100.0,26.959999084472656
2004-04-01,BKNG,27.489999771118164,26.5,27.06999969482422,27.0,709000.0,27.0
2004-04-02,BKNG,27.639999389648438,26.959999084472656,27.43000030517578,27.200000762939453,812500.0,27.200000762939453
2004-04-05,BKNG,27.299999237060547,26.420000076293945,27.049999237060547,26.920000076293945,652000.0,26.920000076293945
2004-04-06,BKNG,26.959999084472656,26.5,26.799999237060547,26.639999389648438,567000.0,26.639999389648438
2004-04-07,BKNG,27.200000762939453,26.329999923706055,26.8799991607666,26.649999618530273,848600.0,26.649999618530273
2004-04-08,BKNG,27.15999984741211,26.43000030517578,26.440000534057617,27.020000457763672,796900.0,27.020000457763672
2004-04-12,BKNG,27.739999771118164,27.059999465942383,27.219999313354492,27.25,572900.0,27.25
2004-04-13,BKNG,27.399999618530273,26.200000762939453,27.25,26.360000610351562,453900.0,26.360000610351562
2004-04-14,BKNG,26.709999084472656,25.860000610351562,26.440000534057617,26.3799991607666,663400.0,26.3799991607666
2004-04-15,BKNG,26.5,25.020000457763672,26.3700008392334,25.65999984741211,414900.0,25.65999984741211
2004-04-16,BKNG,25.760000228881836,24.389999389648438,25.649999618530273,24.639999389648438,1065600.0,24.639999389648438
2004-04-19,BKNG,25.469999313354492,24.280000686645508,24.700000762939453,25.309999465942383,504800.0,25.309999465942383
2004-04-20,BKNG,26.030000686645508,25.110000610351562,25.31999969482422,25.1200008392334,654000.0,25.1200008392334
2004-04-21,BKNG,25.40999984741211,24.700000762939453,25.18000030517578,25.399999618530273,355100.0,25.399999618530273
2004-04-22,BKNG,27.09000015258789,25.030000686645508,25.40999984741211,26.600000381469727,836700.0,26.600000381469727
2004-04-23,BKNG,27.1299991607666,26.15999984741211,26.729999542236328,26.399999618530273,488900.0,26.399999618530273
2004-04-26,BKNG,26.719999313354492,25.84000015258789,26.540000915527344,26.09000015258789,331600.0,26.09000015258789
2004-04-27,BKNG,26.450000762939453,25.780000686645508,26.100000381469727,25.90999984741211,1179900.0,25.90999984741211
2004-04-28,BKNG,26.020000457763672,25.020000457763672,25.829999923706055,25.229999542236328,692700.0,25.229999542236328
2004-04-29,BKNG,25.809999465942383,24.079999923706055,25.25,24.209999084472656,1210900.0,24.209999084472656
2004-04-30,BKNG,24.530000686645508,23.829999923706055,24.06999969482422,24.270000457763672,782700.0,24.270000457763672
2004-05-03,BKNG,25.65999984741211,24.149999618530273,24.309999465942383,24.8700008392334,2191800.0,24.8700008392334
2004-05-04,BKNG,27.239999771118164,24.520000457763672,24.850000381469727,25.420000076293945,2937600.0,25.420000076293945
2004-05-05,BKNG,25.450000762939453,24.15999984741211,25.450000762939453,24.229999542236328,1185400.0,24.229999542236328
2004-05-06,BKNG,24.84000015258789,23.940000534057617,24.200000762939453,24.40999984741211,962900.0,24.40999984741211
2004-05-07,BKNG,24.639999389648438,23.399999618530273,24.489999771118164,23.56999969482422,1075100.0,23.56999969482422
2004-05-10,BKNG,23.700000762939453,22.610000610351562,23.309999465942383,22.899999618530273,809900.0,22.899999618530273
2004-05-11,BKNG,24.0,22.899999618530273,22.93000030517578,23.469999313354492,610000.0,23.469999313354492
2004-05-12,BKNG,23.559999465942383,22.43000030517578,23.459999084472656,23.479999542236328,837000.0,23.479999542236328
2004-05-13,BKNG,23.6200008392334,22.889999389648438,23.31999969482422,23.25,561100.0,23.25
2004-05-14,BKNG,23.600000381469727,22.81999969482422,23.299999237060547,23.100000381469727,378800.0,23.100000381469727
2004-05-17,BKNG,22.989999771118164,22.270000457763672,22.860000610351562,22.690000534057617,363100.0,22.690000534057617
2004-05-18,BKNG,23.299999237060547,22.65999984741211,22.719999313354492,23.110000610351562,398000.0,23.110000610351562
2004-05-19,BKNG,24.0,22.760000228881836,23.209999084472656,22.760000228881836,586300.0,22.760000228881836
2004-05-20,BKNG,23.1299991607666,22.700000762939453,22.829999923706055,22.979999542236328,501600.0,22.979999542236328
2004-05-21,BKNG,23.709999084472656,23.040000915527344,23.09000015258789,23.709999084472656,882900.0,23.709999084472656
2004-05-24,BKNG,24.610000610351562,23.809999465942383,23.959999084472656,24.200000762939453,768700.0,24.200000762939453
2004-05-25,BKNG,25.3799991607666,23.979999542236328,24.3799991607666,25.190000534057617,863300.0,25.190000534057617
2004-05-26,BKNG,25.670000076293945,25.0,25.270000457763672,25.489999771118164,820500.0,25.489999771118164
2004-05-27,BKNG,25.709999084472656,24.6299991607666,25.450000762939453,25.209999084472656,554700.0,25.209999084472656
2004-05-28,BKNG,26.200000762939453,25.200000762939453,25.329999923706055,26.200000762939453,766800.0,26.200000762939453
2004-06-01,BKNG,28.440000534057617,26.0,26.200000762939453,28.219999313354492,2089100.0,28.219999313354492
2004-06-02,BKNG,28.34000015258789,26.850000381469727,28.31999969482422,27.100000381469727,1311500.0,27.100000381469727
2004-06-03,BKNG,27.399999618530273,26.799999237060547,26.8700008392334,26.799999237060547,636900.0,26.799999237060547
2004-06-04,BKNG,27.700000762939453,27.0,27.1200008392334,27.170000076293945,541100.0,27.170000076293945
2004-06-07,BKNG,27.729999542236328,27.270000457763672,27.5,27.729999542236328,556900.0,27.729999542236328
2004-06-08,BKNG,28.200000762939453,27.510000228881836,27.690000534057617,28.020000457763672,677700.0,28.020000457763672
2004-06-09,BKNG,28.06999969482422,27.34000015258789,27.860000610351562,27.459999084472656,741900.0,27.459999084472656
2004-06-10,BKNG,27.829999923706055,26.920000076293945,27.489999771118164,27.06999969482422,469700.0,27.06999969482422
2004-06-14,BKNG,27.540000915527344,26.790000915527344,26.799999237060547,27.170000076293945,586500.0,27.170000076293945
2004-06-15,BKNG,28.0,27.110000610351562,27.110000610351562,27.670000076293945,531000.0,27.670000076293945
2004-06-16,BKNG,27.889999389648438,27.5,27.8700008392334,27.59000015258789,517500.0,27.59000015258789
2004-06-17,BKNG,28.389999389648438,27.06999969482422,27.709999084472656,28.229999542236328,629700.0,28.229999542236328
2004-06-18,BKNG,29.1200008392334,27.950000762939453,28.100000381469727,28.649999618530273,1063000.0,28.649999618530273
2004-06-21,BKNG,29.0,27.979999542236328,28.979999542236328,28.0,759500.0,28.0
2004-06-22,BKNG,29.520000457763672,26.450000762939453,28.90999984741211,27.600000381469727,3739600.0,27.600000381469727
2004-06-23,BKNG,27.700000762939453,26.81999969482422,27.309999465942383,27.34000015258789,2540600.0,27.34000015258789
2004-06-24,BKNG,27.75,27.049999237060547,27.299999237060547,27.190000534057617,866000.0,27.190000534057617
2004-06-25,BKNG,27.559999465942383,26.899999618530273,26.940000534057617,27.049999237060547,888900.0,27.049999237060547
2004-06-28,BKNG,27.829999923706055,26.700000762939453,27.229999542236328,26.739999771118164,1111500.0,26.739999771118164
2004-06-29,BKNG,27.299999237060547,26.760000228881836,26.989999771118164,27.149999618530273,924800.0,27.149999618530273
2004-06-30,BKNG,27.690000534057617,26.889999389648438,27.25,26.93000030517578,1258000.0,26.93000030517578
2004-07-01,BKNG,26.950000762939453,25.649999618530273,26.809999465942383,25.950000762939453,1283200.0,25.950000762939453
2004-07-02,BKNG,26.239999771118164,25.600000381469727,25.75,25.700000762939453,1076400.0,25.700000762939453
2004-07-06,BKNG,26.040000915527344,24.920000076293945,26.0,25.3799991607666,858400.0,25.3799991607666
2004-07-07,BKNG,25.649999618530273,24.34000015258789,25.049999237060547,25.059999465942383,629200.0,25.059999465942383
2004-07-08,BKNG,25.5,24.860000610351562,24.899999618530273,24.889999389648438,659300.0,24.889999389648438
2004-07-09,BKNG,24.899999618530273,24.299999237060547,24.739999771118164,24.56999969482422,668900.0,24.56999969482422
2004-07-12,BKNG,24.719999313354492,24.200000762939453,24.469999313354492,24.3799991607666,534700.0,24.3799991607666
2004-07-13,BKNG,24.850000381469727,24.209999084472656,24.540000915527344,24.420000076293945,522800.0,24.420000076293945
2004-07-14,BKNG,24.549999237060547,23.799999237060547,24.3799991607666,24.299999237060547,805300.0,24.299999237060547
2004-07-15,BKNG,24.5,24.010000228881836,24.329999923706055,24.229999542236328,485700.0,24.229999542236328
2004-07-16,BKNG,24.350000381469727,23.59000015258789,24.350000381469727,23.719999313354492,294300.0,23.719999313354492
2004-07-19,BKNG,23.8700008392334,22.40999984741211,23.760000228881836,23.520000457763672,866100.0,23.520000457763672
2004-07-20,BKNG,24.200000762939453,23.309999465942383,23.530000686645508,24.110000610351562,888100.0,24.110000610351562
2004-07-21,BKNG,24.469999313354492,22.93000030517578,24.399999618530273,22.959999084472656,714500.0,22.959999084472656
2004-07-22,BKNG,23.489999771118164,22.219999313354492,22.56999969482422,23.309999465942383,1525000.0,23.309999465942383
2004-07-23,BKNG,23.299999237060547,22.639999389648438,23.049999237060547,22.799999237060547,670500.0,22.799999237060547
2004-07-26,BKNG,23.09000015258789,22.450000762939453,22.790000915527344,22.6200008392334,521800.0,22.6200008392334
2004-07-27,BKNG,23.399999618530273,22.530000686645508,22.770000457763672,23.100000381469727,523200.0,23.100000381469727
2004-07-28,BKNG,23.489999771118164,22.5,23.1200008392334,23.040000915527344,509300.0,23.040000915527344
2004-07-29,BKNG,23.729999542236328,22.959999084472656,23.1200008392334,23.59000015258789,487500.0,23.59000015258789
2004-07-30,BKNG,23.940000534057617,23.139999389648438,23.479999542236328,23.68000030517578,347000.0,23.68000030517578
2004-08-02,BKNG,23.979999542236328,22.950000762939453,23.700000762939453,23.729999542236328,1138700.0,23.729999542236328
2004-08-03,BKNG,22.149999618530273,20.030000686645508,20.6200008392334,20.290000915527344,4655300.0,20.290000915527344
2004-08-04,BKNG,19.969999313354492,18.5,19.969999313354492,19.350000381469727,4459900.0,19.350000381469727
2004-08-05,BKNG,19.479999542236328,18.329999923706055,19.450000762939453,18.68000030517578,1334100.0,18.68000030517578
2004-08-06,BKNG,18.68000030517578,17.420000076293945,18.68000030517578,18.399999618530273,1834300.0,18.399999618530273
2004-08-09,BKNG,19.200000762939453,18.510000228881836,19.0,18.6200008392334,1354600.0,18.6200008392334
2004-08-10,BKNG,19.149999618530273,18.610000610351562,19.049999237060547,19.100000381469727,631900.0,19.100000381469727
2004-08-11,BKNG,19.209999084472656,18.3799991607666,19.15999984741211,19.030000686645508,669000.0,19.030000686645508
2004-08-12,BKNG,19.25,18.420000076293945,18.81999969482422,18.600000381469727,528800.0,18.600000381469727
2004-08-13,BKNG,18.8799991607666,18.1200008392334,18.540000915527344,18.559999465942383,545700.0,18.559999465942383
2004-08-16,BKNG,19.440000534057617,18.40999984741211,18.549999237060547,19.190000534057617,521700.0,19.190000534057617
2004-08-17,BKNG,19.649999618530273,19.1299991607666,19.260000228881836,19.329999923706055,523700.0,19.329999923706055
2004-08-18,BKNG,20.34000015258789,19.0,19.010000228881836,20.209999084472656,834500.0,20.209999084472656
2004-08-19,BKNG,20.489999771118164,19.920000076293945,20.34000015258789,20.010000228881836,428500.0,20.010000228881836
2004-08-20,BKNG,20.420000076293945,19.860000610351562,19.950000762939453,20.290000915527344,709300.0,20.290000915527344
2004-08-23,BKNG,21.030000686645508,20.079999923706055,20.389999389648438,20.860000610351562,702500.0,20.860000610351562
2004-08-24,BKNG,21.239999771118164,20.75,21.010000228881836,20.81999969482422,613000.0,20.81999969482422
2004-08-25,BKNG,21.559999465942383,20.479999542236328,20.84000015258789,21.450000762939453,622200.0,21.450000762939453
2004-08-26,BKNG,21.530000686645508,20.889999389648438,21.43000030517578,21.079999923706055,712300.0,21.079999923706055
2004-08-27,BKNG,21.270000457763672,20.969999313354492,21.09000015258789,21.149999618530273,261100.0,21.149999618530273
2004-08-30,BKNG,21.280000686645508,20.510000228881836,21.100000381469727,20.8799991607666,424000.0,20.8799991607666
2004-08-31,BKNG,21.100000381469727,20.649999618530273,20.860000610351562,20.8799991607666,251700.0,20.8799991607666
2004-09-01,BKNG,21.5,20.889999389648438,20.959999084472656,21.079999923706055,324300.0,21.079999923706055
2004-09-02,BKNG,21.360000610351562,20.68000030517578,21.1299991607666,21.25,595400.0,21.25
2004-09-03,BKNG,21.200000762939453,20.25,21.110000610351562,20.399999618530273,478000.0,20.399999618530273
2004-09-07,BKNG,20.59000015258789,19.719999313354492,20.530000686645508,19.989999771118164,863000.0,19.989999771118164
2004-09-08,BKNG,20.399999618530273,19.709999084472656,19.790000915527344,19.809999465942383,392000.0,19.809999465942383
2004-09-09,BKNG,20.219999313354492,19.75,19.809999465942383,20.09000015258789,427800.0,20.09000015258789
2004-09-10,BKNG,20.540000915527344,20.100000381469727,20.100000381469727,20.420000076293945,344300.0,20.420000076293945
2004-09-13,BKNG,20.760000228881836,20.3700008392334,20.479999542236328,20.65999984741211,682900.0,20.65999984741211
2004-09-14,BKNG,20.81999969482422,20.3799991607666,20.760000228881836,20.649999618530273,757600.0,20.649999618530273
2004-09-15,BKNG,20.6200008392334,20.040000915527344,20.6200008392334,20.110000610351562,592100.0,20.110000610351562
2004-09-16,BKNG,20.290000915527344,19.739999771118164,19.969999313354492,20.0,676800.0,20.0
2004-09-17,BKNG,20.43000030517578,19.780000686645508,20.100000381469727,20.0,885300.0,20.0
2004-09-20,BKNG,19.799999237060547,19.31999969482422,19.75,19.5,1000400.0,19.5
2004-09-21,BKNG,19.690000534057617,19.40999984741211,19.440000534057617,19.600000381469727,472800.0,19.600000381469727
2004-09-22,BKNG,21.68000030517578,20.25,20.25,21.219999313354492,2920000.0,21.219999313354492
2004-09-23,BKNG,21.489999771118164,20.68000030517578,21.1299991607666,20.860000610351562,787200.0,20.860000610351562
2004-09-24,BKNG,21.200000762939453,20.75,21.100000381469727,20.959999084472656,739400.0,20.959999084472656
2004-09-27,BKNG,20.950000762939453,20.030000686645508,20.770000457763672,20.1299991607666,785400.0,20.1299991607666
2004-09-28,BKNG,20.15999984741211,19.889999389648438,20.049999237060547,19.979999542236328,712800.0,19.979999542236328
2004-09-29,BKNG,22.610000610351562,21.6299991607666,22.200000762939453,22.1299991607666,4624500.0,22.1299991607666
2004-09-30,BKNG,22.299999237060547,21.780000686645508,22.15999984741211,22.170000076293945,1098700.0,22.170000076293945
2004-10-01,BKNG,22.979999542236328,22.219999313354492,22.31999969482422,22.84000015258789,783000.0,22.84000015258789
2004-10-04,BKNG,23.709999084472656,22.739999771118164,22.899999618530273,22.860000610351562,1090300.0,22.860000610351562
2004-10-05,BKNG,23.0,22.510000228881836,22.700000762939453,22.610000610351562,456700.0,22.610000610351562
2004-10-06,BKNG,22.780000686645508,22.170000076293945,22.75,22.65999984741211,403500.0,22.65999984741211
2004-10-07,BKNG,22.690000534057617,22.209999084472656,22.65999984741211,22.280000686645508,368500.0,22.280000686645508
2004-10-08,BKNG,22.200000762939453,21.489999771118164,22.170000076293945,21.729999542236328,569900.0,21.729999542236328
2004-10-11,BKNG,22.020000457763672,21.520000457763672,21.65999984741211,21.8700008392334,300600.0,21.8700008392334
2004-10-12,BKNG,21.8799991607666,21.399999618530273,21.6200008392334,21.59000015258789,613300.0,21.59000015258789
2004-10-13,BKNG,21.979999542236328,21.200000762939453,21.719999313354492,21.34000015258789,791900.0,21.34000015258789
2004-10-14,BKNG,21.299999237060547,20.899999618530273,21.299999237060547,21.110000610351562,719400.0,21.110000610351562
2004-10-15,BKNG,21.1200008392334,20.610000610351562,21.1200008392334,20.809999465942383,486800.0,20.809999465942383
2004-10-18,BKNG,20.719999313354492,20.270000457763672,20.670000076293945,20.600000381469727,485400.0,20.600000381469727
2004-10-19,BKNG,20.899999618530273,19.969999313354492,20.709999084472656,20.100000381469727,712400.0,20.100000381469727
2004-10-20,BKNG,20.190000534057617,19.84000015258789,20.0,20.15999984741211,513700.0,20.15999984741211
2004-10-21,BKNG,20.799999237060547,20.100000381469727,20.25,20.690000534057617,670100.0,20.690000534057617
2004-10-22,BKNG,20.850000381469727,20.100000381469727,20.850000381469727,20.329999923706055,530000.0,20.329999923706055
2004-10-25,BKNG,20.3799991607666,20.020000457763672,20.200000762939453,20.149999618530273,476400.0,20.149999618530273
2004-10-26,BKNG,20.229999542236328,19.649999618530273,20.229999542236328,19.889999389648438,524500.0,19.889999389648438
2004-10-27,BKNG,20.670000076293945,19.799999237060547,19.799999237060547,20.260000228881836,561700.0,20.260000228881836
2004-10-28,BKNG,20.299999237060547,20.0,20.299999237060547,20.25,475100.0,20.25
2004-10-29,BKNG,20.3799991607666,19.850000381469727,20.170000076293945,19.940000534057617,582900.0,19.940000534057617
2004-11-01,BKNG,20.139999389648438,19.690000534057617,19.950000762939453,19.989999771118164,374500.0,19.989999771118164
2004-11-02,BKNG,21.389999389648438,19.979999542236328,20.059999465942383,20.950000762939453,3029500.0,20.950000762939453
2004-11-03,BKNG,21.600000381469727,19.989999771118164,21.3799991607666,21.3799991607666,2594200.0,21.3799991607666
2004-11-04,BKNG,22.700000762939453,21.520000457763672,21.540000915527344,22.389999389648438,1646500.0,22.389999389648438
2004-11-05,BKNG,22.979999542236328,21.950000762939453,22.829999923706055,22.440000534057617,744800.0,22.440000534057617
2004-11-08,BKNG,22.93000030517578,22.399999618530273,22.59000015258789,22.709999084472656,499700.0,22.709999084472656
2004-11-09,BKNG,23.040000915527344,22.420000076293945,22.709999084472656,23.0,541200.0,23.0
2004-11-10,BKNG,23.229999542236328,22.59000015258789,23.0,22.700000762939453,465200.0,22.700000762939453
2004-11-11,BKNG,23.68000030517578,22.649999618530273,22.8799991607666,23.549999237060547,985600.0,23.549999237060547
2004-11-12,BKNG,25.549999237060547,24.049999237060547,24.049999237060547,24.459999084472656,1754900.0,24.459999084472656
2004-11-15,BKNG,24.700000762939453,23.899999618530273,24.700000762939453,24.43000030517578,1043100.0,24.43000030517578
2004-11-16,BKNG,24.549999237060547,23.510000228881836,24.489999771118164,23.899999618530273,784400.0,23.899999618530273
2004-11-17,BKNG,24.350000381469727,23.610000610351562,24.020000457763672,23.829999923706055,313800.0,23.829999923706055
2004-11-18,BKNG,24.0,23.520000457763672,23.530000686645508,23.889999389648438,285100.0,23.889999389648438
2004-11-19,BKNG,23.989999771118164,23.5,23.700000762939453,23.670000076293945,681000.0,23.670000076293945
2004-11-22,BKNG,23.989999771118164,23.200000762939453,23.84000015258789,23.81999969482422,543500.0,23.81999969482422
2004-11-23,BKNG,24.600000381469727,23.760000228881836,23.8700008392334,23.940000534057617,581300.0,23.940000534057617
2004-11-24,BKNG,24.5,23.75,23.940000534057617,24.170000076293945,578600.0,24.170000076293945
2004-11-26,BKNG,24.43000030517578,24.010000228881836,24.170000076293945,24.09000015258789,152700.0,24.09000015258789
2004-11-29,BKNG,24.600000381469727,23.75,24.299999237060547,24.040000915527344,443200.0,24.040000915527344
2004-11-30,BKNG,24.139999389648438,23.760000228881836,24.100000381469727,23.8700008392334,305000.0,23.8700008392334
2004-12-01,BKNG,24.8700008392334,23.850000381469727,23.93000030517578,24.520000457763672,889700.0,24.520000457763672
2004-12-02,BKNG,26.149999618530273,24.350000381469727,24.760000228881836,24.559999465942383,1704800.0,24.559999465942383
2004-12-03,BKNG,25.299999237060547,24.540000915527344,25.299999237060547,24.700000762939453,605200.0,24.700000762939453
2004-12-06,BKNG,24.989999771118164,24.530000686645508,24.8700008392334,24.799999237060547,345300.0,24.799999237060547
2004-12-07,BKNG,25.209999084472656,23.719999313354492,25.06999969482422,23.979999542236328,618300.0,23.979999542236328
2004-12-08,BKNG,24.219999313354492,23.700000762939453,24.170000076293945,23.93000030517578,292200.0,23.93000030517578
2004-12-09,BKNG,24.030000686645508,23.170000076293945,23.979999542236328,23.959999084472656,387200.0,23.959999084472656
2004-12-10,BKNG,24.030000686645508,23.190000534057617,23.770000457763672,23.489999771118164,577400.0,23.489999771118164
2004-12-13,BKNG,23.68000030517578,23.260000228881836,23.5,23.510000228881836,319900.0,23.510000228881836
2004-12-14,BKNG,23.959999084472656,23.479999542236328,23.479999542236328,23.739999771118164,385900.0,23.739999771118164
2004-12-15,BKNG,23.959999084472656,23.479999542236328,23.850000381469727,23.90999984741211,424300.0,23.90999984741211
2004-12-16,BKNG,24.06999969482422,23.010000228881836,23.81999969482422,23.270000457763672,687400.0,23.270000457763672
2004-12-17,BKNG,23.440000534057617,22.829999923706055,23.34000015258789,23.040000915527344,483400.0,23.040000915527344
2004-12-20,BKNG,23.280000686645508,22.5,23.149999618530273,22.579999923706055,827800.0,22.579999923706055
2004-12-21,BKNG,24.450000762939453,22.850000381469727,22.850000381469727,24.020000457763672,3079100.0,24.020000457763672
2004-12-22,BKNG,24.25,23.65999984741211,24.110000610351562,24.020000457763672,558300.0,24.020000457763672
2004-12-23,BKNG,24.170000076293945,23.719999313354492,24.170000076293945,23.979999542236328,389100.0,23.979999542236328
2004-12-27,BKNG,24.280000686645508,23.5,24.079999923706055,23.780000686645508,362200.0,23.780000686645508
2004-12-28,BKNG,24.479999542236328,23.899999618530273,24.479999542236328,23.969999313354492,302300.0,23.969999313354492
2004-12-29,BKNG,24.209999084472656,23.760000228881836,23.889999389648438,23.81999969482422,245700.0,23.81999969482422
2004-12-30,BKNG,23.989999771118164,23.3700008392334,23.84000015258789,23.790000915527344,396000.0,23.790000915527344
2004-12-31,BKNG,23.959999084472656,23.43000030517578,23.93000030517578,23.59000015258789,318700.0,23.59000015258789
2005-01-03,BKNG,24.459999084472656,23.290000915527344,23.719999313354492,23.729999542236328,1110000.0,23.729999542236328
2005-01-04,BKNG,25.809999465942383,23.729999542236328,24.399999618530273,23.8799991607666,2960700.0,23.8799991607666
2005-01-05,BKNG,23.979999542236328,23.100000381469727,23.700000762939453,23.59000015258789,883300.0,23.59000015258789
2005-01-06,BKNG,24.59000015258789,22.65999984741211,23.649999618530273,24.18000030517578,2634900.0,24.18000030517578
2005-01-07,BKNG,25.399999618530273,24.309999465942383,24.3799991607666,25.010000228881836,2247200.0,25.010000228881836
2005-01-10,BKNG,25.5,24.700000762939453,25.100000381469727,25.030000686645508,942100.0,25.030000686645508
2005-01-11,BKNG,25.020000457763672,24.209999084472656,25.0,24.350000381469727,995500.0,24.350000381469727
2005-01-12,BKNG,24.489999771118164,23.719999313354492,24.389999389648438,24.229999542236328,760700.0,24.229999542236328
2005-01-13,BKNG,24.450000762939453,23.989999771118164,24.139999389648438,24.059999465942383,517600.0,24.059999465942383
2005-01-14,BKNG,24.399999618530273,23.649999618530273,24.0,23.889999389648438,781300.0,23.889999389648438
2005-01-18,BKNG,24.989999771118164,23.149999618530273,24.010000228881836,24.469999313354492,1057700.0,24.469999313354492
2005-01-19,BKNG,24.600000381469727,24.020000457763672,24.549999237060547,24.1200008392334,453000.0,24.1200008392334
2005-01-20,BKNG,24.079999923706055,23.34000015258789,24.010000228881836,23.56999969482422,1009800.0,23.56999969482422
2005-01-21,BKNG,23.489999771118164,22.770000457763672,23.3799991607666,22.989999771118164,1182100.0,22.989999771118164
2005-01-24,BKNG,23.219999313354492,22.440000534057617,22.889999389648438,22.540000915527344,930000.0,22.540000915527344
2005-01-25,BKNG,22.979999542236328,22.030000686645508,22.399999618530273,22.239999771118164,574500.0,22.239999771118164
2005-01-26,BKNG,22.709999084472656,22.100000381469727,22.280000686645508,22.520000457763672,430200.0,22.520000457763672
2005-01-27,BKNG,22.729999542236328,22.200000762939453,22.549999237060547,22.360000610351562,395100.0,22.360000610351562
2005-01-28,BKNG,22.899999618530273,21.950000762939453,22.350000381469727,22.110000610351562,815500.0,22.110000610351562
2005-01-31,BKNG,22.979999542236328,22.100000381469727,22.1200008392334,22.59000015258789,659400.0,22.59000015258789
2005-02-01,BKNG,22.8700008392334,22.3799991607666,22.639999389648438,22.399999618530273,393900.0,22.399999618530273
2005-02-02,BKNG,23.299999237060547,22.1299991607666,22.3700008392334,22.270000457763672,530000.0,22.270000457763672
2005-02-03,BKNG,22.469999313354492,21.8700008392334,22.299999237060547,22.200000762939453,408800.0,22.200000762939453
2005-02-04,BKNG,22.290000915527344,21.770000457763672,22.260000228881836,21.81999969482422,483000.0,21.81999969482422
2005-02-07,BKNG,22.020000457763672,21.760000228881836,21.81999969482422,21.81999969482422,431200.0,21.81999969482422
2005-02-08,BKNG,21.8799991607666,21.110000610351562,21.760000228881836,21.200000762939453,789300.0,21.200000762939453
2005-02-09,BKNG,21.709999084472656,21.020000457763672,21.139999389648438,21.030000686645508,628600.0,21.030000686645508
2005-02-10,BKNG,21.239999771118164,20.559999465942383,21.239999771118164,20.940000534057617,758000.0,20.940000534057617
2005-02-11,BKNG,21.479999542236328,20.510000228881836,20.84000015258789,21.399999618530273,477700.0,21.399999618530273
2005-02-14,BKNG,21.670000076293945,21.040000915527344,21.420000076293945,21.389999389648438,463100.0,21.389999389648438
2005-02-15,BKNG,22.420000076293945,21.770000457763672,21.81999969482422,22.25,981500.0,22.25
2005-02-16,BKNG,22.450000762939453,21.520000457763672,22.299999237060547,21.780000686645508,677000.0,21.780000686645508
2005-02-17,BKNG,22.030000686645508,20.700000762939453,21.760000228881836,21.139999389648438,1223800.0,21.139999389648438
2005-02-18,BKNG,23.489999771118164,21.709999084472656,22.600000381469727,22.8799991607666,3186800.0,22.8799991607666
2005-02-22,BKNG,23.540000915527344,22.260000228881836,22.790000915527344,22.440000534057617,1214100.0,22.440000534057617
2005-02-23,BKNG,22.799999237060547,21.6299991607666,22.3799991607666,22.049999237060547,619700.0,22.049999237060547
2005-02-24,BKNG,22.600000381469727,21.75,21.899999618530273,22.520000457763672,583800.0,22.520000457763672
2005-02-25,BKNG,22.700000762939453,22.209999084472656,22.600000381469727,22.25,313800.0,22.25
2005-02-28,BKNG,22.670000076293945,22.15999984741211,22.15999984741211,22.469999313354492,413500.0,22.469999313354492
2005-03-01,BKNG,22.8799991607666,22.40999984741211,22.56999969482422,22.75,366000.0,22.75
2005-03-02,BKNG,23.350000381469727,22.6299991607666,22.65999984741211,22.799999237060547,436600.0,22.799999237060547
2005-03-03,BKNG,23.299999237060547,22.510000228881836,22.75,22.8700008392334,294300.0,22.8700008392334
2005-03-04,BKNG,23.290000915527344,22.889999389648438,23.010000228881836,23.06999969482422,306200.0,23.06999969482422
2005-03-07,BKNG,23.719999313354492,23.020000457763672,23.18000030517578,23.229999542236328,584200.0,23.229999542236328
2005-03-08,BKNG,23.40999984741211,22.969999313354492,23.40999984741211,23.110000610351562,492200.0,23.110000610351562
2005-03-09,BKNG,23.110000610351562,22.059999465942383,22.979999542236328,22.170000076293945,412700.0,22.170000076293945
2005-03-10,BKNG,22.34000015258789,21.8700008392334,22.010000228881836,22.270000457763672,535200.0,22.270000457763672
2005-03-11,BKNG,22.899999618530273,22.110000610351562,22.25,22.299999237060547,493600.0,22.299999237060547
2005-03-14,BKNG,22.479999542236328,21.899999618530273,22.479999542236328,22.059999465942383,278900.0,22.059999465942383
2005-03-15,BKNG,22.450000762939453,21.6200008392334,21.959999084472656,21.829999923706055,374100.0,21.829999923706055
2005-03-16,BKNG,22.479999542236328,21.600000381469727,21.600000381469727,22.110000610351562,717700.0,22.110000610351562
2005-03-17,BKNG,22.93000030517578,22.100000381469727,22.100000381469727,22.790000915527344,488100.0,22.790000915527344
2005-03-18,BKNG,23.450000762939453,22.75,22.850000381469727,23.18000030517578,840700.0,23.18000030517578
2005-03-21,BKNG,24.0,23.020000457763672,23.260000228881836,23.920000076293945,934700.0,23.920000076293945
2005-03-22,BKNG,23.940000534057617,23.209999084472656,23.860000610351562,23.6299991607666,496800.0,23.6299991607666
2005-03-23,BKNG,24.139999389648438,23.479999542236328,23.479999542236328,23.709999084472656,653900.0,23.709999084472656
2005-03-24,BKNG,24.729999542236328,24.139999389648438,24.399999618530273,24.3799991607666,795300.0,24.3799991607666
2005-03-28,BKNG,27.079999923706055,24.3799991607666,24.479999542236328,26.209999084472656,2316700.0,26.209999084472656
2005-03-29,BKNG,26.399999618530273,25.350000381469727,25.920000076293945,25.8799991607666,1220800.0,25.8799991607666
2005-03-30,BKNG,26.3700008392334,25.510000228881836,25.799999237060547,26.049999237060547,468300.0,26.049999237060547
2005-03-31,BKNG,25.600000381469727,24.5,25.450000762939453,25.200000762939453,866300.0,25.200000762939453
2005-04-01,BKNG,25.600000381469727,25.06999969482422,25.270000457763672,25.06999969482422,331200.0,25.06999969482422
2005-04-04,BKNG,25.450000762939453,24.809999465942383,25.020000457763672,25.239999771118164,362300.0,25.239999771118164
2005-04-05,BKNG,25.479999542236328,24.979999542236328,25.15999984741211,25.079999923706055,252800.0,25.079999923706055
2005-04-06,BKNG,25.1299991607666,24.709999084472656,24.989999771118164,24.940000534057617,214000.0,24.940000534057617
2005-04-07,BKNG,25.3700008392334,24.709999084472656,24.850000381469727,25.290000915527344,322200.0,25.290000915527344
2005-04-08,BKNG,26.969999313354492,25.049999237060547,25.350000381469727,26.530000686645508,906800.0,26.530000686645508
2005-04-11,BKNG,26.75,25.670000076293945,26.5,26.40999984741211,593600.0,26.40999984741211
2005-04-12,BKNG,26.329999923706055,25.170000076293945,26.200000762939453,25.290000915527344,755000.0,25.290000915527344
2005-04-13,BKNG,25.399999618530273,23.90999984741211,25.200000762939453,24.1299991607666,796300.0,24.1299991607666
2005-04-14,BKNG,25.170000076293945,23.920000076293945,23.920000076293945,25.049999237060547,779900.0,25.049999237060547
2005-04-15,BKNG,25.1200008392334,24.6200008392334,24.850000381469727,24.709999084472656,778800.0,24.709999084472656
2005-04-18,BKNG,25.200000762939453,24.40999984741211,24.860000610351562,24.799999237060547,657000.0,24.799999237060547
2005-04-19,BKNG,25.799999237060547,24.719999313354492,25.079999923706055,25.489999771118164,605300.0,25.489999771118164
2005-04-20,BKNG,25.899999618530273,24.799999237060547,25.5,24.969999313354492,573300.0,24.969999313354492
2005-04-21,BKNG,25.25,24.299999237060547,25.010000228881836,24.489999771118164,1261100.0,24.489999771118164
2005-04-22,BKNG,25.059999465942383,24.0,24.399999618530273,24.520000457763672,1249800.0,24.520000457763672
2005-04-25,BKNG,25.559999465942383,24.450000762939453,24.6200008392334,25.100000381469727,502200.0,25.100000381469727
2005-04-26,BKNG,25.030000686645508,24.5,25.020000457763672,24.65999984741211,295600.0,24.65999984741211
2005-04-27,BKNG,25.850000381469727,24.049999237060547,24.56999969482422,25.530000686645508,581100.0,25.530000686645508
2005-04-28,BKNG,25.770000457763672,25.030000686645508,25.360000610351562,25.270000457763672,379900.0,25.270000457763672
2005-04-29,BKNG,25.559999465942383,24.59000015258789,25.399999618530273,25.360000610351562,292000.0,25.360000610351562
2005-05-02,BKNG,25.489999771118164,24.530000686645508,25.299999237060547,25.040000915527344,265800.0,25.040000915527344
2005-05-03,BKNG,25.25,24.600000381469727,24.719999313354492,25.040000915527344,196100.0,25.040000915527344
2005-05-04,BKNG,26.610000610351562,25.270000457763672,25.350000381469727,26.489999771118164,727800.0,26.489999771118164
2005-05-05,BKNG,26.5,25.770000457763672,26.18000030517578,26.5,338500.0,26.5
2005-05-06,BKNG,27.0,25.670000076293945,26.440000534057617,25.799999237060547,657300.0,25.799999237060547
2005-05-09,BKNG,26.719999313354492,25.489999771118164,25.6200008392334,26.639999389648438,983500.0,26.639999389648438
2005-05-10,BKNG,24.5,23.0,24.020000457763672,23.940000534057617,3671000.0,23.940000534057617
2005-05-11,BKNG,24.149999618530273,23.600000381469727,23.850000381469727,23.760000228881836,629400.0,23.760000228881836
2005-05-12,BKNG,24.200000762939453,23.459999084472656,23.739999771118164,23.530000686645508,609800.0,23.530000686645508
2005-05-13,BKNG,23.780000686645508,22.860000610351562,23.450000762939453,23.489999771118164,416200.0,23.489999771118164
2005-05-16,BKNG,23.93000030517578,23.280000686645508,23.399999618530273,23.920000076293945,524400.0,23.920000076293945
2005-05-17,BKNG,23.950000762939453,23.100000381469727,23.700000762939453,23.68000030517578,641900.0,23.68000030517578
2005-05-18,BKNG,24.479999542236328,23.510000228881836,23.510000228881836,24.219999313354492,396900.0,24.219999313354492
2005-05-19,BKNG,24.440000534057617,24.18000030517578,24.18000030517578,24.34000015258789,195400.0,24.34000015258789
2005-05-20,BKNG,24.670000076293945,24.25,24.389999389648438,24.489999771118164,286500.0,24.489999771118164
2005-05-23,BKNG,25.25,24.010000228881836,24.1299991607666,25.100000381469727,992900.0,25.100000381469727
2005-05-24,BKNG,25.3700008392334,24.969999313354492,25.290000915527344,25.020000457763672,323400.0,25.020000457763672
2005-05-25,BKNG,25.010000228881836,24.510000228881836,24.84000015258789,24.6299991607666,660400.0,24.6299991607666
2005-05-26,BKNG,24.889999389648438,24.31999969482422,24.639999389648438,24.399999618530273,186900.0,24.399999618530273
2005-05-27,BKNG,24.420000076293945,23.950000762939453,24.350000381469727,24.190000534057617,363700.0,24.190000534057617
2005-05-31,BKNG,24.299999237060547,23.860000610351562,24.049999237060547,23.950000762939453,322400.0,23.950000762939453
2005-06-01,BKNG,24.489999771118164,23.739999771118164,23.850000381469727,24.190000534057617,345400.0,24.190000534057617
2005-06-02,BKNG,24.239999771118164,24.0,24.059999465942383,24.079999923706055,173500.0,24.079999923706055
2005-06-03,BKNG,24.479999542236328,23.739999771118164,23.979999542236328,23.8799991607666,199100.0,23.8799991607666
2005-06-06,BKNG,24.09000015258789,23.739999771118164,23.799999237060547,23.950000762939453,195500.0,23.950000762939453
2005-06-07,BKNG,24.049999237060547,23.549999237060547,23.850000381469727,23.850000381469727,642300.0,23.850000381469727
2005-06-08,BKNG,24.479999542236328,23.84000015258789,23.850000381469727,23.950000762939453,773000.0,23.950000762939453
2005-06-09,BKNG,24.440000534057617,24.0,24.100000381469727,24.280000686645508,919900.0,24.280000686645508
2005-06-10,BKNG,24.270000457763672,23.889999389648438,24.190000534057617,24.09000015258789,382800.0,24.09000015258789
2005-06-13,BKNG,24.100000381469727,23.540000915527344,23.93000030517578,23.860000610351562,270800.0,23.860000610351562
2005-06-14,BKNG,23.899999618530273,23.360000610351562,23.899999618530273,23.510000228881836,422200.0,23.510000228881836
2005-06-15,BKNG,23.65999984741211,22.850000381469727,23.5,23.170000076293945,363300.0,23.170000076293945
2005-06-16,BKNG,23.350000381469727,23.040000915527344,23.25,23.15999984741211,325300.0,23.15999984741211
2005-06-17,BKNG,23.389999389648438,22.8700008392334,23.149999618530273,23.020000457763672,255700.0,23.020000457763672
2005-06-20,BKNG,23.0,22.739999771118164,22.850000381469727,22.8799991607666,192500.0,22.8799991607666
2005-06-21,BKNG,22.950000762939453,22.389999389648438,22.850000381469727,22.510000228881836,483900.0,22.510000228881836
2005-06-22,BKNG,22.899999618530273,22.219999313354492,22.56999969482422,22.770000457763672,449700.0,22.770000457763672
2005-06-23,BKNG,24.700000762939453,22.600000381469727,22.8700008392334,23.65999984741211,1367900.0,23.65999984741211
2005-06-24,BKNG,23.780000686645508,22.899999618530273,23.780000686645508,22.899999618530273,606500.0,22.899999618530273
2005-06-27,BKNG,23.299999237060547,22.440000534057617,22.8700008392334,22.59000015258789,418900.0,22.59000015258789
2005-06-28,BKNG,23.079999923706055,22.59000015258789,22.59000015258789,22.989999771118164,221100.0,22.989999771118164
2005-06-29,BKNG,22.969999313354492,22.59000015258789,22.920000076293945,22.719999313354492,394000.0,22.719999313354492
2005-06-30,BKNG,23.649999618530273,22.780000686645508,22.809999465942383,23.329999923706055,542400.0,23.329999923706055
2005-07-01,BKNG,23.90999984741211,23.09000015258789,23.3799991607666,23.25,372400.0,23.25
2005-07-05,BKNG,23.56999969482422,23.049999237060547,23.110000610351562,23.260000228881836,262800.0,23.260000228881836
2005-07-06,BKNG,23.600000381469727,22.899999618530273,23.139999389648438,23.0,487000.0,23.0
2005-07-07,BKNG,23.040000915527344,22.25,22.979999542236328,22.8799991607666,525500.0,22.8799991607666
2005-07-08,BKNG,22.93000030517578,22.350000381469727,22.799999237060547,22.649999618530273,485100.0,22.649999618530273
2005-07-11,BKNG,22.799999237060547,21.979999542236328,22.6299991607666,22.200000762939453,1399000.0,22.200000762939453
2005-07-12,BKNG,22.219999313354492,21.889999389648438,22.219999313354492,22.010000228881836,1165000.0,22.010000228881836
2005-07-13,BKNG,23.639999389648438,22.0,22.09000015258789,23.079999923706055,2207300.0,23.079999923706055
2005-07-14,BKNG,23.90999984741211,22.93000030517578,23.43000030517578,23.489999771118164,875900.0,23.489999771118164
2005-07-15,BKNG,23.950000762939453,23.110000610351562,23.329999923706055,23.670000076293945,435700.0,23.670000076293945
2005-07-18,BKNG,23.799999237060547,23.3700008392334,23.690000534057617,23.530000686645508,396900.0,23.530000686645508
2005-07-19,BKNG,24.3700008392334,23.420000076293945,23.469999313354492,24.34000015258789,560000.0,24.34000015258789
2005-07-20,BKNG,24.440000534057617,23.969999313354492,24.200000762939453,24.15999984741211,358100.0,24.15999984741211
2005-07-21,BKNG,24.450000762939453,23.8700008392334,24.31999969482422,23.940000534057617,196400.0,23.940000534057617
2005-07-22,BKNG,24.309999465942383,23.559999465942383,23.780000686645508,24.25,224800.0,24.25
2005-07-25,BKNG,24.389999389648438,23.920000076293945,24.350000381469727,23.93000030517578,153700.0,23.93000030517578
2005-07-26,BKNG,24.15999984741211,23.739999771118164,23.90999984741211,24.09000015258789,205100.0,24.09000015258789
2005-07-27,BKNG,24.600000381469727,24.010000228881836,24.149999618530273,24.459999084472656,334200.0,24.459999084472656
2005-07-28,BKNG,24.8700008392334,24.389999389648438,24.389999389648438,24.790000915527344,275600.0,24.790000915527344
2005-07-29,BKNG,25.0,24.56999969482422,24.670000076293945,24.84000015258789,225400.0,24.84000015258789
2005-08-01,BKNG,25.200000762939453,24.610000610351562,24.940000534057617,24.860000610351562,297200.0,24.860000610351562
2005-08-02,BKNG,25.290000915527344,24.670000076293945,24.860000610351562,24.729999542236328,231600.0,24.729999542236328
2005-08-03,BKNG,25.020000457763672,24.239999771118164,24.979999542236328,24.729999542236328,279100.0,24.729999542236328
2005-08-04,BKNG,24.709999084472656,23.75,24.520000457763672,24.100000381469727,490500.0,24.100000381469727
2005-08-05,BKNG,24.309999465942383,23.309999465942383,23.969999313354492,24.260000228881836,443900.0,24.260000228881836
2005-08-08,BKNG,24.510000228881836,23.790000915527344,24.489999771118164,24.329999923706055,656000.0,24.329999923706055
2005-08-09,BKNG,24.5,22.549999237060547,24.3700008392334,22.639999389648438,1185400.0,22.639999389648438
2005-08-10,BKNG,23.270000457763672,22.5,22.700000762939453,22.940000534057617,936900.0,22.940000534057617
2005-08-11,BKNG,23.239999771118164,22.549999237060547,22.799999237060547,22.969999313354492,287000.0,22.969999313354492
2005-08-12,BKNG,23.0,22.440000534057617,22.670000076293945,22.600000381469727,383600.0,22.600000381469727
2005-08-15,BKNG,22.809999465942383,22.40999984741211,22.450000762939453,22.6299991607666,270400.0,22.6299991607666
2005-08-16,BKNG,22.639999389648438,22.059999465942383,22.420000076293945,22.209999084472656,343700.0,22.209999084472656
2005-08-17,BKNG,22.209999084472656,21.8700008392334,22.049999237060547,21.940000534057617,307600.0,21.940000534057617
2005-08-18,BKNG,21.989999771118164,21.25,21.989999771118164,21.520000457763672,621400.0,21.520000457763672
2005-08-19,BKNG,21.75,21.489999771118164,21.5,21.600000381469727,225000.0,21.600000381469727
2005-08-22,BKNG,21.610000610351562,21.299999237060547,21.559999465942383,21.399999618530273,304700.0,21.399999618530273
2005-08-23,BKNG,21.690000534057617,21.309999465942383,21.559999465942383,21.56999969482422,299500.0,21.56999969482422
2005-08-24,BKNG,21.709999084472656,20.829999923706055,21.520000457763672,21.209999084472656,555100.0,21.209999084472656
2005-08-25,BKNG,21.31999969482422,20.709999084472656,21.149999618530273,20.850000381469727,516600.0,20.850000381469727
2005-08-26,BKNG,21.239999771118164,20.81999969482422,20.850000381469727,21.030000686645508,231700.0,21.030000686645508
2005-08-29,BKNG,21.5,20.6299991607666,21.100000381469727,21.350000381469727,221700.0,21.350000381469727
2005-08-30,BKNG,22.270000457763672,21.18000030517578,21.299999237060547,21.309999465942383,301400.0,21.309999465942383
2005-08-31,BKNG,21.709999084472656,21.09000015258789,21.309999465942383,21.489999771118164,464400.0,21.489999771118164
2005-09-01,BKNG,21.670000076293945,20.969999313354492,21.510000228881836,21.059999465942383,472300.0,21.059999465942383
2005-09-02,BKNG,21.31999969482422,20.940000534057617,20.940000534057617,21.15999984741211,276100.0,21.15999984741211
2005-09-06,BKNG,21.350000381469727,20.850000381469727,21.059999465942383,21.110000610351562,443500.0,21.110000610351562
2005-09-07,BKNG,21.360000610351562,20.889999389648438,21.0,21.1299991607666,421500.0,21.1299991607666
2005-09-08,BKNG,21.360000610351562,20.889999389648438,21.020000457763672,21.079999923706055,353200.0,21.079999923706055
2005-09-09,BKNG,21.350000381469727,20.6299991607666,20.969999313354492,20.84000015258789,539400.0,20.84000015258789
2005-09-12,BKNG,21.239999771118164,20.739999771118164,20.780000686645508,20.940000534057617,349700.0,20.940000534057617
2005-09-13,BKNG,21.049999237060547,20.5,20.84000015258789,20.90999984741211,564900.0,20.90999984741211
2005-09-14,BKNG,21.149999618530273,20.329999923706055,21.06999969482422,20.450000762939453,409200.0,20.450000762939453
2005-09-15,BKNG,20.639999389648438,20.299999237060547,20.530000686645508,20.479999542236328,303500.0,20.479999542236328
2005-09-16,BKNG,20.850000381469727,20.170000076293945,20.600000381469727,20.399999618530273,407400.0,20.399999618530273
2005-09-19,BKNG,20.5,20.040000915527344,20.5,20.18000030517578,214100.0,20.18000030517578
2005-09-20,BKNG,20.239999771118164,20.040000915527344,20.110000610351562,20.079999923706055,276300.0,20.079999923706055
2005-09-21,BKNG,20.110000610351562,19.010000228881836,20.110000610351562,19.34000015258789,902300.0,19.34000015258789
2005-09-22,BKNG,19.299999237060547,18.799999237060547,19.299999237060547,18.979999542236328,793000.0,18.979999542236328
2005-09-23,BKNG,19.780000686645508,18.93000030517578,19.06999969482422,18.989999771118164,579600.0,18.989999771118164
2005-09-26,BKNG,19.360000610351562,18.920000076293945,19.010000228881836,18.989999771118164,754400.0,18.989999771118164
2005-09-27,BKNG,19.1299991607666,18.770000457763672,19.030000686645508,18.8700008392334,444200.0,18.8700008392334
2005-09-28,BKNG,19.0,18.579999923706055,18.899999618530273,18.68000030517578,438000.0,18.68000030517578
2005-09-29,BKNG,19.100000381469727,18.56999969482422,18.56999969482422,19.040000915527344,472200.0,19.040000915527344
2005-09-30,BKNG,19.389999389648438,18.959999084472656,19.149999618530273,19.31999969482422,382200.0,19.31999969482422
2005-10-03,BKNG,19.969999313354492,19.229999542236328,19.229999542236328,19.600000381469727,544800.0,19.600000381469727
2005-10-04,BKNG,19.959999084472656,19.520000457763672,19.719999313354492,19.520000457763672,403000.0,19.520000457763672
2005-10-05,BKNG,19.559999465942383,19.360000610351562,19.530000686645508,19.469999313354492,592800.0,19.469999313354492
2005-10-06,BKNG,19.5,19.200000762939453,19.479999542236328,19.309999465942383,356800.0,19.309999465942383
2005-10-07,BKNG,19.510000228881836,19.229999542236328,19.3799991607666,19.31999969482422,283300.0,19.31999969482422
2005-10-10,BKNG,19.450000762939453,18.700000762939453,19.309999465942383,19.149999618530273,271300.0,19.149999618530273
2005-10-11,BKNG,19.389999389648438,19.010000228881836,19.200000762939453,19.1299991607666,333800.0,19.1299991607666
2005-10-12,BKNG,19.139999389648438,18.760000228881836,19.100000381469727,18.770000457763672,412500.0,18.770000457763672
2005-10-13,BKNG,18.899999618530273,18.600000381469727,18.75,18.739999771118164,333300.0,18.739999771118164
2005-10-14,BKNG,18.899999618530273,18.56999969482422,18.75,18.81999969482422,217000.0,18.81999969482422
2005-10-17,BKNG,19.079999923706055,18.690000534057617,18.860000610351562,18.8700008392334,181400.0,18.8700008392334
2005-10-18,BKNG,18.950000762939453,18.549999237060547,18.850000381469727,18.579999923706055,174000.0,18.579999923706055
2005-10-19,BKNG,19.920000076293945,19.149999618530273,19.489999771118164,19.850000381469727,936000.0,19.850000381469727
2005-10-20,BKNG,20.299999237060547,19.56999969482422,20.0,19.770000457763672,564500.0,19.770000457763672
2005-10-21,BKNG,20.6299991607666,19.809999465942383,19.809999465942383,20.31999969482422,1133400.0,20.31999969482422
2005-10-24,BKNG,20.479999542236328,20.1299991607666,20.350000381469727,20.25,333200.0,20.25
2005-10-25,BKNG,20.209999084472656,19.68000030517578,20.200000762939453,19.760000228881836,494600.0,19.760000228881836
2005-10-26,BKNG,19.75,18.75,19.75,18.84000015258789,885900.0,18.84000015258789
2005-10-27,BKNG,18.75,18.290000915527344,18.75,18.559999465942383,919900.0,18.559999465942383
2005-10-28,BKNG,18.81999969482422,18.200000762939453,18.610000610351562,18.6299991607666,734000.0,18.6299991607666
2005-10-31,BKNG,19.540000915527344,18.84000015258789,18.940000534057617,18.969999313354492,709400.0,18.969999313354492
2005-11-01,BKNG,19.59000015258789,19.010000228881836,19.030000686645508,19.540000915527344,432200.0,19.540000915527344
2005-11-02,BKNG,19.780000686645508,19.020000457763672,19.40999984741211,19.5,1071700.0,19.5
2005-11-03,BKNG,25.030000686645508,22.799999237060547,23.40999984741211,24.600000381469727,7501800.0,24.600000381469727
2005-11-04,BKNG,24.5,23.760000228881836,24.43000030517578,24.479999542236328,1116600.0,24.479999542236328
2005-11-07,BKNG,24.899999618530273,23.780000686645508,24.110000610351562,24.510000228881836,781800.0,24.510000228881836
2005-11-08,BKNG,24.5,24.010000228881836,24.5,24.030000686645508,395000.0,24.030000686645508
2005-11-09,BKNG,24.010000228881836,23.420000076293945,24.010000228881836,23.549999237060547,394500.0,23.549999237060547
2005-11-10,BKNG,23.510000228881836,23.0,23.399999618530273,23.479999542236328,625300.0,23.479999542236328
2005-11-11,BKNG,23.920000076293945,23.360000610351562,23.399999618530273,23.6200008392334,324600.0,23.6200008392334
2005-11-14,BKNG,23.790000915527344,23.18000030517578,23.790000915527344,23.610000610351562,320400.0,23.610000610351562
2005-11-15,BKNG,23.739999771118164,22.93000030517578,23.610000610351562,22.989999771118164,372700.0,22.989999771118164
2005-11-16,BKNG,23.25,22.920000076293945,22.969999313354492,23.18000030517578,350800.0,23.18000030517578
2005-11-17,BKNG,23.450000762939453,23.1200008392334,23.3799991607666,23.450000762939453,514400.0,23.450000762939453
2005-11-18,BKNG,23.84000015258789,23.139999389648438,23.510000228881836,23.149999618530273,686000.0,23.149999618530273
2005-11-21,BKNG,24.0,23.100000381469727,23.100000381469727,23.899999618530273,659600.0,23.899999618530273
2005-11-22,BKNG,24.239999771118164,23.65999984741211,23.719999313354492,24.059999465942383,426400.0,24.059999465942383
2005-11-23,BKNG,24.280000686645508,23.969999313354492,23.979999542236328,24.010000228881836,287600.0,24.010000228881836
2005-11-25,BKNG,24.09000015258789,23.809999465942383,23.90999984741211,23.989999771118164,86800.0,23.989999771118164
2005-11-28,BKNG,24.1299991607666,23.739999771118164,24.1299991607666,23.760000228881836,355700.0,23.760000228881836
2005-11-29,BKNG,23.829999923706055,23.510000228881836,23.760000228881836,23.540000915527344,599900.0,23.540000915527344
2005-11-30,BKNG,24.100000381469727,23.270000457763672,23.510000228881836,24.020000457763672,597200.0,24.020000457763672
2005-12-01,BKNG,24.690000534057617,23.90999984741211,23.959999084472656,24.56999969482422,612300.0,24.56999969482422
2005-12-02,BKNG,24.670000076293945,24.299999237060547,24.5,24.420000076293945,388800.0,24.420000076293945
2005-12-05,BKNG,24.540000915527344,24.079999923706055,24.280000686645508,24.18000030517578,375800.0,24.18000030517578
2005-12-06,BKNG,24.84000015258789,24.100000381469727,24.100000381469727,24.600000381469727,480800.0,24.600000381469727
2005-12-07,BKNG,24.6200008392334,24.149999618530273,24.6200008392334,24.15999984741211,229300.0,24.15999984741211
2005-12-08,BKNG,24.299999237060547,23.579999923706055,24.25,24.010000228881836,316600.0,24.010000228881836
2005-12-09,BKNG,24.219999313354492,23.760000228881836,23.8799991607666,23.950000762939453,255300.0,23.950000762939453
2005-12-12,BKNG,24.6299991607666,23.799999237060547,24.010000228881836,24.3700008392334,388000.0,24.3700008392334
2005-12-13,BKNG,24.309999465942383,23.579999923706055,24.309999465942383,23.81999969482422,471400.0,23.81999969482422
2005-12-14,BKNG,23.93000030517578,23.25,23.799999237060547,23.700000762939453,266900.0,23.700000762939453
2005-12-15,BKNG,23.790000915527344,23.06999969482422,23.59000015258789,23.579999923706055,340400.0,23.579999923706055
2005-12-16,BKNG,23.799999237060547,23.280000686645508,23.59000015258789,23.540000915527344,341000.0,23.540000915527344
2005-12-19,BKNG,23.809999465942383,23.309999465942383,23.479999542236328,23.389999389648438,280900.0,23.389999389648438
2005-12-20,BKNG,23.280000686645508,22.610000610351562,23.280000686645508,23.09000015258789,387700.0,23.09000015258789
2005-12-21,BKNG,23.209999084472656,22.899999618530273,23.170000076293945,23.100000381469727,286200.0,23.100000381469727
2005-12-22,BKNG,23.389999389648438,23.040000915527344,23.040000915527344,23.139999389648438,208000.0,23.139999389648438
2005-12-23,BKNG,23.25,22.809999465942383,23.040000915527344,22.959999084472656,156800.0,22.959999084472656
2005-12-27,BKNG,23.209999084472656,22.5,22.899999618530273,22.719999313354492,219300.0,22.719999313354492
2005-12-28,BKNG,22.959999084472656,22.690000534057617,22.81999969482422,22.809999465942383,187300.0,22.809999465942383
2005-12-29,BKNG,22.93000030517578,22.510000228881836,22.729999542236328,22.75,204600.0,22.75
2005-12-30,BKNG,22.729999542236328,22.25,22.549999237060547,22.31999969482422,309500.0,22.31999969482422
2006-01-03,BKNG,22.780000686645508,22.1200008392334,22.31999969482422,22.68000030517578,467100.0,22.68000030517578
2006-01-04,BKNG,22.979999542236328,22.579999923706055,22.75,22.760000228881836,366500.0,22.760000228881836
2006-01-05,BKNG,23.010000228881836,22.700000762939453,22.940000534057617,23.010000228881836,280000.0,23.010000228881836
2006-01-06,BKNG,23.170000076293945,22.770000457763672,23.040000915527344,23.139999389648438,390500.0,23.139999389648438
2006-01-09,BKNG,23.239999771118164,22.920000076293945,23.200000762939453,23.1299991607666,236200.0,23.1299991607666
2006-01-10,BKNG,23.139999389648438,22.649999618530273,23.1299991607666,22.969999313354492,317600.0,22.969999313354492
2006-01-11,BKNG,22.920000076293945,22.40999984741211,22.899999618530273,22.579999923706055,387900.0,22.579999923706055
2006-01-12,BKNG,22.540000915527344,22.06999969482422,22.5,22.190000534057617,296700.0,22.190000534057617
2006-01-13,BKNG,22.469999313354492,22.200000762939453,22.40999984741211,22.309999465942383,205600.0,22.309999465942383
2006-01-17,BKNG,22.489999771118164,22.049999237060547,22.3700008392334,22.399999618530273,285800.0,22.399999618530273
2006-01-18,BKNG,22.399999618530273,21.81999969482422,22.18000030517578,21.920000076293945,365100.0,21.920000076293945
2006-01-19,BKNG,22.110000610351562,21.649999618530273,22.059999465942383,21.829999923706055,298000.0,21.829999923706055
2006-01-20,BKNG,21.860000610351562,21.1299991607666,21.860000610351562,21.299999237060547,507600.0,21.299999237060547
2006-01-23,BKNG,21.520000457763672,21.149999618530273,21.270000457763672,21.389999389648438,495800.0,21.389999389648438
2006-01-24,BKNG,21.950000762939453,21.260000228881836,21.329999923706055,21.84000015258789,650200.0,21.84000015258789
2006-01-25,BKNG,21.8799991607666,21.5,21.739999771118164,21.6200008392334,330500.0,21.6200008392334
2006-01-26,BKNG,22.030000686645508,21.530000686645508,21.700000762939453,21.959999084472656,194200.0,21.959999084472656
2006-01-27,BKNG,22.280000686645508,21.670000076293945,22.06999969482422,21.729999542236328,206100.0,21.729999542236328
2006-01-30,BKNG,21.969999313354492,21.579999923706055,21.579999923706055,21.75,213300.0,21.75
2006-01-31,BKNG,22.049999237060547,21.31999969482422,21.700000762939453,22.049999237060547,368500.0,22.049999237060547
2006-02-01,BKNG,22.010000228881836,21.59000015258789,21.850000381469727,21.899999618530273,343600.0,21.899999618530273
2006-02-02,BKNG,21.899999618530273,21.200000762939453,21.850000381469727,21.700000762939453,469700.0,21.700000762939453
2006-02-03,BKNG,21.780000686645508,21.18000030517578,21.5,21.709999084472656,224100.0,21.709999084472656
2006-02-06,BKNG,21.780000686645508,21.299999237060547,21.780000686645508,21.489999771118164,359300.0,21.489999771118164
2006-02-07,BKNG,21.600000381469727,21.059999465942383,21.520000457763672,21.059999465942383,466200.0,21.059999465942383
2006-02-08,BKNG,21.780000686645508,21.139999389648438,21.219999313354492,21.700000762939453,330800.0,21.700000762939453
2006-02-09,BKNG,22.149999618530273,21.34000015258789,21.790000915527344,21.479999542236328,467300.0,21.479999542236328
2006-02-10,BKNG,22.020000457763672,21.270000457763672,21.610000610351562,21.969999313354492,421800.0,21.969999313354492
2006-02-13,BKNG,22.149999618530273,21.600000381469727,22.040000915527344,21.790000915527344,425000.0,21.790000915527344
2006-02-14,BKNG,23.030000686645508,21.799999237060547,21.93000030517578,22.760000228881836,796300.0,22.760000228881836
2006-02-15,BKNG,23.100000381469727,22.5,22.780000686645508,23.030000686645508,538500.0,23.030000686645508
2006-02-16,BKNG,22.65999984741211,22.079999923706055,22.510000228881836,22.350000381469727,1345400.0,22.350000381469727
2006-02-17,BKNG,23.860000610351562,22.899999618530273,23.25,23.40999984741211,2035400.0,23.40999984741211
2006-02-21,BKNG,23.6200008392334,22.790000915527344,23.6200008392334,22.959999084472656,936100.0,22.959999084472656
2006-02-22,BKNG,23.290000915527344,22.549999237060547,22.940000534057617,23.020000457763672,755100.0,23.020000457763672
2006-02-23,BKNG,23.510000228881836,22.90999984741211,22.940000534057617,23.360000610351562,417600.0,23.360000610351562
2006-02-24,BKNG,23.989999771118164,23.010000228881836,23.260000228881836,23.899999618530273,874100.0,23.899999618530273
2006-02-27,BKNG,24.790000915527344,23.799999237060547,23.84000015258789,24.770000457763672,1080800.0,24.770000457763672
2006-02-28,BKNG,24.84000015258789,24.209999084472656,24.5,24.549999237060547,1118500.0,24.549999237060547
2006-03-01,BKNG,24.979999542236328,24.530000686645508,24.530000686645508,24.84000015258789,641000.0,24.84000015258789
2006-03-02,BKNG,24.969999313354492,24.540000915527344,24.649999618530273,24.8700008392334,295500.0,24.8700008392334
2006-03-03,BKNG,24.90999984741211,24.530000686645508,24.690000534057617,24.649999618530273,340600.0,24.649999618530273
2006-03-06,BKNG,24.600000381469727,23.850000381469727,24.510000228881836,23.959999084472656,379300.0,23.959999084472656
2006-03-07,BKNG,24.040000915527344,23.510000228881836,23.850000381469727,23.510000228881836,279600.0,23.510000228881836
2006-03-08,BKNG,23.739999771118164,23.350000381469727,23.40999984741211,23.3799991607666,222400.0,23.3799991607666
2006-03-09,BKNG,23.68000030517578,23.290000915527344,23.350000381469727,23.299999237060547,205200.0,23.299999237060547
2006-03-10,BKNG,24.18000030517578,23.299999237060547,23.299999237060547,23.959999084472656,426000.0,23.959999084472656
2006-03-13,BKNG,24.170000076293945,23.440000534057617,23.950000762939453,23.469999313354492,280800.0,23.469999313354492
2006-03-14,BKNG,23.969999313354492,23.3700008392334,23.399999618530273,23.920000076293945,155900.0,23.920000076293945
2006-03-15,BKNG,24.079999923706055,23.75,23.940000534057617,24.010000228881836,118300.0,24.010000228881836
2006-03-16,BKNG,24.190000534057617,23.600000381469727,24.079999923706055,23.75,188300.0,23.75
2006-03-17,BKNG,24.059999465942383,23.670000076293945,23.850000381469727,23.969999313354492,347800.0,23.969999313354492
2006-03-20,BKNG,24.09000015258789,23.850000381469727,23.8700008392334,24.010000228881836,260400.0,24.010000228881836
2006-03-21,BKNG,24.030000686645508,23.139999389648438,23.15999984741211,23.15999984741211,396000.0,23.15999984741211
2006-03-22,BKNG,23.6299991607666,23.010000228881836,23.040000915527344,23.420000076293945,165500.0,23.420000076293945
2006-03-23,BKNG,23.6299991607666,23.100000381469727,23.469999313354492,23.5,301600.0,23.5
2006-03-24,BKNG,23.700000762939453,23.290000915527344,23.350000381469727,23.559999465942383,236200.0,23.559999465942383
2006-03-27,BKNG,23.8700008392334,23.3799991607666,23.5,23.670000076293945,169700.0,23.670000076293945
2006-03-28,BKNG,23.989999771118164,23.309999465942383,23.760000228881836,23.530000686645508,209300.0,23.530000686645508
2006-03-29,BKNG,24.489999771118164,23.389999389648438,23.540000915527344,24.389999389648438,502200.0,24.389999389648438
2006-03-30,BKNG,24.540000915527344,24.110000610351562,24.459999084472656,24.5,246500.0,24.5
2006-03-31,BKNG,24.950000762939453,24.520000457763672,24.549999237060547,24.84000015258789,385600.0,24.84000015258789
2006-04-03,BKNG,24.959999084472656,24.5,24.959999084472656,24.719999313354492,298400.0,24.719999313354492
2006-04-04,BKNG,25.389999389648438,24.610000610351562,24.75,25.25,626300.0,25.25
2006-04-05,BKNG,25.299999237060547,24.790000915527344,25.280000686645508,25.100000381469727,294500.0,25.100000381469727
2006-04-06,BKNG,25.229999542236328,24.90999984741211,25.030000686645508,25.149999618530273,235900.0,25.149999618530273
2006-04-07,BKNG,25.170000076293945,24.270000457763672,25.149999618530273,24.5,276900.0,24.5
2006-04-10,BKNG,24.549999237060547,24.18000030517578,24.5,24.209999084472656,185100.0,24.209999084472656
2006-04-11,BKNG,24.280000686645508,23.799999237060547,24.280000686645508,23.989999771118164,216100.0,23.989999771118164
2006-04-12,BKNG,24.030000686645508,23.850000381469727,23.950000762939453,24.010000228881836,187100.0,24.010000228881836
2006-04-13,BKNG,24.239999771118164,23.799999237060547,23.940000534057617,24.229999542236328,119500.0,24.229999542236328
2006-04-17,BKNG,24.31999969482422,23.719999313354492,24.229999542236328,23.809999465942383,241100.0,23.809999465942383
2006-04-18,BKNG,24.889999389648438,23.799999237060547,23.950000762939453,24.5,274300.0,24.5
2006-04-19,BKNG,24.950000762939453,24.299999237060547,24.40999984741211,24.8700008392334,343300.0,24.8700008392334
2006-04-20,BKNG,25.010000228881836,24.56999969482422,24.809999465942383,24.860000610351562,148900.0,24.860000610351562
2006-04-21,BKNG,25.1299991607666,24.360000610351562,25.1299991607666,24.850000381469727,243500.0,24.850000381469727
2006-04-24,BKNG,24.899999618530273,24.239999771118164,24.799999237060547,24.59000015258789,149200.0,24.59000015258789
2006-04-25,BKNG,24.469999313354492,24.09000015258789,24.469999313354492,24.399999618530273,219500.0,24.399999618530273
2006-04-26,BKNG,24.489999771118164,24.170000076293945,24.280000686645508,24.3700008392334,213300.0,24.3700008392334
2006-04-27,BKNG,25.229999542236328,24.190000534057617,24.190000534057617,24.600000381469727,388500.0,24.600000381469727
2006-04-28,BKNG,25.100000381469727,24.440000534057617,24.510000228881836,24.440000534057617,152600.0,24.440000534057617
2006-05-01,BKNG,24.81999969482422,24.389999389648438,24.389999389648438,24.43000030517578,187200.0,24.43000030517578
2006-05-02,BKNG,24.670000076293945,24.110000610351562,24.670000076293945,24.43000030517578,276300.0,24.43000030517578
2006-05-03,BKNG,25.489999771118164,24.299999237060547,24.3700008392334,25.299999237060547,576300.0,25.299999237060547
2006-05-04,BKNG,29.489999771118164,26.31999969482422,27.010000228881836,29.209999084472656,3419600.0,29.209999084472656
2006-05-05,BKNG,29.440000534057617,28.350000381469727,29.010000228881836,29.15999984741211,903400.0,29.15999984741211
2006-05-08,BKNG,30.280000686645508,28.790000915527344,29.100000381469727,29.709999084472656,626000.0,29.709999084472656
2006-05-09,BKNG,29.6299991607666,28.399999618530273,29.610000610351562,28.670000076293945,547300.0,28.670000076293945
2006-05-10,BKNG,29.510000228881836,28.360000610351562,28.420000076293945,29.469999313354492,504000.0,29.469999313354492
2006-05-11,BKNG,29.440000534057617,28.639999389648438,29.360000610351562,28.8799991607666,432300.0,28.8799991607666
2006-05-12,BKNG,29.290000915527344,28.059999465942383,28.350000381469727,28.5,682200.0,28.5
2006-05-15,BKNG,28.979999542236328,28.290000915527344,28.450000762939453,28.84000015258789,672800.0,28.84000015258789
2006-05-16,BKNG,29.110000610351562,28.6200008392334,28.729999542236328,29.110000610351562,381200.0,29.110000610351562
2006-05-17,BKNG,29.479999542236328,28.770000457763672,28.899999618530273,29.0,429400.0,29.0
2006-05-18,BKNG,30.09000015258789,29.030000686645508,29.239999771118164,29.469999313354492,1216000.0,29.469999313354492
2006-05-19,BKNG,29.850000381469727,29.020000457763672,29.559999465942383,29.3700008392334,492200.0,29.3700008392334
2006-05-22,BKNG,29.5,28.829999923706055,29.239999771118164,29.290000915527344,434200.0,29.290000915527344
2006-05-23,BKNG,29.739999771118164,28.559999465942383,29.489999771118164,28.559999465942383,533900.0,28.559999465942383
2006-05-24,BKNG,29.440000534057617,28.510000228881836,28.510000228881836,29.31999969482422,570700.0,29.31999969482422
2006-05-25,BKNG,31.0,29.270000457763672,29.469999313354492,30.670000076293945,942500.0,30.670000076293945
2006-05-26,BKNG,32.15999984741211,30.299999237060547,30.670000076293945,31.399999618530273,1369500.0,31.399999618530273
2006-05-30,BKNG,31.75,30.799999237060547,31.299999237060547,31.010000228881836,654500.0,31.010000228881836
2006-05-31,BKNG,31.34000015258789,30.760000228881836,31.219999313354492,31.100000381469727,612000.0,31.100000381469727
2006-06-01,BKNG,32.060001373291016,30.959999084472656,30.959999084472656,32.0,794500.0,32.0
2006-06-02,BKNG,32.41999816894531,31.299999237060547,32.0,32.220001220703125,846800.0,32.220001220703125
2006-06-05,BKNG,32.65999984741211,31.020000457763672,32.099998474121094,31.309999465942383,735500.0,31.309999465942383
2006-06-06,BKNG,31.889999389648438,30.600000381469727,31.219999313354492,31.530000686645508,917700.0,31.530000686645508
2006-06-07,BKNG,32.4900016784668,31.670000076293945,31.670000076293945,32.18000030517578,725700.0,32.18000030517578
2006-06-08,BKNG,32.0099983215332,29.799999237060547,31.8700008392334,31.139999389648438,1349700.0,31.139999389648438
2006-06-09,BKNG,31.809999465942383,30.950000762939453,31.170000076293945,31.510000228881836,528400.0,31.510000228881836
2006-06-12,BKNG,32.15999984741211,29.170000076293945,31.969999313354492,29.309999465942383,1396600.0,29.309999465942383
2006-06-13,BKNG,30.479999542236328,29.25,29.329999923706055,29.600000381469727,591700.0,29.600000381469727
2006-06-14,BKNG,30.040000915527344,29.149999618530273,29.489999771118164,29.639999389648438,473900.0,29.639999389648438
2006-06-15,BKNG,30.709999084472656,29.649999618530273,29.780000686645508,30.59000015258789,823100.0,30.59000015258789
2006-06-16,BKNG,30.540000915527344,29.889999389648438,30.440000534057617,30.100000381469727,648800.0,30.100000381469727
2006-06-19,BKNG,30.100000381469727,29.299999237060547,30.100000381469727,29.540000915527344,532400.0,29.540000915527344
2006-06-20,BKNG,30.100000381469727,29.40999984741211,29.440000534057617,29.8799991607666,423700.0,29.8799991607666
2006-06-21,BKNG,30.469999313354492,29.760000228881836,29.809999465942383,30.209999084472656,561100.0,30.209999084472656
2006-06-22,BKNG,30.31999969482422,30.0,30.1200008392334,30.1299991607666,461700.0,30.1299991607666
2006-06-23,BKNG,30.170000076293945,29.799999237060547,30.049999237060547,29.989999771118164,364100.0,29.989999771118164
2006-06-26,BKNG,30.610000610351562,29.940000534057617,30.09000015258789,30.610000610351562,329500.0,30.610000610351562
2006-06-27,BKNG,30.739999771118164,29.520000457763672,30.530000686645508,29.559999465942383,496500.0,29.559999465942383
2006-06-28,BKNG,29.770000457763672,29.100000381469727,29.6299991607666,29.25,393100.0,29.25
2006-06-29,BKNG,30.139999389648438,29.239999771118164,29.399999618530273,29.989999771118164,474000.0,29.989999771118164
2006-06-30,BKNG,30.270000457763672,29.420000076293945,29.81999969482422,29.860000610351562,588000.0,29.860000610351562
2006-07-03,BKNG,30.479999542236328,29.760000228881836,29.760000228881836,30.469999313354492,154200.0,30.469999313354492
2006-07-05,BKNG,30.260000228881836,29.450000762939453,30.149999618530273,29.510000228881836,366300.0,29.510000228881836
2006-07-06,BKNG,29.610000610351562,29.190000534057617,29.549999237060547,29.270000457763672,231400.0,29.270000457763672
2006-07-07,BKNG,29.450000762939453,28.790000915527344,29.190000534057617,28.81999969482422,425500.0,28.81999969482422
2006-07-10,BKNG,29.18000030517578,28.59000015258789,28.81999969482422,28.649999618530273,303700.0,28.649999618530273
2006-07-11,BKNG,28.84000015258789,28.010000228881836,28.649999618530273,28.81999969482422,688700.0,28.81999969482422
2006-07-12,BKNG,28.950000762939453,28.18000030517578,28.700000762939453,28.31999969482422,507000.0,28.31999969482422
2006-07-13,BKNG,28.25,26.989999771118164,28.1200008392334,27.110000610351562,545100.0,27.110000610351562
2006-07-14,BKNG,27.139999389648438,26.1299991607666,27.020000457763672,26.299999237060547,723100.0,26.299999237060547
2006-07-17,BKNG,26.729999542236328,26.229999542236328,26.350000381469727,26.25,367000.0,26.25
2006-07-18,BKNG,27.479999542236328,26.15999984741211,26.510000228881836,26.3799991607666,878800.0,26.3799991607666
2006-07-19,BKNG,27.6299991607666,26.290000915527344,26.290000915527344,27.520000457763672,571100.0,27.520000457763672
2006-07-20,BKNG,27.6299991607666,26.610000610351562,27.479999542236328,26.639999389648438,298100.0,26.639999389648438
2006-07-21,BKNG,26.559999465942383,25.799999237060547,26.530000686645508,26.18000030517578,576000.0,26.18000030517578
2006-07-24,BKNG,27.100000381469727,26.200000762939453,26.3799991607666,27.09000015258789,324600.0,27.09000015258789
2006-07-25,BKNG,27.239999771118164,26.770000457763672,27.0,26.850000381469727,257600.0,26.850000381469727
2006-07-26,BKNG,26.969999313354492,26.219999313354492,26.799999237060547,26.59000015258789,180900.0,26.59000015258789
2006-07-27,BKNG,26.979999542236328,26.079999923706055,26.729999542236328,26.389999389648438,326500.0,26.389999389648438
2006-07-28,BKNG,27.25,26.450000762939453,26.600000381469727,27.100000381469727,487400.0,27.100000381469727
2006-07-31,BKNG,27.1200008392334,26.780000686645508,26.799999237060547,26.8799991607666,195900.0,26.8799991607666
2006-08-01,BKNG,26.729999542236328,25.899999618530273,26.6200008392334,26.010000228881836,502800.0,26.010000228881836
2006-08-02,BKNG,26.5,25.719999313354492,26.260000228881836,25.90999984741211,731200.0,25.90999984741211
2006-08-03,BKNG,26.969999313354492,25.6200008392334,25.700000762939453,26.56999969482422,484800.0,26.56999969482422
2006-08-04,BKNG,26.979999542236328,26.06999969482422,26.799999237060547,26.40999984741211,795200.0,26.40999984741211
2006-08-07,BKNG,26.43000030517578,26.030000686645508,26.100000381469727,26.40999984741211,1907400.0,26.40999984741211
2006-08-08,BKNG,31.34000015258789,29.34000015258789,29.850000381469727,30.850000381469727,6121000.0,30.850000381469727
2006-08-09,BKNG,31.739999771118164,30.520000457763672,30.760000228881836,31.43000030517578,1734500.0,31.43000030517578
2006-08-10,BKNG,30.969999313354492,30.15999984741211,30.600000381469727,30.959999084472656,1320100.0,30.959999084472656
2006-08-11,BKNG,31.049999237060547,30.6299991607666,30.770000457763672,30.920000076293945,411800.0,30.920000076293945
2006-08-14,BKNG,31.920000076293945,30.979999542236328,30.979999542236328,31.639999389648438,975300.0,31.639999389648438
2006-08-15,BKNG,32.459999084472656,31.899999618530273,31.899999618530273,32.439998626708984,840400.0,32.439998626708984
2006-08-16,BKNG,32.7400016784668,31.549999237060547,32.43000030517578,32.0,805000.0,32.0
2006-08-17,BKNG,33.0,31.780000686645508,31.780000686645508,32.95000076293945,966300.0,32.95000076293945
2006-08-18,BKNG,33.029998779296875,32.2599983215332,32.97999954223633,32.84000015258789,410000.0,32.84000015258789
2006-08-21,BKNG,33.060001373291016,32.290000915527344,32.560001373291016,32.93000030517578,587900.0,32.93000030517578
2006-08-22,BKNG,33.41999816894531,32.630001068115234,32.970001220703125,33.13999938964844,612600.0,33.13999938964844
2006-08-23,BKNG,33.47999954223633,32.810001373291016,33.06999969482422,33.040000915527344,464500.0,33.040000915527344
2006-08-24,BKNG,33.22999954223633,32.2599983215332,32.95000076293945,32.56999969482422,523300.0,32.56999969482422
2006-08-25,BKNG,33.189998626708984,32.5,32.599998474121094,32.959999084472656,254600.0,32.959999084472656
2006-08-28,BKNG,33.15999984741211,32.84000015258789,32.84000015258789,32.90999984741211,259700.0,32.90999984741211
2006-08-29,BKNG,33.75,32.84000015258789,32.880001068115234,33.75,548900.0,33.75
2006-08-30,BKNG,33.130001068115234,32.5,33.02000045776367,32.650001525878906,679000.0,32.650001525878906
2006-08-31,BKNG,33.560001373291016,32.56999969482422,32.56999969482422,33.400001525878906,385600.0,33.400001525878906
2006-09-01,BKNG,33.63999938964844,32.939998626708984,33.310001373291016,33.150001525878906,281400.0,33.150001525878906
2006-09-05,BKNG,34.290000915527344,32.939998626708984,33.09000015258789,34.15999984741211,637000.0,34.15999984741211
2006-09-06,BKNG,31.989999771118164,30.719999313354492,31.989999771118164,30.8700008392334,4405100.0,30.8700008392334
2006-09-07,BKNG,31.09000015258789,30.260000228881836,30.459999084472656,30.860000610351562,1719800.0,30.860000610351562
2006-09-08,BKNG,31.25,30.719999313354492,30.75,31.0,588700.0,31.0
2006-09-11,BKNG,31.25,30.75,30.75,31.239999771118164,506700.0,31.239999771118164
2006-09-12,BKNG,31.479999542236328,31.09000015258789,31.1200008392334,31.440000534057617,796900.0,31.440000534057617
2006-09-13,BKNG,31.75,31.18000030517578,31.329999923706055,31.719999313354492,458500.0,31.719999313354492
2006-09-14,BKNG,32.0,31.479999542236328,31.479999542236328,31.989999771118164,1343600.0,31.989999771118164
2006-09-15,BKNG,32.31999969482422,31.260000228881836,32.22999954223633,31.479999542236328,568800.0,31.479999542236328
2006-09-18,BKNG,31.690000534057617,30.59000015258789,31.329999923706055,30.90999984741211,764100.0,30.90999984741211
2006-09-19,BKNG,31.40999984741211,30.270000457763672,30.829999923706055,31.049999237060547,452800.0,31.049999237060547
2006-09-20,BKNG,31.899999618530273,31.15999984741211,31.239999771118164,31.579999923706055,415000.0,31.579999923706055
2006-09-21,BKNG,34.290000915527344,33.040000915527344,33.040000915527344,33.650001525878906,3832100.0,33.650001525878906
2006-09-22,BKNG,35.650001525878906,33.31999969482422,33.540000915527344,35.34000015258789,11938800.0,35.34000015258789
2006-09-25,BKNG,36.25,34.900001525878906,35.5099983215332,36.130001068115234,2877300.0,36.130001068115234
2006-09-26,BKNG,36.79999923706055,35.529998779296875,36.130001068115234,36.54999923706055,2665500.0,36.54999923706055
2006-09-27,BKNG,36.7400016784668,35.70000076293945,36.349998474121094,36.65999984741211,884400.0,36.65999984741211
2006-09-28,BKNG,36.75,36.04999923706055,36.599998474121094,36.560001373291016,982000.0,36.560001373291016
2006-09-29,BKNG,37.15999984741211,36.5,36.720001220703125,36.790000915527344,1035400.0,36.790000915527344
2006-10-02,BKNG,37.150001525878906,36.540000915527344,36.790000915527344,36.75,695900.0,36.75
2006-10-03,BKNG,37.56999969482422,36.5099983215332,36.529998779296875,37.400001525878906,844900.0,37.400001525878906
2006-10-04,BKNG,38.41999816894531,37.2599983215332,37.439998626708984,38.310001373291016,1348200.0,38.310001373291016
2006-10-05,BKNG,39.0,38.16999816894531,38.16999816894531,38.900001525878906,1140700.0,38.900001525878906
2006-10-06,BKNG,39.0,38.150001525878906,38.70000076293945,38.400001525878906,1067300.0,38.400001525878906
2006-10-09,BKNG,39.560001373291016,38.13999938964844,38.13999938964844,39.119998931884766,726400.0,39.119998931884766
2006-10-10,BKNG,39.599998474121094,38.900001525878906,39.400001525878906,39.43000030517578,1070000.0,39.43000030517578
2006-10-11,BKNG,39.63999938964844,39.15999984741211,39.400001525878906,39.27000045776367,990300.0,39.27000045776367
2006-10-12,BKNG,40.439998626708984,39.369998931884766,39.599998474121094,40.33000183105469,1814300.0,40.33000183105469
2006-10-13,BKNG,40.9900016784668,40.189998626708984,40.4900016784668,40.83000183105469,1451800.0,40.83000183105469
2006-10-16,BKNG,41.4900016784668,40.790000915527344,40.959999084472656,41.09000015258789,1066000.0,41.09000015258789
2006-10-17,BKNG,41.029998779296875,39.880001068115234,40.68000030517578,40.75,810100.0,40.75
2006-10-18,BKNG,41.189998626708984,39.7599983215332,41.02000045776367,40.0,1130100.0,40.0
2006-10-19,BKNG,41.290000915527344,40.0,40.0,41.09000015258789,1697900.0,41.09000015258789
2006-10-20,BKNG,41.34000015258789,40.119998931884766,41.09000015258789,40.650001525878906,683700.0,40.650001525878906
2006-10-23,BKNG,40.970001220703125,39.88999938964844,40.29999923706055,40.88999938964844,747300.0,40.88999938964844
2006-10-24,BKNG,41.4900016784668,40.810001373291016,41.029998779296875,40.9900016784668,566700.0,40.9900016784668
2006-10-25,BKNG,41.29999923706055,40.52000045776367,41.189998626708984,41.0099983215332,517800.0,41.0099983215332
2006-10-26,BKNG,41.25,40.369998931884766,41.18000030517578,40.650001525878906,600300.0,40.650001525878906
2006-10-27,BKNG,41.150001525878906,40.09000015258789,40.36000061035156,40.22999954223633,741900.0,40.22999954223633
2006-10-30,BKNG,40.38999938964844,39.400001525878906,40.15999984741211,40.029998779296875,596300.0,40.029998779296875
2006-10-31,BKNG,40.79999923706055,40.040000915527344,40.040000915527344,40.290000915527344,592900.0,40.290000915527344
2006-11-01,BKNG,40.95000076293945,40.310001373291016,40.619998931884766,40.529998779296875,712700.0,40.529998779296875
2006-11-02,BKNG,40.45000076293945,39.599998474121094,40.29999923706055,39.709999084472656,411100.0,39.709999084472656
2006-11-03,BKNG,39.849998474121094,39.2599983215332,39.849998474121094,39.70000076293945,318400.0,39.70000076293945
2006-11-06,BKNG,40.599998474121094,39.790000915527344,40.04999923706055,39.97999954223633,508900.0,39.97999954223633
2006-11-07,BKNG,40.77000045776367,39.900001525878906,39.95000076293945,40.13999938964844,659000.0,40.13999938964844
2006-11-08,BKNG,41.189998626708984,39.84000015258789,40.47999954223633,40.400001525878906,1211800.0,40.400001525878906
2006-11-09,BKNG,43.79999923706055,39.720001220703125,43.400001525878906,39.83000183105469,4279300.0,39.83000183105469
2006-11-10,BKNG,40.84000015258789,39.529998779296875,39.56999969482422,40.61000061035156,973500.0,40.61000061035156
2006-11-13,BKNG,41.650001525878906,40.779998779296875,40.95000076293945,41.349998474121094,1321100.0,41.349998474121094
2006-11-14,BKNG,41.369998931884766,39.880001068115234,41.36000061035156,40.90999984741211,1404900.0,40.90999984741211
2006-11-15,BKNG,40.9900016784668,39.9900016784668,40.52000045776367,40.18000030517578,858200.0,40.18000030517578
2006-11-16,BKNG,40.54999923706055,39.83000183105469,40.45000076293945,39.849998474121094,753500.0,39.849998474121094
2006-11-17,BKNG,40.040000915527344,38.93000030517578,39.84000015258789,39.7599983215332,1463000.0,39.7599983215332
2006-11-20,BKNG,39.83000183105469,39.29999923706055,39.83000183105469,39.52000045776367,1347400.0,39.52000045776367
2006-11-21,BKNG,40.11000061035156,39.59000015258789,39.7599983215332,39.88999938964844,1464300.0,39.88999938964844
2006-11-22,BKNG,40.220001220703125,39.81999969482422,40.119998931884766,39.95000076293945,718400.0,39.95000076293945
2006-11-24,BKNG,39.790000915527344,38.7400016784668,39.540000915527344,38.75,651000.0,38.75
2006-11-27,BKNG,39.689998626708984,38.77000045776367,39.0,38.93000030517578,1112600.0,38.93000030517578
2006-11-28,BKNG,39.130001068115234,38.4900016784668,38.77000045776367,38.95000076293945,1209800.0,38.95000076293945
2006-11-29,BKNG,40.08000183105469,39.130001068115234,39.400001525878906,40.04999923706055,1110900.0,40.04999923706055
2006-11-30,BKNG,40.2400016784668,39.38999938964844,39.7599983215332,39.4900016784668,964300.0,39.4900016784668
2006-12-01,BKNG,40.13999938964844,38.79999923706055,39.959999084472656,39.130001068115234,792200.0,39.130001068115234
2006-12-04,BKNG,40.40999984741211,39.220001220703125,39.2599983215332,40.310001373291016,705700.0,40.310001373291016
2006-12-05,BKNG,39.66999816894531,39.150001525878906,39.459999084472656,39.220001220703125,1791100.0,39.220001220703125
2006-12-06,BKNG,39.939998626708984,39.130001068115234,39.400001525878906,39.900001525878906,1280000.0,39.900001525878906
2006-12-07,BKNG,40.7400016784668,39.689998626708984,39.9900016784668,40.16999816894531,1124900.0,40.16999816894531
2006-12-08,BKNG,41.5,39.9900016784668,40.060001373291016,40.79999923706055,1990900.0,40.79999923706055
2006-12-11,BKNG,41.75,41.060001373291016,41.47999954223633,41.27000045776367,2306200.0,41.27000045776367
2006-12-12,BKNG,42.27000045776367,41.290000915527344,41.790000915527344,41.86000061035156,1983700.0,41.86000061035156
2006-12-13,BKNG,42.7599983215332,41.41999816894531,42.5,41.58000183105469,1177800.0,41.58000183105469
2006-12-14,BKNG,42.380001068115234,41.66999816894531,41.75,42.0,991900.0,42.0
2006-12-15,BKNG,42.40999984741211,41.84000015258789,42.2599983215332,41.880001068115234,845700.0,41.880001068115234
2006-12-18,BKNG,42.290000915527344,41.5099983215332,42.029998779296875,41.84000015258789,945800.0,41.84000015258789
2006-12-19,BKNG,41.83000183105469,41.11000061035156,41.52000045776367,41.619998931884766,596800.0,41.619998931884766
2006-12-20,BKNG,43.540000915527344,41.400001525878906,41.40999984741211,42.86000061035156,2294700.0,42.86000061035156
2006-12-21,BKNG,43.400001525878906,42.41999816894531,43.0,42.58000183105469,758400.0,42.58000183105469
2006-12-22,BKNG,42.959999084472656,42.2599983215332,42.56999969482422,42.77000045776367,512400.0,42.77000045776367
2006-12-26,BKNG,43.11000061035156,42.720001220703125,42.900001525878906,43.06999969482422,320500.0,43.06999969482422
2006-12-27,BKNG,44.279998779296875,43.0099983215332,43.20000076293945,43.970001220703125,1010800.0,43.970001220703125
2006-12-28,BKNG,44.20000076293945,43.54999923706055,43.970001220703125,43.79999923706055,431500.0,43.79999923706055
2006-12-29,BKNG,44.119998931884766,43.5,43.79999923706055,43.61000061035156,437100.0,43.61000061035156
2007-01-03,BKNG,44.91999816894531,43.349998474121094,43.97999954223633,43.970001220703125,1301700.0,43.970001220703125
2007-01-04,BKNG,44.619998931884766,43.59000015258789,44.040000915527344,44.439998626708984,920600.0,44.439998626708984
2007-01-05,BKNG,44.4900016784668,43.65999984741211,44.31999969482422,43.869998931884766,490500.0,43.869998931884766
2007-01-08,BKNG,44.0,43.459999084472656,43.970001220703125,43.7599983215332,614100.0,43.7599983215332
2007-01-09,BKNG,44.349998474121094,43.689998626708984,44.0,44.060001373291016,563100.0,44.060001373291016
2007-01-10,BKNG,44.91999816894531,43.650001525878906,43.86000061035156,44.84000015258789,1209100.0,44.84000015258789
2007-01-11,BKNG,44.93000030517578,44.2599983215332,44.93000030517578,44.650001525878906,638800.0,44.650001525878906
2007-01-12,BKNG,44.70000076293945,44.15999984741211,44.369998931884766,44.5,426100.0,44.5
2007-01-16,BKNG,44.779998779296875,44.209999084472656,44.630001068115234,44.54999923706055,482700.0,44.54999923706055
2007-01-17,BKNG,44.599998474121094,43.900001525878906,44.54999923706055,44.029998779296875,610600.0,44.029998779296875
2007-01-18,BKNG,44.290000915527344,42.529998779296875,44.290000915527344,43.150001525878906,885300.0,43.150001525878906
2007-01-19,BKNG,43.2599983215332,42.59000015258789,43.040000915527344,42.9900016784668,464700.0,42.9900016784668
2007-01-22,BKNG,43.220001220703125,42.599998474121094,43.220001220703125,42.7400016784668,443800.0,42.7400016784668
2007-01-23,BKNG,42.900001525878906,42.529998779296875,42.540000915527344,42.720001220703125,288900.0,42.720001220703125
2007-01-24,BKNG,43.310001373291016,42.72999954223633,42.970001220703125,43.09000015258789,415600.0,43.09000015258789
2007-01-25,BKNG,43.20000076293945,42.209999084472656,43.15999984741211,42.380001068115234,650800.0,42.380001068115234
2007-01-26,BKNG,42.47999954223633,41.79999923706055,42.290000915527344,42.290000915527344,476200.0,42.290000915527344
2007-01-29,BKNG,42.84000015258789,41.959999084472656,41.959999084472656,42.56999969482422,703700.0,42.56999969482422
2007-01-30,BKNG,42.83000183105469,42.54999923706055,42.63999938964844,42.70000076293945,661700.0,42.70000076293945
2007-01-31,BKNG,42.88999938964844,42.310001373291016,42.70000076293945,42.619998931884766,953000.0,42.619998931884766
2007-02-01,BKNG,43.38999938964844,42.7599983215332,42.900001525878906,43.16999816894531,675700.0,43.16999816894531
2007-02-02,BKNG,44.400001525878906,43.220001220703125,43.220001220703125,44.0099983215332,882800.0,44.0099983215332
2007-02-05,BKNG,44.970001220703125,43.880001068115234,43.880001068115234,44.560001373291016,1188800.0,44.560001373291016
2007-02-06,BKNG,44.880001068115234,43.9900016784668,44.529998779296875,44.58000183105469,1402300.0,44.58000183105469
2007-02-07,BKNG,45.97999954223633,44.59000015258789,44.790000915527344,45.63999938964844,1212700.0,45.63999938964844
2007-02-08,BKNG,45.810001373291016,44.970001220703125,45.810001373291016,45.0,619900.0,45.0
2007-02-09,BKNG,45.90999984741211,45.15999984741211,45.15999984741211,45.59000015258789,1132600.0,45.59000015258789
2007-02-12,BKNG,46.29999923706055,45.29999923706055,45.869998931884766,45.93000030517578,2614500.0,45.93000030517578
2007-02-13,BKNG,51.38999938964844,48.75,49.650001525878906,50.79999923706055,8458700.0,50.79999923706055
2007-02-14,BKNG,51.25,50.560001373291016,50.79999923706055,51.0099983215332,1471800.0,51.0099983215332
2007-02-15,BKNG,51.810001373291016,50.36000061035156,50.9900016784668,50.81999969482422,1354600.0,50.81999969482422
2007-02-16,BKNG,52.02000045776367,50.36000061035156,50.63999938964844,51.869998931884766,1577100.0,51.869998931884766
2007-02-20,BKNG,53.88999938964844,51.66999816894531,51.869998931884766,53.5,1757900.0,53.5
2007-02-21,BKNG,54.459999084472656,52.720001220703125,53.29999923706055,54.15999984741211,2114800.0,54.15999984741211
2007-02-22,BKNG,54.689998626708984,53.18000030517578,54.18000030517578,53.619998931884766,857600.0,53.619998931884766
2007-02-23,BKNG,54.58000183105469,53.61000061035156,53.619998931884766,54.0,656400.0,54.0
2007-02-26,BKNG,54.68000030517578,52.0,54.400001525878906,53.7599983215332,852100.0,53.7599983215332
2007-02-27,BKNG,53.56999969482422,52.279998779296875,53.040000915527344,52.279998779296875,1308900.0,52.279998779296875
2007-02-28,BKNG,53.45000076293945,51.849998474121094,52.290000915527344,52.40999984741211,1193400.0,52.40999984741211
2007-03-01,BKNG,53.900001525878906,51.279998779296875,51.70000076293945,53.15999984741211,2727200.0,53.15999984741211
2007-03-02,BKNG,53.150001525878906,51.86000061035156,53.040000915527344,51.93000030517578,1490700.0,51.93000030517578
2007-03-05,BKNG,52.16999816894531,50.27000045776367,51.369998931884766,51.31999969482422,1232300.0,51.31999969482422
2007-03-06,BKNG,52.47999954223633,51.52000045776367,51.650001525878906,52.02000045776367,1688600.0,52.02000045776367
2007-03-07,BKNG,52.65999984741211,51.41999816894531,52.040000915527344,52.150001525878906,1177900.0,52.150001525878906
2007-03-08,BKNG,53.810001373291016,52.47999954223633,52.47999954223633,52.810001373291016,1032900.0,52.810001373291016
2007-03-09,BKNG,53.45000076293945,51.61000061035156,53.33000183105469,52.27000045776367,639000.0,52.27000045776367
2007-03-12,BKNG,53.099998474121094,52.09000015258789,52.29999923706055,52.88999938964844,416600.0,52.88999938964844
2007-03-13,BKNG,52.54999923706055,51.22999954223633,52.41999816894531,51.34000015258789,764700.0,51.34000015258789
2007-03-14,BKNG,51.84000015258789,49.79999923706055,51.16999816894531,51.77000045776367,848900.0,51.77000045776367
2007-03-15,BKNG,51.9900016784668,51.2599983215332,51.619998931884766,51.65999984741211,418000.0,51.65999984741211
2007-03-16,BKNG,52.2400016784668,51.279998779296875,51.75,51.709999084472656,474400.0,51.709999084472656
2007-03-19,BKNG,52.470001220703125,51.61000061035156,51.7599983215332,52.33000183105469,724400.0,52.33000183105469
2007-03-20,BKNG,53.349998474121094,52.349998474121094,52.470001220703125,53.349998474121094,677500.0,53.349998474121094
2007-03-21,BKNG,53.97999954223633,52.7599983215332,53.459999084472656,53.97999954223633,521400.0,53.97999954223633
2007-03-22,BKNG,56.11000061035156,54.34000015258789,54.349998474121094,55.2599983215332,1169300.0,55.2599983215332
2007-03-23,BKNG,55.20000076293945,53.13999938964844,54.970001220703125,54.20000076293945,750000.0,54.20000076293945
2007-03-26,BKNG,54.4900016784668,52.81999969482422,54.2599983215332,53.61000061035156,564500.0,53.61000061035156
2007-03-27,BKNG,53.70000076293945,52.61000061035156,53.689998626708984,52.939998626708984,1219700.0,52.939998626708984
2007-03-28,BKNG,52.68000030517578,52.060001373291016,52.529998779296875,52.41999816894531,532600.0,52.41999816894531
2007-03-29,BKNG,52.959999084472656,52.0,52.790000915527344,52.59000015258789,932700.0,52.59000015258789
2007-03-30,BKNG,53.459999084472656,52.119998931884766,52.5099983215332,53.2599983215332,754800.0,53.2599983215332
2007-04-02,BKNG,54.79999923706055,53.33000183105469,53.40999984741211,54.540000915527344,1060700.0,54.540000915527344
2007-04-03,BKNG,55.040000915527344,54.130001068115234,54.869998931884766,54.349998474121094,715100.0,54.349998474121094
2007-04-04,BKNG,54.599998474121094,54.0099983215332,54.470001220703125,54.40999984741211,621800.0,54.40999984741211
2007-04-05,BKNG,54.849998474121094,54.310001373291016,54.5099983215332,54.540000915527344,379100.0,54.540000915527344
2007-04-09,BKNG,55.43000030517578,53.91999816894531,54.95000076293945,54.209999084472656,743700.0,54.209999084472656
2007-04-10,BKNG,54.97999954223633,54.09000015258789,54.2599983215332,54.88999938964844,392900.0,54.88999938964844
2007-04-11,BKNG,55.540000915527344,54.849998474121094,54.88999938964844,55.27000045776367,759000.0,55.27000045776367
2007-04-12,BKNG,55.720001220703125,54.439998626708984,55.2400016784668,55.06999969482422,654200.0,55.06999969482422
2007-04-13,BKNG,55.56999969482422,54.58000183105469,55.0,55.56999969482422,667100.0,55.56999969482422
2007-04-16,BKNG,56.38999938964844,54.81999969482422,55.70000076293945,56.29999923706055,1684100.0,56.29999923706055
2007-04-17,BKNG,56.95000076293945,55.68000030517578,56.290000915527344,56.7400016784668,698500.0,56.7400016784668
2007-04-18,BKNG,56.709999084472656,55.900001525878906,56.31999969482422,56.16999816894531,466700.0,56.16999816894531
2007-04-19,BKNG,55.95000076293945,54.369998931884766,55.95000076293945,54.439998626708984,636700.0,54.439998626708984
2007-04-20,BKNG,54.939998626708984,54.310001373291016,54.939998626708984,54.38999938964844,501600.0,54.38999938964844
2007-04-23,BKNG,54.900001525878906,54.04999923706055,54.349998474121094,54.310001373291016,586000.0,54.310001373291016
2007-04-24,BKNG,55.15999984741211,54.290000915527344,54.4900016784668,54.720001220703125,616900.0,54.720001220703125
2007-04-25,BKNG,55.83000183105469,54.56999969482422,54.7599983215332,55.38999938964844,1276500.0,55.38999938964844
2007-04-26,BKNG,57.61000061035156,55.290000915527344,55.29999923706055,57.099998474121094,1341000.0,57.099998474121094
2007-04-27,BKNG,57.13999938964844,56.70000076293945,56.83000183105469,57.0,599500.0,57.0
2007-04-30,BKNG,57.83000183105469,55.5099983215332,56.869998931884766,55.63999938964844,897000.0,55.63999938964844
2007-05-01,BKNG,56.9900016784668,55.9900016784668,56.040000915527344,56.619998931884766,1009500.0,56.619998931884766
2007-05-02,BKNG,57.47999954223633,56.2400016784668,56.91999816894531,56.459999084472656,615800.0,56.459999084472656
2007-05-03,BKNG,57.720001220703125,56.20000076293945,56.279998779296875,57.5,894100.0,57.5
2007-05-04,BKNG,63.650001525878906,59.58000183105469,61.040000915527344,62.36000061035156,3542400.0,62.36000061035156
2007-05-07,BKNG,62.7400016784668,61.0099983215332,62.060001373291016,62.540000915527344,1316400.0,62.540000915527344
2007-05-08,BKNG,64.12000274658203,62.029998779296875,62.16999816894531,64.05000305175781,1026700.0,64.05000305175781
2007-05-09,BKNG,62.599998474121094,57.849998474121094,62.43000030517578,58.279998779296875,3320700.0,58.279998779296875
2007-05-10,BKNG,58.4900016784668,56.5,58.16999816894531,56.52000045776367,1444000.0,56.52000045776367
2007-05-11,BKNG,57.459999084472656,56.02000045776367,56.439998626708984,56.75,1505700.0,56.75
2007-05-14,BKNG,57.29999923706055,55.45000076293945,56.650001525878906,55.7599983215332,848300.0,55.7599983215332
2007-05-15,BKNG,55.88999938964844,54.43000030517578,55.779998779296875,54.61000061035156,1767000.0,54.61000061035156
2007-05-16,BKNG,55.45000076293945,53.79999923706055,54.560001373291016,55.220001220703125,1554300.0,55.220001220703125
2007-05-17,BKNG,58.189998626708984,56.349998474121094,56.54999923706055,57.34000015258789,2296400.0,57.34000015258789
2007-05-18,BKNG,62.209999084472656,58.79999923706055,58.95000076293945,60.88999938964844,2742100.0,60.88999938964844
2007-05-21,BKNG,61.189998626708984,60.099998474121094,60.959999084472656,60.279998779296875,1035900.0,60.279998779296875
2007-05-22,BKNG,61.369998931884766,60.2599983215332,60.2599983215332,61.06999969482422,746700.0,61.06999969482422
2007-05-23,BKNG,62.939998626708984,61.31999969482422,62.869998931884766,61.5,1193400.0,61.5
2007-05-24,BKNG,61.5,59.290000915527344,61.439998626708984,59.689998626708984,1058200.0,59.689998626708984
2007-05-25,BKNG,60.75,59.72999954223633,59.72999954223633,60.36000061035156,718400.0,60.36000061035156
2007-05-29,BKNG,61.29999923706055,59.93000030517578,60.459999084472656,60.939998626708984,577200.0,60.939998626708984
2007-05-30,BKNG,61.130001068115234,60.0099983215332,60.560001373291016,60.41999816894531,764200.0,60.41999816894531
2007-05-31,BKNG,62.0,60.209999084472656,60.2599983215332,61.84000015258789,977300.0,61.84000015258789
2007-06-01,BKNG,62.220001220703125,61.400001525878906,62.220001220703125,61.56999969482422,492300.0,61.56999969482422
2007-06-04,BKNG,62.880001068115234,61.58000183105469,61.59000015258789,62.22999954223633,652000.0,62.22999954223633
2007-06-05,BKNG,62.310001373291016,61.06999969482422,62.22999954223633,61.70000076293945,466100.0,61.70000076293945
2007-06-06,BKNG,61.540000915527344,60.189998626708984,61.52000045776367,61.040000915527344,829500.0,61.040000915527344
2007-06-07,BKNG,60.97999954223633,59.220001220703125,60.5099983215332,59.33000183105469,752900.0,59.33000183105469
2007-06-08,BKNG,59.7400016784668,58.849998474121094,59.11000061035156,59.310001373291016,788600.0,59.310001373291016
2007-06-11,BKNG,60.29999923706055,58.88999938964844,59.380001068115234,60.279998779296875,532700.0,60.279998779296875
2007-06-12,BKNG,61.540000915527344,59.810001373291016,59.810001373291016,61.400001525878906,1129900.0,61.400001525878906
2007-06-13,BKNG,61.9900016784668,61.189998626708984,61.47999954223633,61.689998626708984,1107000.0,61.689998626708984
2007-06-14,BKNG,63.83000183105469,61.70000076293945,61.88999938964844,63.029998779296875,846400.0,63.029998779296875
2007-06-15,BKNG,65.19000244140625,63.459999084472656,63.790000915527344,64.94999694824219,1235700.0,64.94999694824219
2007-06-18,BKNG,65.4800033569336,64.0199966430664,65.43000030517578,64.19000244140625,645800.0,64.19000244140625
2007-06-19,BKNG,66.6500015258789,64.12000274658203,64.12000274658203,66.41999816894531,1653700.0,66.41999816894531
2007-06-20,BKNG,66.95999908447266,65.51000213623047,66.5999984741211,65.69999694824219,1200200.0,65.69999694824219
2007-06-21,BKNG,65.97000122070312,65.06999969482422,65.62999725341797,65.8499984741211,492800.0,65.8499984741211
2007-06-22,BKNG,66.04000091552734,64.8499984741211,65.91999816894531,64.8499984741211,1768000.0,64.8499984741211
2007-06-25,BKNG,65.41000366210938,64.16000366210938,64.66000366210938,64.5,592600.0,64.5
2007-06-26,BKNG,65.12999725341797,63.7400016784668,64.58999633789062,64.16000366210938,1245600.0,64.16000366210938
2007-06-27,BKNG,64.98999786376953,63.52000045776367,63.66999816894531,64.86000061035156,552300.0,64.86000061035156
2007-06-28,BKNG,65.37999725341797,64.11000061035156,65.0,64.2699966430664,535700.0,64.2699966430664
2007-06-29,BKNG,69.4000015258789,67.4800033569336,67.69999694824219,68.73999786376953,1749000.0,68.73999786376953
2007-07-02,BKNG,68.9800033569336,67.56999969482422,68.97000122070312,68.30999755859375,789600.0,68.30999755859375
2007-07-03,BKNG,68.4800033569336,67.51000213623047,68.30000305175781,68.05999755859375,227300.0,68.05999755859375
2007-07-05,BKNG,69.4800033569336,67.87999725341797,68.0,69.31999969482422,784800.0,69.31999969482422
2007-07-06,BKNG,71.43000030517578,68.8499984741211,69.20999908447266,70.83000183105469,1090500.0,70.83000183105469
2007-07-09,BKNG,71.48999786376953,69.23999786376953,71.26000213623047,70.25,717400.0,70.25
2007-07-10,BKNG,70.16999816894531,67.0,69.83999633789062,67.45999908447266,832300.0,67.45999908447266
2007-07-11,BKNG,69.0999984741211,67.12000274658203,67.51000213623047,68.51000213623047,1015900.0,68.51000213623047
2007-07-12,BKNG,68.9800033569336,67.51000213623047,68.66999816894531,68.69999694824219,626700.0,68.69999694824219
2007-07-13,BKNG,69.41999816894531,67.5999984741211,68.45999908447266,69.29000091552734,599300.0,69.29000091552734
2007-07-16,BKNG,69.75,67.5,69.01000213623047,67.97000122070312,651500.0,67.97000122070312
2007-07-17,BKNG,68.48999786376953,67.37999725341797,68.0,67.77999877929688,716400.0,67.77999877929688
2007-07-18,BKNG,68.54000091552734,66.55000305175781,67.2699966430664,68.51000213623047,644800.0,68.51000213623047
2007-07-19,BKNG,70.11000061035156,68.62000274658203,68.68000030517578,70.01000213623047,592100.0,70.01000213623047
2007-07-20,BKNG,71.44000244140625,69.69999694824219,69.83999633789062,70.68000030517578,1121200.0,70.68000030517578
2007-07-23,BKNG,70.91999816894531,68.3499984741211,70.76000213623047,68.52999877929688,592300.0,68.52999877929688
2007-07-24,BKNG,68.93000030517578,67.01000213623047,68.12000274658203,67.08000183105469,684700.0,67.08000183105469
2007-07-25,BKNG,68.38999938964844,65.54000091552734,67.30999755859375,66.8499984741211,1640400.0,66.8499984741211
2007-07-26,BKNG,66.80999755859375,63.220001220703125,66.01000213623047,64.87999725341797,959600.0,64.87999725341797
2007-07-27,BKNG,64.97000122070312,62.7599983215332,64.23999786376953,62.939998626708984,752200.0,62.939998626708984
2007-07-30,BKNG,65.18000030517578,62.790000915527344,62.900001525878906,64.81999969482422,1629000.0,64.81999969482422
2007-07-31,BKNG,66.47000122070312,63.70000076293945,65.73999786376953,63.79999923706055,619000.0,63.79999923706055
2007-08-01,BKNG,63.439998626708984,61.099998474121094,63.41999816894531,62.27000045776367,908300.0,62.27000045776367
2007-08-02,BKNG,64.2300033569336,61.709999084472656,62.060001373291016,64.0999984741211,696100.0,64.0999984741211
2007-08-03,BKNG,64.4000015258789,61.43000030517578,63.81999969482422,61.560001373291016,784900.0,61.560001373291016
2007-08-06,BKNG,61.9900016784668,59.5,61.619998931884766,61.720001220703125,885300.0,61.720001220703125
2007-08-07,BKNG,65.44000244140625,61.040000915527344,61.040000915527344,65.08999633789062,2103100.0,65.08999633789062
2007-08-08,BKNG,79.7300033569336,75.47000122070312,77.7300033569336,79.55999755859375,7669900.0,79.55999755859375
2007-08-09,BKNG,79.0,73.05999755859375,77.94999694824219,75.9800033569336,3792200.0,75.9800033569336
2007-08-10,BKNG,79.98999786376953,74.0999984741211,74.0999984741211,76.81999969482422,3564100.0,76.81999969482422
2007-08-13,BKNG,78.44999694824219,76.0999984741211,77.9800033569336,77.6500015258789,1347200.0,77.6500015258789
2007-08-14,BKNG,77.9000015258789,73.2699966430664,77.73999786376953,73.52999877929688,1048300.0,73.52999877929688
2007-08-15,BKNG,75.73999786376953,72.91000366210938,73.08000183105469,75.37000274658203,1601800.0,75.37000274658203
2007-08-16,BKNG,74.7300033569336,69.19999694824219,74.04000091552734,72.4000015258789,1807400.0,72.4000015258789
2007-08-17,BKNG,75.9000015258789,71.51000213623047,74.56999969482422,73.30999755859375,979100.0,73.30999755859375
2007-08-20,BKNG,76.0,73.70999908447266,73.91999816894531,75.83000183105469,686100.0,75.83000183105469
2007-08-21,BKNG,77.75,75.3499984741211,75.5,77.19999694824219,782900.0,77.19999694824219
2007-08-22,BKNG,79.48999786376953,77.08000183105469,78.47000122070312,79.16999816894531,784300.0,79.16999816894531
2007-08-23,BKNG,82.1500015258789,78.16000366210938,79.25,80.9800033569336,3145300.0,80.9800033569336
2007-08-24,BKNG,81.4000015258789,79.75,80.94000244140625,81.4000015258789,662600.0,81.4000015258789
2007-08-27,BKNG,81.98999786376953,80.41000366210938,81.48999786376953,80.88999938964844,510400.0,80.88999938964844
2007-08-28,BKNG,80.54000091552734,76.4000015258789,80.4000015258789,76.62000274658203,1377300.0,76.62000274658203
2007-08-29,BKNG,78.98999786376953,77.2699966430664,77.37000274658203,78.5999984741211,865800.0,78.5999984741211
2007-08-30,BKNG,80.27999877929688,77.62000274658203,77.98999786376953,79.26000213623047,820300.0,79.26000213623047
2007-08-31,BKNG,83.25,80.31999969482422,80.58999633789062,82.9800033569336,989300.0,82.9800033569336
2007-09-04,BKNG,83.69000244140625,81.56999969482422,82.79000091552734,82.16000366210938,969800.0,82.16000366210938
2007-09-05,BKNG,82.33999633789062,80.41000366210938,81.94999694824219,81.18000030517578,466200.0,81.18000030517578
2007-09-06,BKNG,82.52999877929688,79.20999908447266,81.61000061035156,82.44000244140625,749400.0,82.44000244140625
2007-09-07,BKNG,80.77999877929688,77.52999877929688,80.76000213623047,77.91000366210938,927700.0,77.91000366210938
2007-09-10,BKNG,78.91000366210938,76.2300033569336,78.08999633789062,76.45999908447266,855700.0,76.45999908447266
2007-09-11,BKNG,81.9000015258789,76.58000183105469,76.70999908447266,81.43000030517578,1427500.0,81.43000030517578
2007-09-12,BKNG,84.75,81.0999984741211,81.5,83.3499984741211,1098400.0,83.3499984741211
2007-09-13,BKNG,86.23999786376953,83.83000183105469,84.0999984741211,86.16999816894531,1636500.0,86.16999816894531
2007-09-14,BKNG,87.70999908447266,85.12999725341797,85.13999938964844,86.66000366210938,1061000.0,86.66000366210938
2007-09-17,BKNG,87.72000122070312,85.9800033569336,86.72000122070312,86.97000122070312,845500.0,86.97000122070312
2007-09-18,BKNG,90.0,86.08999633789062,87.18000030517578,89.94999694824219,1651500.0,89.94999694824219
2007-09-19,BKNG,90.80000305175781,87.54000091552734,90.7699966430664,89.87000274658203,1384000.0,89.87000274658203
2007-09-20,BKNG,88.61000061035156,85.4000015258789,87.62999725341797,86.77999877929688,1657600.0,86.77999877929688
2007-09-21,BKNG,89.88999938964844,87.0,87.56999969482422,89.31999969482422,999700.0,89.31999969482422
2007-09-24,BKNG,90.33000183105469,87.19999694824219,89.30000305175781,87.58000183105469,693500.0,87.58000183105469
2007-09-25,BKNG,89.87999725341797,86.51000213623047,86.69999694824219,89.47000122070312,520000.0,89.47000122070312
2007-09-26,BKNG,90.44999694824219,87.3499984741211,90.2300033569336,88.08000183105469,766600.0,88.08000183105469
2007-09-27,BKNG,90.47000122070312,88.52999877929688,88.6500015258789,89.8499984741211,922800.0,89.8499984741211
2007-09-28,BKNG,91.94999694824219,88.51000213623047,90.12999725341797,88.75,1126200.0,88.75
2007-10-01,BKNG,90.48999786376953,87.22000122070312,88.9000015258789,89.30999755859375,978300.0,89.30999755859375
2007-10-02,BKNG,89.47000122070312,87.2699966430664,89.47000122070312,88.68000030517578,667000.0,88.68000030517578
2007-10-03,BKNG,92.25,88.12000274658203,88.12000274658203,91.18000030517578,846600.0,91.18000030517578
2007-10-04,BKNG,91.8499984741211,90.0999984741211,91.31999969482422,90.79000091552734,615200.0,90.79000091552734
2007-10-05,BKNG,94.69000244140625,91.87000274658203,92.19999694824219,93.93000030517578,980100.0,93.93000030517578
2007-10-08,BKNG,95.5,92.69999694824219,94.5,94.16999816894531,1003200.0,94.16999816894531
2007-10-09,BKNG,94.94000244140625,91.5199966430664,94.62999725341797,92.81999969482422,1222300.0,92.81999969482422
2007-10-10,BKNG,95.98999786376953,92.62999725341797,93.29000091552734,94.62000274658203,902800.0,94.62000274658203
2007-10-11,BKNG,95.37999725341797,90.30000305175781,94.94999694824219,91.3499984741211,1148200.0,91.3499984741211
2007-10-12,BKNG,93.66000366210938,90.66999816894531,91.30000305175781,93.37999725341797,532000.0,93.37999725341797
2007-10-15,BKNG,94.48999786376953,92.08999633789062,93.43000030517578,93.11000061035156,708600.0,93.11000061035156
2007-10-16,BKNG,93.11000061035156,89.5,92.4000015258789,90.36000061035156,679700.0,90.36000061035156
2007-10-17,BKNG,92.22000122070312,88.0,90.58000183105469,88.98999786376953,745500.0,88.98999786376953
2007-10-18,BKNG,92.47000122070312,87.81999969482422,88.45999908447266,92.0199966430664,777200.0,92.0199966430664
2007-10-19,BKNG,92.19000244140625,88.08000183105469,91.98999786376953,88.62999725341797,801100.0,88.62999725341797
2007-10-22,BKNG,89.80999755859375,85.30999755859375,87.51000213623047,88.5,622300.0,88.5
2007-10-23,BKNG,91.98999786376953,88.91999816894531,89.66999816894531,91.55000305175781,1188600.0,91.55000305175781
2007-10-24,BKNG,91.19000244140625,86.94999694824219,90.68000030517578,88.93000030517578,898800.0,88.93000030517578
2007-10-25,BKNG,89.77999877929688,86.06999969482422,88.86000061035156,87.1500015258789,571900.0,87.1500015258789
2007-10-26,BKNG,88.0,84.77999877929688,87.94999694824219,86.23999786376953,1205700.0,86.23999786376953
2007-10-29,BKNG,92.83000183105469,86.5,86.69999694824219,91.18000030517578,1190100.0,91.18000030517578
2007-10-30,BKNG,91.7300033569336,88.06999969482422,90.95999908447266,88.69999694824219,614500.0,88.69999694824219
2007-10-31,BKNG,93.12000274658203,88.55000305175781,89.48999786376953,93.0999984741211,828100.0,93.0999984741211
2007-11-01,BKNG,94.83000183105469,90.43000030517578,91.58999633789062,91.6500015258789,1757100.0,91.6500015258789
2007-11-02,BKNG,93.73999786376953,89.06999969482422,92.58999633789062,90.80999755859375,916800.0,90.80999755859375
2007-11-05,BKNG,91.94999694824219,88.51000213623047,89.51000213623047,89.05000305175781,712800.0,89.05000305175781
2007-11-06,BKNG,91.0,87.25,89.5,88.95999908447266,663900.0,88.95999908447266
2007-11-07,BKNG,93.3499984741211,88.01000213623047,88.4000015258789,90.30999755859375,1104000.0,90.30999755859375
2007-11-08,BKNG,90.9800033569336,79.1500015258789,90.51000213623047,84.2699966430664,4422200.0,84.2699966430664
2007-11-09,BKNG,106.69999694824219,96.0,98.2300033569336,103.68000030517578,7734100.0,103.68000030517578
2007-11-12,BKNG,104.76000213623047,99.51000213623047,104.12999725341797,100.0999984741211,1828100.0,100.0999984741211
2007-11-13,BKNG,109.81999969482422,100.25,101.86000061035156,108.69999694824219,2228600.0,108.69999694824219
2007-11-14,BKNG,110.43000030517578,105.87999725341797,110.25,106.88999938964844,2047000.0,106.88999938964844
2007-11-15,BKNG,107.9800033569336,104.98999786376953,106.58999633789062,106.56999969482422,785500.0,106.56999969482422
2007-11-16,BKNG,109.94999694824219,105.80000305175781,107.01000213623047,109.76000213623047,1093300.0,109.76000213623047
2007-11-19,BKNG,110.45999908447266,102.01000213623047,109.4000015258789,102.6500015258789,1660400.0,102.6500015258789
2007-11-20,BKNG,105.94999694824219,98.77999877929688,102.75,102.2699966430664,1541100.0,102.2699966430664
2007-11-21,BKNG,105.73999786376953,98.88999938964844,99.66999816894531,103.44000244140625,948000.0,103.44000244140625
2007-11-23,BKNG,108.81999969482422,103.70999908447266,104.45999908447266,107.69000244140625,395900.0,107.69000244140625
2007-11-26,BKNG,112.5,103.7699966430664,108.5999984741211,104.25,1428900.0,104.25
2007-11-27,BKNG,108.58999633789062,104.25,107.04000091552734,107.12000274658203,1013000.0,107.12000274658203
2007-11-28,BKNG,113.91999816894531,109.01000213623047,109.62999725341797,112.98999786376953,1657600.0,112.98999786376953
2007-11-29,BKNG,116.13999938964844,108.22000122070312,112.44999694824219,110.16999816894531,1899500.0,110.16999816894531
2007-11-30,BKNG,114.23999786376953,110.37000274658203,112.98999786376953,113.80000305175781,1434800.0,113.80000305175781
2007-12-03,BKNG,116.23999786376953,112.0199966430664,114.51000213623047,114.58999633789062,1883200.0,114.58999633789062
2007-12-04,BKNG,115.37000274658203,113.0,115.19000244140625,115.37000274658203,1207000.0,115.37000274658203
2007-12-05,BKNG,120.66999816894531,117.0,117.79000091552734,119.7300033569336,1915900.0,119.7300033569336
2007-12-06,BKNG,120.0,116.47000122070312,119.1500015258789,118.63999938964844,1972400.0,118.63999938964844
2007-12-07,BKNG,119.23999786376953,116.80000305175781,118.73999786376953,117.91999816894531,794300.0,117.91999816894531
2007-12-10,BKNG,119.1500015258789,114.25,117.31999969482422,115.5199966430664,978500.0,115.5199966430664
2007-12-11,BKNG,117.93000030517578,110.1500015258789,115.69000244140625,110.23999786376953,1058800.0,110.23999786376953
2007-12-12,BKNG,115.0,110.55999755859375,113.55000305175781,111.91000366210938,1333000.0,111.91000366210938
2007-12-13,BKNG,116.6500015258789,109.0,110.16999816894531,115.77999877929688,1198500.0,115.77999877929688
2007-12-14,BKNG,120.5,113.62999725341797,114.05000305175781,117.16999816894531,2042700.0,117.16999816894531
2007-12-17,BKNG,113.58000183105469,104.6500015258789,112.5199966430664,109.30999755859375,2725700.0,109.30999755859375
2007-12-18,BKNG,114.5,110.0,110.20999908447266,113.86000061035156,1236900.0,113.86000061035156
2007-12-19,BKNG,117.38999938964844,113.25,114.26000213623047,114.37000274658203,876300.0,114.37000274658203
2007-12-20,BKNG,116.5999984741211,110.0,110.0,116.2300033569336,749800.0,116.2300033569336
2007-12-21,BKNG,118.47000122070312,114.51000213623047,118.47000122070312,115.1500015258789,1062300.0,115.1500015258789
2007-12-24,BKNG,118.16000366210938,114.51000213623047,115.13999938964844,117.80999755859375,361600.0,117.80999755859375
2007-12-26,BKNG,118.9000015258789,115.38999938964844,117.81999969482422,118.2300033569336,382100.0,118.2300033569336
2007-12-27,BKNG,119.4800033569336,116.01000213623047,118.08000183105469,116.62000274658203,559400.0,116.62000274658203
2007-12-28,BKNG,120.56999969482422,116.69000244140625,116.69000244140625,118.0199966430664,832100.0,118.0199966430664
2007-12-31,BKNG,119.87000274658203,113.80000305175781,117.08999633789062,114.86000061035156,818000.0,114.86000061035156
2008-01-02,BKNG,119.0,113.19999694824219,116.75,115.23999786376953,1619800.0,115.23999786376953
2008-01-03,BKNG,116.0,110.62999725341797,115.70999908447266,111.4000015258789,1213500.0,111.4000015258789
2008-01-04,BKNG,110.44999694824219,106.48999786376953,110.2699966430664,107.54000091552734,1386000.0,107.54000091552734
2008-01-07,BKNG,109.0,99.5,108.76000213623047,105.18000030517578,1852500.0,105.18000030517578
2008-01-08,BKNG,109.5,101.88999938964844,105.0,102.27999877929688,1563800.0,102.27999877929688
2008-01-09,BKNG,103.5,97.41999816894531,101.87000274658203,102.8499984741211,1205300.0,102.8499984741211
2008-01-10,BKNG,103.8499984741211,98.02999877929688,102.0,102.77999877929688,1853800.0,102.77999877929688
2008-01-11,BKNG,104.69999694824219,94.16000366210938,101.55999755859375,96.23999786376953,1516300.0,96.23999786376953
2008-01-14,BKNG,102.44000244140625,96.30000305175781,96.30000305175781,100.5199966430664,1113900.0,100.5199966430664
2008-01-15,BKNG,105.25,98.51000213623047,98.91999816894531,103.27999877929688,1881900.0,103.27999877929688
2008-01-16,BKNG,103.33000183105469,94.16000366210938,101.73999786376953,95.43000030517578,2902800.0,95.43000030517578
2008-01-17,BKNG,97.30000305175781,86.83999633789062,96.37000274658203,89.36000061035156,3753200.0,89.36000061035156
2008-01-18,BKNG,96.58000183105469,90.7699966430664,92.2300033569336,92.9800033569336,3812400.0,92.9800033569336
2008-01-22,BKNG,98.55999755859375,86.68000030517578,88.33999633789062,96.54000091552734,2175600.0,96.54000091552734
2008-01-23,BKNG,100.66999816894531,91.41000366210938,92.5999984741211,100.2699966430664,2652500.0,100.2699966430664
2008-01-24,BKNG,112.05999755859375,99.27999877929688,100.72000122070312,108.58000183105469,2868000.0,108.58000183105469
2008-01-25,BKNG,111.73999786376953,101.77999877929688,111.73999786376953,104.58000183105469,1740400.0,104.58000183105469
2008-01-28,BKNG,107.4000015258789,102.37000274658203,105.18000030517578,106.36000061035156,1116500.0,106.36000061035156
2008-01-29,BKNG,107.61000061035156,103.08000183105469,106.36000061035156,105.52999877929688,1098700.0,105.52999877929688
2008-01-30,BKNG,109.22000122070312,103.80999755859375,105.76000213623047,106.52999877929688,845500.0,106.52999877929688
2008-01-31,BKNG,110.44999694824219,102.66999816894531,104.06999969482422,108.5199966430664,928300.0,108.5199966430664
2008-02-01,BKNG,110.2699966430664,102.20999908447266,109.91999816894531,107.9000015258789,1832800.0,107.9000015258789
2008-02-04,BKNG,108.31999969482422,105.18000030517578,107.94000244140625,105.68000030517578,746600.0,105.68000030517578
2008-02-05,BKNG,104.97000122070312,97.97000122070312,104.97000122070312,98.27999877929688,1891500.0,98.27999877929688
2008-02-06,BKNG,98.4000015258789,92.75,95.87999725341797,93.36000061035156,2261500.0,93.36000061035156
2008-02-07,BKNG,102.5,92.5,92.5,101.12999725341797,2742400.0,101.12999725341797
2008-02-08,BKNG,102.4000015258789,98.0199966430664,100.68000030517578,101.79000091552734,1156800.0,101.79000091552734
2008-02-11,BKNG,102.94999694824219,99.83999633789062,101.62000274658203,102.80000305175781,846600.0,102.80000305175781
2008-02-12,BKNG,104.87999725341797,100.0999984741211,103.58000183105469,103.0,1189400.0,103.0
2008-02-13,BKNG,106.04000091552734,102.72000122070312,104.8499984741211,104.95999908447266,1619800.0,104.95999908447266
2008-02-14,BKNG,106.23999786376953,100.0999984741211,106.23999786376953,102.2300033569336,2685600.0,102.2300033569336
2008-02-15,BKNG,124.52999877929688,110.52999877929688,110.95999908447266,123.86000061035156,9172700.0,123.86000061035156
2008-02-19,BKNG,125.7300033569336,120.22000122070312,123.87999725341797,122.61000061035156,2588900.0,122.61000061035156
2008-02-20,BKNG,129.16000366210938,120.0,121.98999786376953,127.51000213623047,2817400.0,127.51000213623047
2008-02-21,BKNG,129.24000549316406,123.05000305175781,129.10000610351562,123.70999908447266,1408700.0,123.70999908447266
2008-02-22,BKNG,127.7300033569336,122.5999984741211,123.77999877929688,127.25,1025600.0,127.25
2008-02-25,BKNG,126.9800033569336,121.91999816894531,126.77999877929688,123.51000213623047,1516300.0,123.51000213623047
2008-02-26,BKNG,128.5,122.55000305175781,122.91000366210938,126.52999877929688,1186100.0,126.52999877929688
2008-02-27,BKNG,125.91999816894531,121.5999984741211,125.31999969482422,123.25,1000500.0,123.25
2008-02-28,BKNG,125.80000305175781,120.26000213623047,122.19999694824219,123.30999755859375,1225800.0,123.30999755859375
2008-02-29,BKNG,122.36000061035156,113.44000244140625,121.55000305175781,114.0199966430664,2073600.0,114.0199966430664
2008-03-03,BKNG,116.72000122070312,112.0,112.41000366210938,113.69000244140625,1585000.0,113.69000244140625
2008-03-04,BKNG,116.36000061035156,110.0199966430664,111.3499984741211,115.33000183105469,1422700.0,115.33000183105469
2008-03-05,BKNG,119.69999694824219,113.26000213623047,115.80000305175781,118.37000274658203,1426400.0,118.37000274658203
2008-03-06,BKNG,119.44999694824219,115.44999694824219,117.97000122070312,115.87999725341797,1135200.0,115.87999725341797
2008-03-07,BKNG,119.69999694824219,113.7300033569336,113.87999725341797,116.91999816894531,1208200.0,116.91999816894531
2008-03-10,BKNG,117.9800033569336,108.72000122070312,117.11000061035156,109.7699966430664,1528900.0,109.7699966430664
2008-03-11,BKNG,115.66999816894531,111.36000061035156,113.19000244140625,115.19000244140625,1584100.0,115.19000244140625
2008-03-12,BKNG,124.3499984741211,114.5199966430664,115.44999694824219,120.94000244140625,1974200.0,120.94000244140625
2008-03-13,BKNG,124.01000213623047,115.80000305175781,119.55000305175781,122.48999786376953,1059600.0,122.48999786376953
2008-03-14,BKNG,124.5,115.9000015258789,124.1500015258789,117.62999725341797,1131800.0,117.62999725341797
2008-03-17,BKNG,115.05000305175781,106.30999755859375,114.2699966430664,111.08000183105469,2049100.0,111.08000183105469
2008-03-18,BKNG,123.72000122070312,114.6500015258789,114.7699966430664,123.05999755859375,1961300.0,123.05999755859375
2008-03-19,BKNG,122.54000091552734,114.51000213623047,119.26000213623047,114.94000244140625,1595000.0,114.94000244140625
2008-03-20,BKNG,121.27999877929688,113.51000213623047,116.6500015258789,118.62999725341797,2989400.0,118.62999725341797
2008-03-24,BKNG,131.75,119.04000091552734,119.4800033569336,124.7300033569336,3163600.0,124.7300033569336
2008-03-25,BKNG,126.5,121.70999908447266,124.0,122.5,1683000.0,122.5
2008-03-26,BKNG,123.20999908447266,119.05999755859375,121.5,120.94999694824219,1023600.0,120.94999694824219
2008-03-27,BKNG,123.9000015258789,118.12999725341797,121.29000091552734,118.87999725341797,913000.0,118.87999725341797
2008-03-28,BKNG,124.44999694824219,119.0999984741211,119.0999984741211,121.98999786376953,1524800.0,121.98999786376953
2008-03-31,BKNG,123.5999984741211,120.0,122.0,120.86000061035156,1705600.0,120.86000061035156
2008-04-01,BKNG,128.27000427246094,124.38999938964844,124.94999694824219,127.98999786376953,1213600.0,127.98999786376953
2008-04-02,BKNG,128.0,123.80000305175781,127.98999786376953,127.5,1324700.0,127.5
2008-04-03,BKNG,131.0,125.66000366210938,126.5999984741211,128.0,1035600.0,128.0
2008-04-04,BKNG,128.99000549316406,124.0999984741211,128.99000549316406,125.51000213623047,815500.0,125.51000213623047
2008-04-07,BKNG,126.69000244140625,122.3499984741211,125.87999725341797,123.29000091552734,860600.0,123.29000091552734
2008-04-08,BKNG,127.93000030517578,122.19999694824219,122.19999694824219,125.75,882800.0,125.75
2008-04-09,BKNG,128.4499969482422,123.76000213623047,126.0,125.69999694824219,1032800.0,125.69999694824219
2008-04-10,BKNG,130.0,123.69999694824219,126.19999694824219,125.73999786376953,1088700.0,125.73999786376953
2008-04-11,BKNG,124.5999984741211,118.44000244140625,124.5999984741211,120.12000274658203,1473900.0,120.12000274658203
2008-04-14,BKNG,122.0,117.66000366210938,120.0,120.0999984741211,1136400.0,120.0999984741211
2008-04-15,BKNG,122.87999725341797,114.58999633789062,122.76000213623047,118.0,1231600.0,118.0
2008-04-16,BKNG,122.0,118.33000183105469,119.4000015258789,120.95999908447266,967200.0,120.95999908447266
2008-04-17,BKNG,121.87000274658203,116.7699966430664,120.11000061035156,119.95999908447266,1054100.0,119.95999908447266
2008-04-18,BKNG,131.94000244140625,123.54000091552734,124.66999816894531,129.42999267578125,2250800.0,129.42999267578125
2008-04-21,BKNG,131.3000030517578,127.25,128.8000030517578,129.6300048828125,1259900.0,129.6300048828125
2008-04-22,BKNG,130.30999755859375,122.51000213623047,128.75,125.83999633789062,1118600.0,125.83999633789062
2008-04-23,BKNG,127.3499984741211,124.37000274658203,126.4000015258789,125.79000091552734,527600.0,125.79000091552734
2008-04-24,BKNG,128.36000061035156,122.55999755859375,127.30999755859375,125.02999877929688,616200.0,125.02999877929688
2008-04-25,BKNG,129.0,124.0199966430664,125.29000091552734,128.3800048828125,567700.0,128.3800048828125
2008-04-28,BKNG,129.1999969482422,122.5,127.0,122.93000030517578,1590500.0,122.93000030517578
2008-04-29,BKNG,125.08000183105469,121.33000183105469,123.02999877929688,124.4800033569336,617600.0,124.4800033569336
2008-04-30,BKNG,129.5,123.31999969482422,124.45999908447266,127.63999938964844,1227300.0,127.63999938964844
2008-05-01,BKNG,134.99000549316406,124.27999877929688,128.8000030517578,128.22999572753906,2480500.0,128.22999572753906
2008-05-02,BKNG,129.39999389648438,122.87000274658203,128.60000610351562,126.37000274658203,1621700.0,126.37000274658203
2008-05-05,BKNG,129.16000366210938,125.18000030517578,126.56999969482422,126.37000274658203,1018200.0,126.37000274658203
2008-05-06,BKNG,128.24000549316406,125.5,128.22000122070312,126.69999694824219,887400.0,126.69999694824219
2008-05-07,BKNG,128.5,120.19000244140625,128.0,122.02999877929688,1607200.0,122.02999877929688
2008-05-08,BKNG,124.75,120.37000274658203,122.12000274658203,123.77999877929688,2178300.0,123.77999877929688
2008-05-09,BKNG,144.33999633789062,137.3699951171875,139.88999938964844,138.6300048828125,5935900.0,138.6300048828125
2008-05-12,BKNG,140.25,135.30999755859375,138.1999969482422,138.86000061035156,1444000.0,138.86000061035156
2008-05-13,BKNG,140.22999572753906,136.50999450683594,138.77999877929688,139.66000366210938,1115000.0,139.66000366210938
2008-05-14,BKNG,142.9499969482422,137.9199981689453,140.0,138.2899932861328,1413900.0,138.2899932861328
2008-05-15,BKNG,139.97999572753906,137.52000427246094,138.30999755859375,138.5500030517578,734500.0,138.5500030517578
2008-05-16,BKNG,139.47999572753906,134.75999450683594,139.36000061035156,135.49000549316406,1343100.0,135.49000549316406
2008-05-19,BKNG,136.14999389648438,128.50999450683594,135.27000427246094,129.57000732421875,1734400.0,129.57000732421875
2008-05-20,BKNG,133.27000427246094,127.5199966430664,127.5199966430664,132.27000427246094,1303900.0,132.27000427246094
2008-05-21,BKNG,134.5800018310547,126.23999786376953,132.74000549316406,128.7100067138672,1428300.0,128.7100067138672
2008-05-22,BKNG,132.25,127.01000213623047,129.0,130.38999938964844,1188700.0,130.38999938964844
2008-05-23,BKNG,131.9600067138672,128.3800048828125,129.10000610351562,131.64999389648438,1302900.0,131.64999389648438
2008-05-27,BKNG,135.6699981689453,128.77999877929688,131.97000122070312,131.30999755859375,1038000.0,131.30999755859375
2008-05-28,BKNG,134.5,128.88999938964844,132.49000549316406,134.1300048828125,1093100.0,134.1300048828125
2008-05-29,BKNG,134.5,130.9499969482422,134.5,131.94000244140625,952000.0,131.94000244140625
2008-05-30,BKNG,136.0,131.41000366210938,132.4600067138672,134.52999877929688,1983400.0,134.52999877929688
2008-06-02,BKNG,134.47999572753906,129.8000030517578,134.2899932861328,132.75999450683594,909800.0,132.75999450683594
2008-06-03,BKNG,134.5,130.55999755859375,133.7100067138672,132.77000427246094,903000.0,132.77000427246094
2008-06-04,BKNG,136.8800048828125,131.7100067138672,131.7100067138672,134.8300018310547,1001900.0,134.8300018310547
2008-06-05,BKNG,139.16000366210938,134.07000732421875,134.3300018310547,137.33999633789062,1334900.0,137.33999633789062
2008-06-06,BKNG,136.75,130.63999938964844,136.57000732421875,132.47999572753906,1258900.0,132.47999572753906
2008-06-09,BKNG,133.77999877929688,123.80000305175781,132.27000427246094,126.55000305175781,1867900.0,126.55000305175781
2008-06-10,BKNG,128.33999633789062,122.55000305175781,124.37000274658203,127.37999725341797,1458100.0,127.37999725341797
2008-06-11,BKNG,128.0,120.43000030517578,127.55999755859375,120.87999725341797,1781700.0,120.87999725341797
2008-06-12,BKNG,128.10000610351562,121.31999969482422,121.36000061035156,122.26000213623047,1287300.0,122.26000213623047
2008-06-13,BKNG,128.33999633789062,122.98999786376953,124.06999969482422,126.9000015258789,1153400.0,126.9000015258789
2008-06-16,BKNG,130.24000549316406,125.0,126.88999938964844,127.62999725341797,1216100.0,127.62999725341797
2008-06-17,BKNG,129.7100067138672,125.05000305175781,127.77999877929688,125.58999633789062,825800.0,125.58999633789062
2008-06-18,BKNG,131.88999938964844,124.5999984741211,125.0,129.3000030517578,1592600.0,129.3000030517578
2008-06-19,BKNG,131.0,126.61000061035156,128.60000610351562,130.89999389648438,880000.0,130.89999389648438
2008-06-20,BKNG,130.85000610351562,128.00999450683594,129.85000610351562,130.64999389648438,1502400.0,130.64999389648438
2008-06-23,BKNG,132.97000122070312,130.10000610351562,130.9199981689453,132.0399932861328,853600.0,132.0399932861328
2008-06-24,BKNG,133.63999938964844,128.10000610351562,130.6199951171875,130.3699951171875,1987500.0,130.3699951171875
2008-06-25,BKNG,134.5,130.2899932861328,131.25,131.55999755859375,1092200.0,131.55999755859375
2008-06-26,BKNG,131.00999450683594,126.51000213623047,130.72999572753906,127.0,1370500.0,127.0
2008-06-27,BKNG,127.48999786376953,122.44999694824219,126.41000366210938,125.12999725341797,5294700.0,125.12999725341797
2008-06-30,BKNG,121.94999694824219,114.37999725341797,119.77999877929688,115.45999908447266,3352100.0,115.45999908447266
2008-07-01,BKNG,115.66999816894531,110.0,113.2300033569336,115.37000274658203,3218400.0,115.37000274658203
2008-07-02,BKNG,116.95999908447266,106.66000366210938,116.13999938964844,107.33000183105469,2511500.0,107.33000183105469
2008-07-03,BKNG,111.87000274658203,106.06999969482422,107.80000305175781,106.73999786376953,1120100.0,106.73999786376953
2008-07-07,BKNG,108.79000091552734,101.0999984741211,106.30000305175781,105.58999633789062,1990900.0,105.58999633789062
2008-07-08,BKNG,108.5,102.02999877929688,104.97000122070312,107.83999633789062,1668600.0,107.83999633789062
2008-07-09,BKNG,113.33999633789062,108.11000061035156,108.33000183105469,109.12999725341797,2173200.0,109.12999725341797
2008-07-10,BKNG,112.41999816894531,108.23999786376953,111.0,110.63999938964844,1976200.0,110.63999938964844
2008-07-11,BKNG,109.23999786376953,104.69000244140625,108.0199966430664,107.41000366210938,1606300.0,107.41000366210938
2008-07-14,BKNG,109.4000015258789,104.51000213623047,108.01000213623047,107.73999786376953,1132100.0,107.73999786376953
2008-07-15,BKNG,105.95999908447266,98.11000061035156,105.83000183105469,103.69999694824219,1823000.0,103.69999694824219
2008-07-16,BKNG,113.69000244140625,103.04000091552734,104.20999908447266,112.13999938964844,1983300.0,112.13999938964844
2008-07-17,BKNG,113.73999786376953,108.77999877929688,113.73999786376953,111.2300033569336,1375000.0,111.2300033569336
2008-07-18,BKNG,110.97000122070312,103.30000305175781,110.0,104.63999938964844,2140100.0,104.63999938964844
2008-07-21,BKNG,103.80999755859375,100.02999877929688,103.18000030517578,101.0,1806200.0,101.0
2008-07-22,BKNG,105.91000366210938,94.77999877929688,99.80999755859375,105.37999725341797,2164200.0,105.37999725341797
2008-07-23,BKNG,108.33999633789062,100.33999633789062,108.31999969482422,101.37000274658203,1541400.0,101.37000274658203
2008-07-24,BKNG,105.45999908447266,99.0199966430664,104.0,100.51000213623047,1114100.0,100.51000213623047
2008-07-25,BKNG,103.88999938964844,99.4000015258789,100.30000305175781,100.52999877929688,908400.0,100.52999877929688
2008-07-28,BKNG,108.5,104.56999969482422,105.0,106.5,1991200.0,106.5
2008-07-29,BKNG,109.0,104.79000091552734,105.68000030517578,107.75,1215200.0,107.75
2008-07-30,BKNG,109.94000244140625,105.87999725341797,109.16000366210938,108.83000183105469,1051800.0,108.83000183105469
2008-07-31,BKNG,116.77999877929688,111.18000030517578,113.05000305175781,114.94999694824219,2690000.0,114.94999694824219
2008-08-01,BKNG,116.83999633789062,112.75,114.91999816894531,116.66000366210938,5789800.0,116.66000366210938
2008-08-04,BKNG,117.0,110.76000213623047,116.01000213623047,111.72000122070312,2070000.0,111.72000122070312
2008-08-05,BKNG,119.33000183105469,111.55999755859375,113.56999969482422,117.19999694824219,3966400.0,117.19999694824219
2008-08-06,BKNG,104.2699966430664,95.86000061035156,101.72000122070312,97.16999816894531,7943700.0,97.16999816894531
2008-08-07,BKNG,97.9000015258789,94.51000213623047,95.76000213623047,96.0,2717700.0,96.0
2008-08-08,BKNG,101.70999908447266,95.08999633789062,97.02999877929688,95.58000183105469,2704300.0,95.58000183105469
2008-08-11,BKNG,102.87000274658203,96.0,96.93000030517578,102.63999938964844,2344200.0,102.63999938964844
2008-08-12,BKNG,102.12000274658203,100.11000061035156,101.62000274658203,100.81999969482422,1219400.0,100.81999969482422
2008-08-13,BKNG,103.62000274658203,99.75,100.91999816894531,100.91000366210938,1234200.0,100.91000366210938
2008-08-14,BKNG,102.44000244140625,99.91000366210938,100.13999938964844,101.91999816894531,1179800.0,101.91999816894531
2008-08-15,BKNG,105.94999694824219,102.19999694824219,105.3499984741211,103.19999694824219,1454700.0,103.19999694824219
2008-08-18,BKNG,103.11000061035156,99.0199966430664,102.41999816894531,100.66000366210938,1244200.0,100.66000366210938
2008-08-19,BKNG,100.0,98.19999694824219,99.75,99.25,1194200.0,99.25
2008-08-20,BKNG,100.62000274658203,98.01000213623047,99.37000274658203,100.37999725341797,1135500.0,100.37999725341797
2008-08-21,BKNG,100.0,97.51000213623047,99.13999938964844,99.20999908447266,750500.0,99.20999908447266
2008-08-22,BKNG,102.30000305175781,98.93000030517578,100.37000274658203,102.12999725341797,622100.0,102.12999725341797
2008-08-25,BKNG,101.41000366210938,96.69000244140625,101.0999984741211,97.0999984741211,1169700.0,97.0999984741211
2008-08-26,BKNG,97.88999938964844,93.31999969482422,97.01000213623047,94.69000244140625,1901800.0,94.69000244140625
2008-08-27,BKNG,96.08000183105469,94.4000015258789,94.4000015258789,94.94000244140625,1612900.0,94.94000244140625
2008-08-28,BKNG,96.66000366210938,94.91000366210938,95.5,95.98999786376953,1621400.0,95.98999786376953
2008-08-29,BKNG,95.44000244140625,92.12000274658203,95.0,92.9800033569336,1490100.0,92.9800033569336
2008-09-02,BKNG,99.41000366210938,96.33999633789062,97.13999938964844,97.5999984741211,2290800.0,97.5999984741211
2008-09-03,BKNG,97.66999816894531,90.73999786376953,97.27999877929688,92.94999694824219,1923600.0,92.94999694824219
2008-09-04,BKNG,93.95999908447266,91.19000244140625,91.9000015258789,93.02999877929688,2700200.0,93.02999877929688
2008-09-05,BKNG,94.06999969482422,90.80000305175781,91.91000366210938,93.63999938964844,2277000.0,93.63999938964844
2008-09-08,BKNG,97.12000274658203,91.37999725341797,95.16999816894531,92.25,2310000.0,92.25
2008-09-09,BKNG,92.83999633789062,83.7699966430664,92.11000061035156,84.44000244140625,4028500.0,84.44000244140625
2008-09-10,BKNG,84.75,80.30999755859375,84.69999694824219,82.98999786376953,3443500.0,82.98999786376953
2008-09-11,BKNG,85.62999725341797,80.19999694824219,81.43000030517578,85.05000305175781,2909400.0,85.05000305175781
2008-09-12,BKNG,86.91000366210938,83.69999694824219,84.51000213623047,86.23999786376953,3099000.0,86.23999786376953
2008-09-15,BKNG,84.95999908447266,78.04000091552734,84.45999908447266,78.66999816894531,2455100.0,78.66999816894531
2008-09-16,BKNG,84.33999633789062,76.02999877929688,76.52999877929688,83.36000061035156,2422200.0,83.36000061035156
2008-09-17,BKNG,83.29000091552734,76.55000305175781,80.6500015258789,78.94999694824219,2608900.0,78.94999694824219
2008-09-18,BKNG,85.94000244140625,77.20999908447266,81.02999877929688,85.23999786376953,1754200.0,85.23999786376953
2008-09-19,BKNG,96.79000091552734,85.97000122070312,92.06999969482422,87.04000091552734,2501700.0,87.04000091552734
2008-09-22,BKNG,89.98999786376953,81.6500015258789,86.0,82.1500015258789,1374500.0,82.1500015258789
2008-09-23,BKNG,83.3499984741211,78.22000122070312,81.97000122070312,79.51000213623047,1604000.0,79.51000213623047
2008-09-24,BKNG,80.88999938964844,77.51000213623047,79.81999969482422,78.80999755859375,2472500.0,78.80999755859375
2008-09-25,BKNG,79.23999786376953,76.5,79.23999786376953,77.41999816894531,1188700.0,77.41999816894531
2008-09-26,BKNG,75.91000366210938,72.70999908447266,75.9000015258789,75.0,2476000.0,75.0
2008-09-29,BKNG,73.48999786376953,62.59000015258789,73.0,66.83999633789062,2139000.0,66.83999633789062
2008-09-30,BKNG,70.61000061035156,65.72000122070312,65.72000122070312,68.43000030517578,2622900.0,68.43000030517578
2008-10-01,BKNG,67.69999694824219,63.599998474121094,67.06999969482422,64.72000122070312,1667400.0,64.72000122070312
2008-10-02,BKNG,64.0,60.619998931884766,64.0,61.02000045776367,1578900.0,61.02000045776367
2008-10-03,BKNG,62.18000030517578,57.849998474121094,61.709999084472656,58.150001525878906,1949600.0,58.150001525878906
2008-10-06,BKNG,58.849998474121094,54.61000061035156,56.29999923706055,58.45000076293945,2316500.0,58.45000076293945
2008-10-07,BKNG,61.869998931884766,56.619998931884766,60.20000076293945,57.349998474121094,2432700.0,57.349998474121094
2008-10-08,BKNG,64.0999984741211,52.97999954223633,54.880001068115234,63.5099983215332,3897600.0,63.5099983215332
2008-10-09,BKNG,65.87999725341797,57.84000015258789,63.81999969482422,58.959999084472656,1925900.0,58.959999084472656
2008-10-10,BKNG,61.439998626708984,56.0,56.150001525878906,59.29999923706055,2627000.0,59.29999923706055
2008-10-13,BKNG,65.37000274658203,60.52000045776367,61.54999923706055,65.13999938964844,1261300.0,65.13999938964844
2008-10-14,BKNG,70.87000274658203,63.150001525878906,68.16000366210938,65.93000030517578,2560500.0,65.93000030517578
2008-10-15,BKNG,64.91999816894531,57.56999969482422,64.68000030517578,58.220001220703125,2126800.0,58.220001220703125
2008-10-16,BKNG,60.4900016784668,52.66999816894531,60.47999954223633,59.59000015258789,3437800.0,59.59000015258789
2008-10-17,BKNG,61.95000076293945,55.83000183105469,58.41999816894531,58.09000015258789,1084000.0,58.09000015258789
2008-10-20,BKNG,60.900001525878906,58.11000061035156,60.220001220703125,60.709999084472656,878400.0,60.709999084472656
2008-10-21,BKNG,60.880001068115234,57.09000015258789,59.349998474121094,57.47999954223633,912300.0,57.47999954223633
2008-10-22,BKNG,55.790000915527344,52.880001068115234,55.27000045776367,54.459999084472656,1606700.0,54.459999084472656
2008-10-23,BKNG,54.97999954223633,51.04999923706055,53.40999984741211,51.93000030517578,2438000.0,51.93000030517578
2008-10-24,BKNG,52.630001068115234,46.61000061035156,46.869998931884766,51.95000076293945,1904100.0,51.95000076293945
2008-10-27,BKNG,54.029998779296875,48.970001220703125,49.65999984741211,49.2599983215332,1628100.0,49.2599983215332
2008-10-28,BKNG,53.150001525878906,45.150001525878906,50.400001525878906,52.84000015258789,2032800.0,52.84000015258789
2008-10-29,BKNG,57.880001068115234,51.59000015258789,53.040000915527344,55.66999816894531,1593800.0,55.66999816894531
2008-10-30,BKNG,59.27000045776367,54.9900016784668,57.22999954223633,56.29999923706055,2497300.0,56.29999923706055
2008-10-31,BKNG,54.040000915527344,51.54999923706055,53.75,52.630001068115234,2104300.0,52.630001068115234
2008-11-03,BKNG,54.13999938964844,50.650001525878906,54.13999938964844,52.290000915527344,1235200.0,52.290000915527344
2008-11-04,BKNG,55.72999954223633,52.2400016784668,53.2400016784668,53.93000030517578,2438300.0,53.93000030517578
2008-11-05,BKNG,53.5,51.06999969482422,53.060001373291016,52.599998474121094,1461700.0,52.599998474121094
2008-11-06,BKNG,52.93000030517578,46.95000076293945,52.41999816894531,47.06999969482422,2222700.0,47.06999969482422
2008-11-07,BKNG,57.54999923706055,49.97999954223633,52.900001525878906,54.56999969482422,3029700.0,54.56999969482422
2008-11-10,BKNG,56.939998626708984,53.52000045776367,56.11000061035156,54.290000915527344,1273000.0,54.290000915527344
2008-11-11,BKNG,55.099998474121094,51.83000183105469,53.5,54.56999969482422,1719500.0,54.56999969482422
2008-11-12,BKNG,54.279998779296875,50.380001068115234,53.529998779296875,50.43000030517578,1744500.0,50.43000030517578
2008-11-13,BKNG,55.060001373291016,48.29999923706055,50.36000061035156,54.9900016784668,1993000.0,54.9900016784668
2008-11-14,BKNG,55.84000015258789,51.06999969482422,53.529998779296875,53.79999923706055,1594700.0,53.79999923706055
2008-11-17,BKNG,57.2599983215332,53.16999816894531,53.16999816894531,54.72999954223633,1306800.0,54.72999954223633
2008-11-18,BKNG,56.849998474121094,53.15999984741211,54.56999969482422,56.810001373291016,1499100.0,56.810001373291016
2008-11-19,BKNG,57.70000076293945,54.86000061035156,56.40999984741211,55.25,1398000.0,55.25
2008-11-20,BKNG,57.95000076293945,52.84000015258789,54.56999969482422,52.95000076293945,1949300.0,52.95000076293945
2008-11-21,BKNG,58.0,54.0,57.150001525878906,57.86000061035156,1286800.0,57.86000061035156
2008-11-24,BKNG,62.599998474121094,56.060001373291016,57.9900016784668,61.61000061035156,1847600.0,61.61000061035156
2008-11-25,BKNG,63.63999938964844,58.97999954223633,62.5099983215332,62.81999969482422,1200600.0,62.81999969482422
2008-11-26,BKNG,69.98999786376953,61.02000045776367,62.380001068115234,67.66000366210938,1840300.0,67.66000366210938
2008-11-28,BKNG,69.87000274658203,67.3499984741211,67.94999694824219,69.0,1192400.0,69.0
2008-12-01,BKNG,66.9000015258789,62.150001525878906,66.0,62.72999954223633,1178500.0,62.72999954223633
2008-12-02,BKNG,65.48999786376953,61.40999984741211,63.79999923706055,61.9900016784668,1013900.0,61.9900016784668
2008-12-03,BKNG,61.56999969482422,58.099998474121094,61.5,60.16999816894531,2150800.0,60.16999816894531
2008-12-04,BKNG,60.90999984741211,57.41999816894531,58.68000030517578,58.22999954223633,1550200.0,58.22999954223633
2008-12-05,BKNG,60.5,55.349998474121094,57.70000076293945,60.459999084472656,1677300.0,60.459999084472656
2008-12-08,BKNG,65.5,60.68000030517578,61.599998474121094,64.44999694824219,1682500.0,64.44999694824219
2008-12-09,BKNG,63.9900016784668,61.310001373291016,63.9900016784668,61.599998474121094,1836100.0,61.599998474121094
2008-12-10,BKNG,63.310001373291016,60.58000183105469,61.61000061035156,62.08000183105469,1327800.0,62.08000183105469
2008-12-11,BKNG,67.69999694824219,60.31999969482422,62.15999984741211,60.959999084472656,1602500.0,60.959999084472656
2008-12-12,BKNG,65.36000061035156,60.0,60.0,64.69000244140625,1155600.0,64.69000244140625
2008-12-15,BKNG,65.4800033569336,61.90999984741211,64.91000366210938,62.93000030517578,741100.0,62.93000030517578
2008-12-16,BKNG,67.77999877929688,63.310001373291016,63.47999954223633,67.4000015258789,1454400.0,67.4000015258789
2008-12-17,BKNG,70.91000366210938,66.23999786376953,66.26000213623047,70.30999755859375,1764900.0,70.30999755859375
2008-12-18,BKNG,72.16000366210938,68.2699966430664,69.05999755859375,70.0999984741211,3226200.0,70.0999984741211
2008-12-19,BKNG,71.5,68.58000183105469,69.77999877929688,69.25,2446800.0,69.25
2008-12-22,BKNG,70.69000244140625,64.18000030517578,70.0,65.95999908447266,1234200.0,65.95999908447266
2008-12-23,BKNG,70.77999877929688,65.5,65.5,70.27999877929688,1737900.0,70.27999877929688
2008-12-24,BKNG,70.2699966430664,69.16999816894531,70.0,69.5,282100.0,69.5
2008-12-26,BKNG,70.08000183105469,68.01000213623047,69.5999984741211,68.44999694824219,333800.0,68.44999694824219
2008-12-29,BKNG,70.22000122070312,67.37000274658203,70.20999908447266,69.13999938964844,485500.0,69.13999938964844
2008-12-30,BKNG,70.86000061035156,68.47000122070312,69.30000305175781,70.81999969482422,508600.0,70.81999969482422
2008-12-31,BKNG,74.20999908447266,68.95999908447266,68.95999908447266,73.6500015258789,774500.0,73.6500015258789
2009-01-02,BKNG,77.11000061035156,73.13999938964844,74.2699966430664,76.88999938964844,1085100.0,76.88999938964844
2009-01-05,BKNG,76.55000305175781,73.61000061035156,76.06999969482422,75.0,1139700.0,75.0
2009-01-06,BKNG,80.0,74.56999969482422,74.56999969482422,78.62000274658203,1486700.0,78.62000274658203
2009-01-07,BKNG,76.4000015258789,73.86000061035156,76.33999633789062,75.08000183105469,1388800.0,75.08000183105469
2009-01-08,BKNG,77.16000366210938,73.80999755859375,74.70999908447266,77.05999755859375,1041700.0,77.05999755859375
2009-01-09,BKNG,77.25,74.08000183105469,77.25,75.19999694824219,642400.0,75.19999694824219
2009-01-12,BKNG,74.0,71.19000244140625,74.0,72.16000366210938,1408000.0,72.16000366210938
2009-01-13,BKNG,74.62000274658203,69.56999969482422,71.37999725341797,70.94999694824219,1679600.0,70.94999694824219
2009-01-14,BKNG,70.8499984741211,68.12000274658203,70.29000091552734,69.05000305175781,2098700.0,69.05000305175781
2009-01-15,BKNG,73.16999816894531,68.0199966430664,69.37000274658203,70.9000015258789,1925500.0,70.9000015258789
2009-01-16,BKNG,72.93000030517578,69.5199966430664,72.68000030517578,71.12999725341797,1476700.0,71.12999725341797
2009-01-20,BKNG,71.93000030517578,65.23999786376953,70.0,66.04000091552734,2145600.0,66.04000091552734
2009-01-21,BKNG,68.16000366210938,64.94999694824219,66.68000030517578,68.0,1625300.0,68.0
2009-01-22,BKNG,68.83000183105469,65.83999633789062,66.47000122070312,67.37000274658203,1229000.0,67.37000274658203
2009-01-23,BKNG,70.11000061035156,66.0,66.22000122070312,68.91999816894531,1435200.0,68.91999816894531
2009-01-26,BKNG,70.52999877929688,65.80999755859375,69.26000213623047,66.98999786376953,987300.0,66.98999786376953
2009-01-27,BKNG,69.08999633789062,66.19999694824219,68.55000305175781,67.25,961400.0,67.25
2009-01-28,BKNG,70.04000091552734,68.2300033569336,68.44000244140625,69.2699966430664,1250300.0,69.2699966430664
2009-01-29,BKNG,69.12000274658203,66.76000213623047,68.3499984741211,67.6500015258789,668000.0,67.6500015258789
2009-01-30,BKNG,69.81999969482422,66.83000183105469,67.8499984741211,67.08999633789062,1396700.0,67.08999633789062
2009-02-02,BKNG,68.8499984741211,65.0999984741211,66.27999877929688,68.5,1729700.0,68.5
2009-02-03,BKNG,71.18000030517578,67.20999908447266,68.44000244140625,69.83000183105469,1610500.0,69.83000183105469
2009-02-04,BKNG,72.0,68.54000091552734,69.0,70.76000213623047,1510300.0,70.76000213623047
2009-02-05,BKNG,73.37999725341797,68.62000274658203,69.83999633789062,72.66999816894531,1782100.0,72.66999816894531
2009-02-06,BKNG,75.0199966430664,72.37999725341797,73.0199966430664,74.47000122070312,1689900.0,74.47000122070312
2009-02-09,BKNG,76.45999908447266,72.80000305175781,74.5999984741211,74.01000213623047,1253700.0,74.01000213623047
2009-02-10,BKNG,74.81999969482422,71.16999816894531,73.83000183105469,71.83000183105469,1188700.0,71.83000183105469
2009-02-11,BKNG,73.16999816894531,71.26000213623047,72.37999725341797,71.97000122070312,829600.0,71.97000122070312
2009-02-12,BKNG,72.27999877929688,70.23999786376953,71.30000305175781,72.20999908447266,1207000.0,72.20999908447266
2009-02-13,BKNG,73.9800033569336,72.0,72.0,72.66000366210938,1120600.0,72.66000366210938
2009-02-17,BKNG,71.2699966430664,68.2300033569336,70.62000274658203,68.87000274658203,2359200.0,68.87000274658203
2009-02-18,BKNG,70.79000091552734,67.58000183105469,69.01000213623047,68.73999786376953,3269700.0,68.73999786376953
2009-02-19,BKNG,81.7300033569336,78.91999816894531,79.91999816894531,80.16000366210938,6106600.0,80.16000366210938
2009-02-20,BKNG,84.8499984741211,78.5199966430664,78.9800033569336,83.75,2371700.0,83.75
2009-02-23,BKNG,84.94999694824219,81.08999633789062,84.18000030517578,81.9000015258789,1590000.0,81.9000015258789
2009-02-24,BKNG,85.70999908447266,82.0,82.91999816894531,84.8499984741211,1320200.0,84.8499984741211
2009-02-25,BKNG,88.0999984741211,82.0,85.11000061035156,86.68000030517578,2052100.0,86.68000030517578
2009-02-26,BKNG,88.88999938964844,84.81999969482422,87.0,85.16000366210938,1465900.0,85.16000366210938
2009-02-27,BKNG,85.95999908447266,83.58999633789062,84.20999908447266,84.86000061035156,960100.0,84.86000061035156
2009-03-02,BKNG,83.83000183105469,81.55999755859375,82.94000244140625,82.98999786376953,1362300.0,82.98999786376953
2009-03-03,BKNG,84.87999725341797,82.0999984741211,83.2699966430664,82.6500015258789,1198900.0,82.6500015258789
2009-03-04,BKNG,84.62999725341797,82.72000122070312,83.05000305175781,82.95999908447266,904500.0,82.95999908447266
2009-03-05,BKNG,83.88999938964844,81.19999694824219,82.18000030517578,82.37000274658203,979800.0,82.37000274658203
2009-03-06,BKNG,83.68000030517578,81.23999786376953,83.37999725341797,83.58999633789062,995600.0,83.58999633789062
2009-03-09,BKNG,83.5,77.76000213623047,83.0199966430664,78.36000061035156,1772400.0,78.36000061035156
2009-03-10,BKNG,82.41000366210938,78.7699966430664,78.7699966430664,81.27999877929688,1670700.0,81.27999877929688
2009-03-11,BKNG,81.81999969482422,72.0,81.81999969482422,75.94000244140625,4381300.0,75.94000244140625
2009-03-12,BKNG,79.20999908447266,73.19999694824219,76.05000305175781,78.0999984741211,1500300.0,78.0999984741211
2009-03-13,BKNG,79.30999755859375,77.5,78.26000213623047,78.33999633789062,1389700.0,78.33999633789062
2009-03-16,BKNG,82.0,79.05000305175781,79.05000305175781,80.3499984741211,1809300.0,80.3499984741211
2009-03-17,BKNG,81.77999877929688,79.37999725341797,79.86000061035156,81.18000030517578,952500.0,81.18000030517578
2009-03-18,BKNG,80.8499984741211,75.72000122070312,79.9000015258789,79.55000305175781,1965900.0,79.55000305175781
2009-03-19,BKNG,79.7300033569336,77.01000213623047,79.52999877929688,78.54000091552734,820700.0,78.54000091552734
2009-03-20,BKNG,78.69999694824219,75.8499984741211,78.69999694824219,77.98999786376953,1483200.0,77.98999786376953
2009-03-23,BKNG,82.48999786376953,76.98999786376953,77.0,82.11000061035156,1746900.0,82.11000061035156
2009-03-24,BKNG,82.72000122070312,79.0,81.19000244140625,79.4000015258789,900400.0,79.4000015258789
2009-03-25,BKNG,81.06999969482422,78.0199966430664,81.0199966430664,80.0,1015900.0,80.0
2009-03-26,BKNG,84.43000030517578,80.05999755859375,80.58999633789062,83.9800033569336,1734000.0,83.9800033569336
2009-03-27,BKNG,82.70999908447266,80.91000366210938,81.91999816894531,81.41999816894531,864500.0,81.41999816894531
2009-03-30,BKNG,80.47000122070312,77.75,80.20999908447266,80.16999816894531,830300.0,80.16999816894531
2009-03-31,BKNG,80.76000213623047,78.2300033569336,80.58999633789062,78.77999877929688,800600.0,78.77999877929688
2009-04-01,BKNG,83.45999908447266,78.08000183105469,79.58000183105469,80.87999725341797,1697200.0,80.87999725341797
2009-04-02,BKNG,87.98999786376953,81.25,82.13999938964844,86.0999984741211,2121400.0,86.0999984741211
2009-04-03,BKNG,89.0,85.0,86.05000305175781,88.62999725341797,1203900.0,88.62999725341797
2009-04-06,BKNG,89.41000366210938,86.20999908447266,87.68000030517578,89.12000274658203,1642400.0,89.12000274658203
2009-04-07,BKNG,88.29000091552734,85.83999633789062,87.45999908447266,86.83000183105469,1739100.0,86.83000183105469
2009-04-08,BKNG,88.0,84.6500015258789,86.91999816894531,87.0999984741211,1535000.0,87.0999984741211
2009-04-09,BKNG,90.7300033569336,87.51000213623047,88.13999938964844,89.95999908447266,1943000.0,89.95999908447266
2009-04-13,BKNG,90.69999694824219,88.5,89.08000183105469,90.30000305175781,1198900.0,90.30000305175781
2009-04-14,BKNG,91.43000030517578,88.62000274658203,89.75,88.9800033569336,1133800.0,88.9800033569336
2009-04-15,BKNG,89.0,86.20999908447266,89.0,88.5199966430664,1206600.0,88.5199966430664
2009-04-16,BKNG,91.13999938964844,88.2300033569336,88.95999908447266,89.9800033569336,1249200.0,89.9800033569336
2009-04-17,BKNG,91.83000183105469,88.06999969482422,89.44999694824219,91.33000183105469,1821600.0,91.33000183105469
2009-04-20,BKNG,91.9000015258789,89.4000015258789,89.41000366210938,91.4000015258789,1804200.0,91.4000015258789
2009-04-21,BKNG,94.69999694824219,90.31999969482422,90.61000061035156,94.5999984741211,1590300.0,94.5999984741211
2009-04-22,BKNG,96.56999969482422,92.54000091552734,93.18000030517578,94.72000122070312,1567400.0,94.72000122070312
2009-04-23,BKNG,96.61000061035156,93.06999969482422,95.51000213623047,94.52999877929688,1545500.0,94.52999877929688
2009-04-24,BKNG,97.7699966430664,93.88999938964844,95.16000366210938,96.16000366210938,1532800.0,96.16000366210938
2009-04-27,BKNG,92.8499984741211,90.0,92.5,91.38999938964844,2210500.0,91.38999938964844
2009-04-28,BKNG,95.0,89.5999984741211,89.70999908447266,93.58000183105469,1585400.0,93.58000183105469
2009-04-29,BKNG,96.44000244140625,93.55000305175781,94.16000366210938,94.98999786376953,1455800.0,94.98999786376953
2009-04-30,BKNG,100.5,96.91999816894531,97.41000366210938,97.08999633789062,2248500.0,97.08999633789062
2009-05-01,BKNG,98.18000030517578,95.37999725341797,97.5,96.05000305175781,1263400.0,96.05000305175781
2009-05-04,BKNG,99.47000122070312,96.05000305175781,96.05000305175781,99.4000015258789,1137900.0,99.4000015258789
2009-05-05,BKNG,106.2300033569336,99.44000244140625,99.47000122070312,105.33000183105469,2620900.0,105.33000183105469
2009-05-06,BKNG,105.86000061035156,100.62999725341797,104.91999816894531,103.23999786376953,1182500.0,103.23999786376953
2009-05-07,BKNG,105.86000061035156,99.37000274658203,105.41999816894531,100.80000305175781,944600.0,100.80000305175781
2009-05-08,BKNG,104.95999908447266,101.0999984741211,101.5,104.9000015258789,1336500.0,104.9000015258789
2009-05-11,BKNG,110.31999969482422,102.1500015258789,102.25,108.87999725341797,2844400.0,108.87999725341797
2009-05-12,BKNG,113.0,107.87999725341797,109.36000061035156,108.2300033569336,2352200.0,108.2300033569336
2009-05-13,BKNG,106.98999786376953,100.87999725341797,106.45999908447266,101.02999877929688,1868400.0,101.02999877929688
2009-05-14,BKNG,103.47000122070312,98.0,101.1500015258789,99.73999786376953,1844100.0,99.73999786376953
2009-05-15,BKNG,101.0999984741211,98.55000305175781,99.83999633789062,99.66000366210938,936000.0,99.66000366210938
2009-05-18,BKNG,101.8499984741211,98.94000244140625,100.0,101.5999984741211,1777400.0,101.5999984741211
2009-05-19,BKNG,105.93000030517578,100.52999877929688,101.61000061035156,103.98999786376953,1157700.0,103.98999786376953
2009-05-20,BKNG,107.62000274658203,102.27999877929688,105.02999877929688,102.83999633789062,728400.0,102.83999633789062
2009-05-21,BKNG,103.13999938964844,99.30000305175781,101.55000305175781,100.44999694824219,950900.0,100.44999694824219
2009-05-22,BKNG,102.16999816894531,98.51000213623047,100.87000274658203,101.25,563300.0,101.25
2009-05-26,BKNG,106.4800033569336,99.52999877929688,100.54000091552734,105.27999877929688,1114700.0,105.27999877929688
2009-05-27,BKNG,108.62000274658203,104.80000305175781,104.88999938964844,104.83000183105469,859900.0,104.83000183105469
2009-05-28,BKNG,107.9800033569336,103.9800033569336,106.11000061035156,107.77999877929688,771000.0,107.77999877929688
2009-05-29,BKNG,110.11000061035156,107.76000213623047,108.31999969482422,110.11000061035156,928200.0,110.11000061035156
2009-06-01,BKNG,115.04000091552734,111.0,111.0,114.30000305175781,1423800.0,114.30000305175781
2009-06-02,BKNG,116.08999633789062,112.58999633789062,113.20999908447266,115.38999938964844,1041300.0,115.38999938964844
2009-06-03,BKNG,116.4000015258789,113.9000015258789,114.69000244140625,115.79000091552734,1198400.0,115.79000091552734
2009-06-04,BKNG,116.70999908447266,113.5,116.70999908447266,116.37000274658203,680000.0,116.37000274658203
2009-06-05,BKNG,118.4000015258789,114.0999984741211,116.4000015258789,116.31999969482422,1453100.0,116.31999969482422
2009-06-08,BKNG,117.23999786376953,113.04000091552734,116.5,116.27999877929688,1093400.0,116.27999877929688
2009-06-09,BKNG,119.13999938964844,115.23999786376953,115.7699966430664,118.0,1044300.0,118.0
2009-06-10,BKNG,119.12999725341797,114.16000366210938,119.12999725341797,115.80999755859375,783300.0,115.80999755859375
2009-06-11,BKNG,117.19000244140625,113.75,116.37999725341797,115.61000061035156,668300.0,115.61000061035156
2009-06-12,BKNG,115.98999786376953,113.19000244140625,115.29000091552734,115.30999755859375,661700.0,115.30999755859375
2009-06-15,BKNG,114.66999816894531,110.25,114.06999969482422,111.05000305175781,983300.0,111.05000305175781
2009-06-16,BKNG,113.16999816894531,108.20999908447266,112.76000213623047,109.3499984741211,1160700.0,109.3499984741211
2009-06-17,BKNG,111.41999816894531,107.76000213623047,110.23999786376953,110.0,893700.0,110.0
2009-06-18,BKNG,110.9000015258789,108.45999908447266,109.36000061035156,110.1500015258789,460200.0,110.1500015258789
2009-06-19,BKNG,113.69000244140625,110.9800033569336,111.80999755859375,112.55999755859375,1005500.0,112.55999755859375
2009-06-22,BKNG,111.4000015258789,105.33000183105469,111.4000015258789,106.79000091552734,839200.0,106.79000091552734
2009-06-23,BKNG,108.66000366210938,103.45999908447266,107.30999755859375,106.58000183105469,925900.0,106.58000183105469
2009-06-24,BKNG,110.87999725341797,103.05000305175781,103.05999755859375,110.37000274658203,867200.0,110.37000274658203
2009-06-25,BKNG,113.94999694824219,108.77999877929688,109.66999816894531,113.7300033569336,634200.0,113.7300033569336
2009-06-26,BKNG,116.20999908447266,112.56999969482422,113.87000274658203,114.91999816894531,803800.0,114.91999816894531
2009-06-29,BKNG,116.06999969482422,112.62999725341797,115.86000061035156,114.6500015258789,604600.0,114.6500015258789
2009-06-30,BKNG,115.4000015258789,110.0,115.30000305175781,111.55000305175781,890200.0,111.55000305175781
2009-07-01,BKNG,115.06999969482422,111.45999908447266,112.87000274658203,112.62000274658203,738800.0,112.62000274658203
2009-07-02,BKNG,112.25,109.5,112.19999694824219,110.06999969482422,558600.0,110.06999969482422
2009-07-06,BKNG,109.8499984741211,106.41999816894531,109.5999984741211,108.0,695000.0,108.0
2009-07-07,BKNG,108.87999725341797,104.94000244140625,107.16000366210938,105.87999725341797,679800.0,105.87999725341797
2009-07-08,BKNG,106.2300033569336,102.31999969482422,105.75,103.75,1359400.0,103.75
2009-07-09,BKNG,106.98999786376953,103.62000274658203,105.19000244140625,106.4000015258789,785800.0,106.4000015258789
2009-07-10,BKNG,107.47000122070312,104.72000122070312,105.5999984741211,106.61000061035156,600700.0,106.61000061035156
2009-07-13,BKNG,109.77999877929688,104.73999786376953,106.93000030517578,109.05999755859375,704800.0,109.05999755859375
2009-07-14,BKNG,110.75,107.22000122070312,108.45999908447266,110.31999969482422,764800.0,110.31999969482422
2009-07-15,BKNG,115.91000366210938,112.0,112.80999755859375,115.51000213623047,1166100.0,115.51000213623047
2009-07-16,BKNG,117.70999908447266,114.37999725341797,115.62999725341797,117.19999694824219,1034300.0,117.19999694824219
2009-07-17,BKNG,116.98999786376953,114.87000274658203,116.98999786376953,116.08000183105469,679100.0,116.08000183105469
2009-07-20,BKNG,120.37999725341797,116.51000213623047,116.51000213623047,118.91000366210938,840200.0,118.91000366210938
2009-07-21,BKNG,121.79000091552734,117.4800033569336,120.19000244140625,119.72000122070312,969200.0,119.72000122070312
2009-07-22,BKNG,121.72000122070312,119.23999786376953,119.33999633789062,120.8499984741211,848200.0,120.8499984741211
2009-07-23,BKNG,125.0,119.91999816894531,120.16000366210938,123.02999877929688,845700.0,123.02999877929688
2009-07-24,BKNG,123.76000213623047,121.36000061035156,122.0,123.38999938964844,577100.0,123.38999938964844
2009-07-27,BKNG,124.94999694824219,121.80000305175781,123.4000015258789,122.72000122070312,573500.0,122.72000122070312
2009-07-28,BKNG,124.37000274658203,120.0999984741211,121.52999877929688,124.18000030517578,747300.0,124.18000030517578
2009-07-29,BKNG,123.54000091552734,121.36000061035156,122.16000366210938,122.55000305175781,754300.0,122.55000305175781
2009-07-30,BKNG,128.63999938964844,123.94000244140625,124.0,126.94000244140625,1173300.0,126.94000244140625
2009-07-31,BKNG,130.97000122070312,127.5,127.81999969482422,129.6199951171875,1164000.0,129.6199951171875
2009-08-03,BKNG,134.0800018310547,131.89999389648438,133.25,133.72999572753906,1143000.0,133.72999572753906
2009-08-04,BKNG,133.63999938964844,129.44000244140625,133.63999938964844,130.1300048828125,829800.0,130.1300048828125
2009-08-05,BKNG,132.63999938964844,128.36000061035156,130.42999267578125,132.4199981689453,972800.0,132.4199981689453
2009-08-06,BKNG,135.10000610351562,128.6199951171875,133.25999450683594,129.91000366210938,1230100.0,129.91000366210938
2009-08-07,BKNG,133.17999267578125,129.05999755859375,131.83999633789062,131.32000732421875,1584500.0,131.32000732421875
2009-08-10,BKNG,150.8800048828125,142.0,142.89999389648438,150.24000549316406,4363400.0,150.24000549316406
2009-08-11,BKNG,153.88999938964844,148.86000061035156,149.00999450683594,153.72000122070312,1773300.0,153.72000122070312
2009-08-12,BKNG,153.6999969482422,146.82000732421875,153.10000610351562,148.63999938964844,1825800.0,148.63999938964844
2009-08-13,BKNG,151.8800048828125,148.0,149.69000244140625,150.57000732421875,997700.0,150.57000732421875
2009-08-14,BKNG,151.4199981689453,147.36000061035156,150.5,148.75999450683594,819600.0,148.75999450683594
2009-08-17,BKNG,146.9499969482422,143.92999267578125,145.82000732421875,144.85000610351562,786600.0,144.85000610351562
2009-08-18,BKNG,146.99000549316406,144.0,145.0500030517578,146.6199951171875,870900.0,146.6199951171875
2009-08-19,BKNG,148.11000061035156,144.0500030517578,144.86000061035156,146.8800048828125,672600.0,146.8800048828125
2009-08-20,BKNG,152.9499969482422,147.6199951171875,148.64999389648438,152.8699951171875,1033900.0,152.8699951171875
2009-08-21,BKNG,154.94000244140625,151.22000122070312,153.3300018310547,153.55999755859375,950100.0,153.55999755859375
2009-08-24,BKNG,155.0,149.5800018310547,154.0,150.2100067138672,1001500.0,150.2100067138672
2009-08-25,BKNG,153.5,150.5,152.33999633789062,152.32000732421875,792000.0,152.32000732421875
2009-08-26,BKNG,153.9600067138672,149.60000610351562,152.08999633789062,151.11000061035156,630600.0,151.11000061035156
2009-08-27,BKNG,156.4199981689453,149.0,150.13999938964844,156.36000061035156,951200.0,156.36000061035156
2009-08-28,BKNG,159.88999938964844,155.6999969482422,157.4600067138672,156.47000122070312,830300.0,156.47000122070312
2009-08-31,BKNG,156.30999755859375,153.24000549316406,155.74000549316406,153.97999572753906,483300.0,153.97999572753906
2009-09-01,BKNG,154.77000427246094,149.2100067138672,153.10000610351562,149.2100067138672,801900.0,149.2100067138672
2009-09-02,BKNG,151.4600067138672,148.67999267578125,150.1199951171875,150.8300018310547,508400.0,150.8300018310547
2009-09-03,BKNG,152.1699981689453,149.1699981689453,151.02000427246094,151.6300048828125,391400.0,151.6300048828125
2009-09-04,BKNG,154.0,151.14999389648438,151.80999755859375,153.7899932861328,291000.0,153.7899932861328
2009-09-08,BKNG,158.27999877929688,154.0,155.7899932861328,157.63999938964844,744400.0,157.63999938964844
2009-09-09,BKNG,161.60000610351562,156.94000244140625,156.9600067138672,160.32000732421875,764500.0,160.32000732421875
2009-09-10,BKNG,162.69000244140625,158.77000427246094,161.02999877929688,162.17999267578125,598900.0,162.17999267578125
2009-09-11,BKNG,163.17999267578125,160.44000244140625,162.6699981689453,162.89999389648438,525400.0,162.89999389648438
2009-09-14,BKNG,163.75,161.22999572753906,162.19000244140625,163.1199951171875,711800.0,163.1199951171875
2009-09-15,BKNG,163.7899932861328,161.64999389648438,162.82000732421875,163.10000610351562,626900.0,163.10000610351562
2009-09-16,BKNG,168.32000732421875,163.2100067138672,163.80999755859375,168.24000549316406,534500.0,168.24000549316406
2009-09-17,BKNG,169.0,165.6199951171875,168.14999389648438,166.0,634900.0,166.0
2009-09-18,BKNG,167.08999633789062,163.00999450683594,166.75,163.77999877929688,738600.0,163.77999877929688
2009-09-21,BKNG,165.49000549316406,160.3300018310547,162.8000030517578,165.0500030517578,594000.0,165.0500030517578
2009-09-22,BKNG,166.77999877929688,164.1300048828125,166.36000061035156,164.5500030517578,379100.0,164.5500030517578
2009-09-23,BKNG,166.0,161.49000549316406,166.0,161.67999267578125,648800.0,161.67999267578125
2009-09-24,BKNG,163.89999389648438,158.80999755859375,162.91000366210938,159.6199951171875,692300.0,159.6199951171875
2009-09-25,BKNG,163.07000732421875,158.52000427246094,158.9499969482422,162.07000732421875,792700.0,162.07000732421875
2009-09-28,BKNG,167.0,161.97000122070312,163.16000366210938,164.92999267578125,715700.0,164.92999267578125
2009-09-29,BKNG,167.47999572753906,163.07000732421875,165.61000061035156,167.0,838800.0,167.0
2009-09-30,BKNG,170.41000366210938,162.05999755859375,167.64999389648438,165.82000732421875,1058200.0,165.82000732421875
2009-10-01,BKNG,165.75999450683594,160.1999969482422,164.7100067138672,161.80999755859375,659800.0,161.80999755859375
2009-10-02,BKNG,163.60000610351562,158.77000427246094,159.36000061035156,163.27999877929688,699900.0,163.27999877929688
2009-10-05,BKNG,168.2899932861328,163.57000732421875,164.25,167.63999938964844,859800.0,167.63999938964844
2009-10-06,BKNG,171.17999267578125,168.02000427246094,169.0,171.1300048828125,952400.0,171.1300048828125
2009-10-07,BKNG,174.1699981689453,169.3300018310547,170.5,173.99000549316406,641300.0,173.99000549316406
2009-10-08,BKNG,175.0,170.72999572753906,174.49000549316406,171.50999450683594,799500.0,171.50999450683594
2009-10-09,BKNG,173.33999633789062,169.39999389648438,171.27999877929688,170.91000366210938,550800.0,170.91000366210938
2009-10-12,BKNG,173.25999450683594,169.02000427246094,172.47999572753906,170.9499969482422,329400.0,170.9499969482422
2009-10-13,BKNG,172.17999267578125,169.6999969482422,171.0800018310547,170.0,478200.0,170.0
2009-10-14,BKNG,172.61000061035156,170.25,172.60000610351562,171.4499969482422,605800.0,171.4499969482422
2009-10-15,BKNG,172.6699981689453,170.00999450683594,170.22000122070312,171.8800048828125,337200.0,171.8800048828125
2009-10-16,BKNG,172.5,167.4499969482422,170.5800018310547,168.1199951171875,800700.0,168.1199951171875
2009-10-19,BKNG,173.75,169.0,169.52999877929688,172.94000244140625,501400.0,172.94000244140625
2009-10-20,BKNG,177.1300048828125,173.00999450683594,174.0,176.07000732421875,805100.0,176.07000732421875
2009-10-21,BKNG,178.72000122070312,174.91000366210938,174.91000366210938,176.0,865300.0,176.0
2009-10-22,BKNG,176.1199951171875,173.3699951171875,175.63999938964844,175.02999877929688,516100.0,175.02999877929688
2009-10-23,BKNG,180.4600067138672,175.80999755859375,178.6999969482422,177.13999938964844,1001500.0,177.13999938964844
2009-10-26,BKNG,182.32000732421875,177.13999938964844,178.35000610351562,179.0,1001300.0,179.0
2009-10-27,BKNG,179.85000610351562,170.9499969482422,179.85000610351562,171.97999572753906,1317200.0,171.97999572753906
2009-10-28,BKNG,171.86000061035156,163.60000610351562,170.50999450683594,164.47000122070312,2559600.0,164.47000122070312
2009-10-29,BKNG,169.0,160.4199981689453,169.0,162.6199951171875,2033200.0,162.6199951171875
2009-10-30,BKNG,167.6699981689453,154.1199951171875,167.6699981689453,157.7899932861328,2892800.0,157.7899932861328
2009-11-02,BKNG,163.58999633789062,157.2899932861328,157.50999450683594,162.5800018310547,1490300.0,162.5800018310547
2009-11-03,BKNG,166.77000427246094,159.3000030517578,162.2899932861328,164.5,1774300.0,164.5
2009-11-04,BKNG,167.9499969482422,162.77000427246094,166.0,165.52000427246094,899900.0,165.52000427246094
2009-11-05,BKNG,170.5,166.6699981689453,167.67999267578125,168.00999450683594,7960400.0,168.00999450683594
2009-11-06,BKNG,172.0,167.25,167.49000549316406,172.0,1500000.0,172.0
2009-11-09,BKNG,176.5,172.10000610351562,175.1999969482422,173.72999572753906,3181300.0,173.72999572753906
2009-11-10,BKNG,209.19000244140625,173.72999572753906,194.9199981689453,204.22000122070312,9223600.0,204.22000122070312
2009-11-11,BKNG,202.5800018310547,195.25,201.74000549316406,196.8000030517578,3886800.0,196.8000030517578
2009-11-12,BKNG,202.77000427246094,196.3000030517578,197.63999938964844,197.14999389648438,1982800.0,197.14999389648438
2009-11-13,BKNG,201.9600067138672,195.08999633789062,198.0,201.92999267578125,2025600.0,201.92999267578125
2009-11-16,BKNG,208.99000549316406,201.41000366210938,203.5399932861328,206.13999938964844,1802700.0,206.13999938964844
2009-11-17,BKNG,209.9600067138672,203.2100067138672,205.25,209.2899932861328,1510900.0,209.2899932861328
2009-11-18,BKNG,210.39999389648438,207.0,208.4499969482422,209.67999267578125,1308500.0,209.67999267578125
2009-11-19,BKNG,208.3300018310547,202.2100067138672,207.52000427246094,207.63999938964844,1587800.0,207.63999938964844
2009-11-20,BKNG,209.8000030517578,204.3699951171875,205.6199951171875,208.75,1392800.0,208.75
2009-11-23,BKNG,214.47000122070312,210.0,211.27000427246094,211.88999938964844,2044300.0,211.88999938964844
2009-11-24,BKNG,213.0,209.3800048828125,212.9499969482422,210.8800048828125,805800.0,210.8800048828125
2009-11-25,BKNG,213.0,209.27000427246094,212.91000366210938,212.89999389648438,658800.0,212.89999389648438
2009-11-27,BKNG,211.0,205.41000366210938,207.99000549316406,208.2100067138672,488400.0,208.2100067138672
2009-11-30,BKNG,214.57000732421875,206.25,206.5500030517578,214.1199951171875,1178700.0,214.1199951171875
2009-12-01,BKNG,216.0,212.27999877929688,215.14999389648438,214.8000030517578,1158300.0,214.8000030517578
2009-12-02,BKNG,218.50999450683594,213.64999389648438,214.3699951171875,218.02999877929688,1165900.0,218.02999877929688
2009-12-03,BKNG,223.82000732421875,217.5,218.57000732421875,220.00999450683594,1575900.0,220.00999450683594
2009-12-04,BKNG,226.57000732421875,217.00999450683594,223.88999938964844,220.72000122070312,1408300.0,220.72000122070312
2009-12-07,BKNG,221.99000549316406,213.64999389648438,221.8000030517578,216.1199951171875,1338000.0,216.1199951171875
2009-12-08,BKNG,218.22999572753906,215.0,216.1199951171875,216.05999755859375,1318100.0,216.05999755859375
2009-12-09,BKNG,218.0,212.41000366210938,216.47999572753906,217.74000549316406,899900.0,217.74000549316406
2009-12-10,BKNG,222.9600067138672,218.5800018310547,219.0,221.72000122070312,851400.0,221.72000122070312
2009-12-11,BKNG,224.24000549316406,217.14999389648438,221.64999389648438,220.6999969482422,749300.0,220.6999969482422
2009-12-14,BKNG,222.85000610351562,219.27999877929688,222.25,221.4600067138672,574400.0,221.4600067138672
2009-12-15,BKNG,221.0500030517578,217.72999572753906,220.66000366210938,218.30999755859375,739700.0,218.30999755859375
2009-12-16,BKNG,222.63999938964844,218.72000122070312,218.72000122070312,221.5,825700.0,221.5
2009-12-17,BKNG,222.4499969482422,214.58999633789062,219.02000427246094,215.47999572753906,869600.0,215.47999572753906
2009-12-18,BKNG,217.13999938964844,211.86000061035156,215.02999877929688,216.38999938964844,1409200.0,216.38999938964844
2009-12-21,BKNG,219.7899932861328,216.16000366210938,218.19000244140625,219.22999572753906,708400.0,219.22999572753906
2009-12-22,BKNG,222.86000061035156,218.39999389648438,220.1999969482422,220.30999755859375,581600.0,220.30999755859375
2009-12-23,BKNG,229.35000610351562,220.1199951171875,221.5800018310547,229.0,821200.0,229.0
2009-12-24,BKNG,231.22999572753906,227.5800018310547,229.47999572753906,228.0,312900.0,228.0
2009-12-28,BKNG,231.49000549316406,227.92999267578125,228.5,229.24000549316406,538400.0,229.24000549316406
2009-12-29,BKNG,230.49000549316406,224.02999877929688,227.50999450683594,224.6699981689453,493500.0,224.6699981689453
2009-12-30,BKNG,225.6999969482422,220.66000366210938,223.1699981689453,223.61000061035156,542900.0,223.61000061035156
2009-12-31,BKNG,224.58999633789062,218.08999633789062,224.58999633789062,218.41000366210938,738700.0,218.41000366210938
2010-01-04,BKNG,225.3000030517578,221.5800018310547,222.32000732421875,223.9600067138672,863200.0,223.9600067138672
2010-01-05,BKNG,228.0,222.14999389648438,224.10000610351562,226.55999755859375,801100.0,226.55999755859375
2010-01-06,BKNG,226.4199981689453,218.14999389648438,225.1199951171875,219.0800018310547,1007800.0,219.0800018310547
2010-01-07,BKNG,220.5,214.1199951171875,219.66000366210938,216.1300048828125,768700.0,216.1300048828125
2010-01-08,BKNG,218.42999267578125,212.1300048828125,213.10000610351562,216.2100067138672,756600.0,216.2100067138672
2010-01-11,BKNG,219.5,212.25,217.8000030517578,218.91000366210938,784500.0,218.91000366210938
2010-01-12,BKNG,216.99000549316406,210.25,216.05999755859375,213.97999572753906,1222300.0,213.97999572753906
2010-01-13,BKNG,215.9199981689453,207.75999450683594,214.4499969482422,214.3000030517578,841000.0,214.3000030517578
2010-01-14,BKNG,214.72999572753906,206.00999450683594,212.97000122070312,208.77000427246094,1402500.0,208.77000427246094
2010-01-15,BKNG,210.5,205.5500030517578,208.2100067138672,208.77000427246094,1210900.0,208.77000427246094
2010-01-19,BKNG,212.4499969482422,207.7899932861328,208.5500030517578,208.6999969482422,625400.0,208.6999969482422
2010-01-20,BKNG,211.5,203.08999633789062,206.52999877929688,206.30999755859375,673600.0,206.30999755859375
2010-01-21,BKNG,211.11000061035156,205.5399932861328,205.8800048828125,208.0399932861328,843000.0,208.0399932861328
2010-01-22,BKNG,209.55999755859375,202.80999755859375,207.86000061035156,204.1999969482422,837600.0,204.1999969482422
2010-01-25,BKNG,206.00999450683594,199.88999938964844,205.41000366210938,202.83999633789062,653100.0,202.83999633789062
2010-01-26,BKNG,207.2100067138672,200.83999633789062,202.41000366210938,204.44000244140625,767400.0,204.44000244140625
2010-01-27,BKNG,208.49000549316406,203.17999267578125,203.66000366210938,207.52000427246094,676800.0,207.52000427246094
2010-01-28,BKNG,209.6999969482422,201.38999938964844,208.1199951171875,201.67999267578125,672200.0,201.67999267578125
2010-01-29,BKNG,205.0,193.4600067138672,203.9600067138672,195.35000610351562,1089700.0,195.35000610351562
2010-02-01,BKNG,204.52999877929688,192.72000122070312,196.52000427246094,204.1999969482422,1303000.0,204.1999969482422
2010-02-02,BKNG,205.82000732421875,201.72999572753906,205.25,204.4199981689453,607800.0,204.4199981689453
2010-02-03,BKNG,211.52000427246094,201.97999572753906,201.97999572753906,208.52999877929688,1047500.0,208.52999877929688
2010-02-04,BKNG,208.50999450683594,199.7100067138672,207.3000030517578,200.00999450683594,1137400.0,200.00999450683594
2010-02-05,BKNG,201.91000366210938,193.3699951171875,201.0,196.9600067138672,1287100.0,196.9600067138672
2010-02-08,BKNG,204.16000366210938,198.52999877929688,199.4499969482422,200.6199951171875,966200.0,200.6199951171875
2010-02-09,BKNG,206.3300018310547,203.22999572753906,203.5,205.3800048828125,991900.0,205.3800048828125
2010-02-10,BKNG,208.44000244140625,203.6300048828125,205.8000030517578,206.39999389648438,733700.0,206.39999389648438
2010-02-11,BKNG,209.63999938964844,203.11000061035156,203.9499969482422,208.89999389648438,858200.0,208.89999389648438
2010-02-12,BKNG,208.02999877929688,203.75,206.5,207.77999877929688,830500.0,207.77999877929688
2010-02-16,BKNG,212.25,208.75,208.75,211.2100067138672,846700.0,211.2100067138672
2010-02-17,BKNG,215.72999572753906,209.3699951171875,213.2899932861328,212.8699951171875,2011600.0,212.8699951171875
2010-02-18,BKNG,235.8000030517578,226.02000427246094,227.49000549316406,232.9499969482422,3965300.0,232.9499969482422
2010-02-19,BKNG,233.66000366210938,229.6699981689453,232.5,230.57000732421875,1406100.0,230.57000732421875
2010-02-22,BKNG,232.22999572753906,226.24000549316406,232.0399932861328,229.07000732421875,880600.0,229.07000732421875
2010-02-23,BKNG,229.5,223.60000610351562,229.4499969482422,225.08999633789062,1151900.0,225.08999633789062
2010-02-24,BKNG,226.8699951171875,221.05999755859375,226.0,225.02000427246094,898500.0,225.02000427246094
2010-02-25,BKNG,224.6999969482422,218.5,222.0,223.8699951171875,1068900.0,223.8699951171875
2010-02-26,BKNG,226.99000549316406,221.0500030517578,224.0,226.7100067138672,987600.0,226.7100067138672
2010-03-01,BKNG,238.99000549316406,227.63999938964844,228.77000427246094,238.5399932861328,1657900.0,238.5399932861328
2010-03-02,BKNG,245.0,238.89999389648438,241.0399932861328,241.33999633789062,1836700.0,241.33999633789062
2010-03-03,BKNG,241.5,235.0,241.5,235.82000732421875,963600.0,235.82000732421875
2010-03-04,BKNG,237.8300018310547,229.50999450683594,233.0,233.1199951171875,1594700.0,233.1199951171875
2010-03-05,BKNG,236.99000549316406,231.4199981689453,236.5800018310547,235.33999633789062,2236700.0,235.33999633789062
2010-03-08,BKNG,240.97999572753906,233.6999969482422,236.0,240.17999267578125,1268800.0,240.17999267578125
2010-03-09,BKNG,243.14999389648438,236.3699951171875,239.1699981689453,238.3300018310547,898200.0,238.3300018310547
2010-03-10,BKNG,243.52000427246094,238.0,238.14999389648438,240.99000549316406,792800.0,240.99000549316406
2010-03-11,BKNG,242.41000366210938,237.61000061035156,240.99000549316406,242.2100067138672,624500.0,242.2100067138672
2010-03-12,BKNG,243.6999969482422,237.6699981689453,242.58999633789062,238.91000366210938,718000.0,238.91000366210938
2010-03-15,BKNG,240.0,234.36000061035156,239.33999633789062,238.86000061035156,443600.0,238.86000061035156
2010-03-16,BKNG,242.25,237.41000366210938,239.0,241.80999755859375,617600.0,241.80999755859375
2010-03-17,BKNG,246.00999450683594,239.64999389648438,242.7899932861328,242.9199981689453,858800.0,242.9199981689453
2010-03-18,BKNG,244.89999389648438,240.3699951171875,243.9499969482422,242.80999755859375,528400.0,242.80999755859375
2010-03-19,BKNG,244.61000061035156,238.47000122070312,244.61000061035156,239.00999450683594,1015900.0,239.00999450683594
2010-03-22,BKNG,243.50999450683594,236.6699981689453,238.33999633789062,243.02000427246094,603300.0,243.02000427246094
2010-03-23,BKNG,244.8000030517578,238.69000244140625,244.1300048828125,244.41000366210938,793000.0,244.41000366210938
2010-03-24,BKNG,244.49000549316406,241.57000732421875,242.52000427246094,243.8000030517578,595900.0,243.8000030517578
2010-03-25,BKNG,262.6700134277344,246.50999450683594,246.60000610351562,255.02999877929688,2304600.0,255.02999877929688
2010-03-26,BKNG,256.239990234375,250.02000427246094,254.9499969482422,252.11000061035156,783300.0,252.11000061035156
2010-03-29,BKNG,259.9200134277344,254.38999938964844,257.1199951171875,255.6699981689453,1088300.0,255.6699981689453
2010-03-30,BKNG,258.05999755859375,253.10000610351562,255.5,255.99000549316406,587700.0,255.99000549316406
2010-03-31,BKNG,258.9599914550781,253.00999450683594,255.50999450683594,255.0,861600.0,255.0
2010-04-01,BKNG,260.2799987792969,253.80999755859375,257.94000244140625,257.0,885900.0,257.0
2010-04-05,BKNG,259.1600036621094,255.14999389648438,257.9800109863281,257.6499938964844,811400.0,257.6499938964844
2010-04-06,BKNG,262.9599914550781,255.14999389648438,255.14999389648438,261.6000061035156,808100.0,261.6000061035156
2010-04-07,BKNG,267.0199890136719,258.0,262.9800109863281,259.80999755859375,989500.0,259.80999755859375
2010-04-08,BKNG,260.8599853515625,256.510009765625,259.0899963378906,259.30999755859375,859500.0,259.30999755859375
2010-04-09,BKNG,260.44000244140625,256.30999755859375,260.44000244140625,259.489990234375,493000.0,259.489990234375
2010-04-12,BKNG,262.9200134277344,259.489990234375,260.25,260.2300109863281,413300.0,260.2300109863281
2010-04-13,BKNG,257.7099914550781,251.1300048828125,254.3300018310547,257.6000061035156,1158700.0,257.6000061035156
2010-04-14,BKNG,265.6499938964844,256.0400085449219,256.0400085449219,265.260009765625,878200.0,265.260009765625
2010-04-15,BKNG,266.8800048828125,262.54998779296875,264.05999755859375,264.9800109863281,763900.0,264.9800109863281
2010-04-16,BKNG,263.760009765625,252.77999877929688,263.07000732421875,254.86000061035156,1148200.0,254.86000061035156
2010-04-19,BKNG,254.33999633789062,244.1999969482422,253.66000366210938,247.5800018310547,1157500.0,247.5800018310547
2010-04-20,BKNG,256.95001220703125,249.0399932861328,251.1199951171875,255.27999877929688,982000.0,255.27999877929688
2010-04-21,BKNG,256.19000244140625,250.16000366210938,253.49000549316406,253.14999389648438,585900.0,253.14999389648438
2010-04-22,BKNG,258.9800109863281,248.63999938964844,251.63999938964844,258.30999755859375,734000.0,258.30999755859375
2010-04-23,BKNG,264.0,255.08999633789062,259.2900085449219,261.70001220703125,742300.0,261.70001220703125
2010-04-26,BKNG,273.82000732421875,262.79998779296875,263.5199890136719,270.3599853515625,1215000.0,270.3599853515625
2010-04-27,BKNG,269.95001220703125,262.3399963378906,268.510009765625,264.29998779296875,999300.0,264.29998779296875
2010-04-28,BKNG,268.510009765625,258.510009765625,265.54998779296875,261.7799987792969,1135500.0,261.7799987792969
2010-04-29,BKNG,273.92999267578125,263.20001220703125,263.20001220703125,273.0,902900.0,273.0
2010-04-30,BKNG,273.8699951171875,261.510009765625,273.8399963378906,262.04998779296875,902700.0,262.04998779296875
2010-05-03,BKNG,270.489990234375,264.5,264.5299987792969,269.0799865722656,687500.0,269.0799865722656
2010-05-04,BKNG,265.6300048828125,256.2799987792969,265.0,258.3699951171875,1018400.0,258.3699951171875
2010-05-05,BKNG,256.260009765625,241.02000427246094,251.49000549316406,246.97999572753906,1616300.0,246.97999572753906
2010-05-06,BKNG,248.2100067138672,202.69000244140625,243.50999450683594,233.10000610351562,2552200.0,233.10000610351562
2010-05-07,BKNG,236.8800048828125,224.39999389648438,231.97000122070312,225.38999938964844,1731700.0,225.38999938964844
2010-05-10,BKNG,249.7899932861328,240.14999389648438,241.75,249.75,3046500.0,249.75
2010-05-11,BKNG,222.74000549316406,208.88999938964844,212.14999389648438,219.57000732421875,7077100.0,219.57000732421875
2010-05-12,BKNG,221.75,213.4600067138672,221.75,217.8800048828125,2309400.0,217.8800048828125
2010-05-13,BKNG,221.17999267578125,211.86000061035156,215.63999938964844,212.88999938964844,1472600.0,212.88999938964844
2010-05-14,BKNG,210.19000244140625,204.0,208.86000061035156,208.27999877929688,1525600.0,208.27999877929688
2010-05-17,BKNG,206.99000549316406,196.00999450683594,206.57000732421875,200.14999389648438,2250500.0,200.14999389648438
2010-05-18,BKNG,206.77000427246094,192.60000610351562,201.72999572753906,192.86000061035156,2492900.0,192.86000061035156
2010-05-19,BKNG,196.0,184.2100067138672,191.2100067138672,190.11000061035156,2592600.0,190.11000061035156
2010-05-20,BKNG,188.0800018310547,179.10000610351562,182.61000061035156,181.0,2694800.0,181.0
2010-05-21,BKNG,191.8000030517578,176.0,177.1300048828125,191.24000549316406,2887900.0,191.24000549316406
2010-05-24,BKNG,197.5,192.67999267578125,193.7899932861328,193.13999938964844,2300100.0,193.13999938964844
2010-05-25,BKNG,194.25,185.1300048828125,186.5399932861328,193.44000244140625,1658900.0,193.44000244140625
2010-05-26,BKNG,200.97000122070312,191.77000427246094,197.02000427246094,192.4199981689453,2386800.0,192.4199981689453
2010-05-27,BKNG,198.67999267578125,191.38999938964844,197.86000061035156,197.58999633789062,1462600.0,197.58999633789062
2010-05-28,BKNG,197.8800048828125,190.5,197.6699981689453,191.16000366210938,1650600.0,191.16000366210938
2010-06-01,BKNG,192.86000061035156,184.8800048828125,191.1199951171875,185.00999450683594,1474100.0,185.00999450683594
2010-06-02,BKNG,189.8300018310547,183.86000061035156,185.60000610351562,189.8300018310547,1595100.0,189.8300018310547
2010-06-03,BKNG,189.82000732421875,182.17999267578125,189.52000427246094,185.11000061035156,1816400.0,185.11000061035156
2010-06-04,BKNG,188.8000030517578,177.63999938964844,180.36000061035156,178.5399932861328,1827400.0,178.5399932861328
2010-06-07,BKNG,182.67999267578125,176.2899932861328,179.60000610351562,176.38999938964844,1431300.0,176.38999938964844
2010-06-08,BKNG,180.33999633789062,173.32000732421875,177.64999389648438,176.72999572753906,1806000.0,176.72999572753906
2010-06-09,BKNG,182.24000549316406,174.69000244140625,178.35000610351562,175.19000244140625,1523400.0,175.19000244140625
2010-06-10,BKNG,181.61000061035156,176.55999755859375,178.89999389648438,181.24000549316406,1239000.0,181.24000549316406
2010-06-11,BKNG,184.44000244140625,178.3800048828125,178.9499969482422,183.91000366210938,921300.0,183.91000366210938
2010-06-14,BKNG,187.60000610351562,183.89999389648438,186.3300018310547,184.13999938964844,975500.0,184.13999938964844
2010-06-15,BKNG,187.3800048828125,184.16000366210938,186.49000549316406,185.77000427246094,908700.0,185.77000427246094
2010-06-16,BKNG,198.8000030517578,192.72000122070312,192.99000549316406,196.41000366210938,2239500.0,196.41000366210938
2010-06-17,BKNG,199.5,193.00999450683594,198.8699951171875,195.25999450683594,1329000.0,195.25999450683594
2010-06-18,BKNG,195.6300048828125,191.58999633789062,195.5,193.08999633789062,1426000.0,193.08999633789062
2010-06-21,BKNG,197.22000122070312,187.6199951171875,196.86000061035156,189.25,1411600.0,189.25
2010-06-22,BKNG,194.7100067138672,188.5800018310547,189.86000061035156,188.9499969482422,1200800.0,188.9499969482422
2010-06-23,BKNG,190.41000366210938,185.4199981689453,189.3000030517578,188.25,811500.0,188.25
2010-06-24,BKNG,190.97000122070312,184.00999450683594,187.9600067138672,185.11000061035156,1209800.0,185.11000061035156
2010-06-25,BKNG,192.99000549316406,184.22999572753906,184.24000549316406,191.99000549316406,1230000.0,191.99000549316406
2010-06-28,BKNG,193.72999572753906,186.6699981689453,192.25999450683594,187.92999267578125,976100.0,187.92999267578125
2010-06-29,BKNG,185.52999877929688,179.19000244140625,184.25,180.2899932861328,1348200.0,180.2899932861328
2010-06-30,BKNG,183.9499969482422,175.66000366210938,179.5800018310547,176.5399932861328,1310800.0,176.5399932861328
2010-07-01,BKNG,182.44000244140625,173.75,176.66000366210938,182.02999877929688,1463300.0,182.02999877929688
2010-07-02,BKNG,181.22999572753906,175.75,181.22999572753906,176.41000366210938,1422900.0,176.41000366210938
2010-07-06,BKNG,183.0,176.99000549316406,179.13999938964844,181.5,1489300.0,181.5
2010-07-07,BKNG,190.83999633789062,181.27000427246094,182.27000427246094,190.72999572753906,1466700.0,190.72999572753906
2010-07-08,BKNG,199.9499969482422,193.0,193.6999969482422,199.27999877929688,1949400.0,199.27999877929688
2010-07-09,BKNG,204.60000610351562,196.6999969482422,199.75,204.08999633789062,1748400.0,204.08999633789062
2010-07-12,BKNG,205.52000427246094,201.0,204.13999938964844,204.0,1006600.0,204.0
2010-07-13,BKNG,218.99000549316406,205.91000366210938,207.10000610351562,216.32000732421875,2259900.0,216.32000732421875
2010-07-14,BKNG,216.5,211.13999938964844,216.5,215.35000610351562,1376500.0,215.35000610351562
2010-07-15,BKNG,223.3000030517578,212.35000610351562,214.33999633789062,222.61000061035156,1740900.0,222.61000061035156
2010-07-16,BKNG,225.0,216.5,223.1699981689453,218.2100067138672,1555800.0,218.2100067138672
2010-07-19,BKNG,222.39999389648438,217.5500030517578,218.82000732421875,220.0500030517578,984800.0,220.0500030517578
2010-07-20,BKNG,221.85000610351562,216.02999877929688,216.0399932861328,221.63999938964844,1048500.0,221.63999938964844
2010-07-21,BKNG,224.69000244140625,217.6199951171875,223.27000427246094,218.42999267578125,917200.0,218.42999267578125
2010-07-22,BKNG,228.5,221.25,221.55999755859375,227.9199981689453,1094700.0,227.9199981689453
2010-07-23,BKNG,228.75999450683594,223.6999969482422,225.5,228.63999938964844,1067900.0,228.63999938964844
2010-07-26,BKNG,231.86000061035156,226.3300018310547,228.8000030517578,231.5500030517578,679100.0,231.5500030517578
2010-07-27,BKNG,234.4499969482422,223.8800048828125,232.63999938964844,224.02999877929688,1236100.0,224.02999877929688
2010-07-28,BKNG,227.92999267578125,221.58999633789062,223.9499969482422,224.07000732421875,745400.0,224.07000732421875
2010-07-29,BKNG,226.49000549316406,217.72000122070312,224.0,224.19000244140625,921700.0,224.19000244140625
2010-07-30,BKNG,227.35000610351562,220.0,222.77000427246094,224.39999389648438,1096800.0,224.39999389648438
2010-08-02,BKNG,230.0,225.33999633789062,226.89999389648438,227.3800048828125,850000.0,227.3800048828125
2010-08-03,BKNG,234.39999389648438,226.14999389648438,227.50999450683594,230.6699981689453,2660200.0,230.6699981689453
2010-08-04,BKNG,286.8500061035156,272.239990234375,272.2900085449219,281.29998779296875,6827000.0,281.29998779296875
2010-08-05,BKNG,292.6700134277344,277.0,279.489990234375,292.6700134277344,2902500.0,292.6700134277344
2010-08-06,BKNG,298.989990234375,288.69000244140625,289.95001220703125,295.25,3189000.0,295.25
2010-08-09,BKNG,296.70001220703125,290.010009765625,296.6000061035156,292.7300109863281,1457800.0,292.7300109863281
2010-08-10,BKNG,295.8699951171875,287.2300109863281,289.25,294.010009765625,1494900.0,294.010009765625
2010-08-11,BKNG,291.82000732421875,285.3500061035156,289.5,289.1000061035156,1228800.0,289.1000061035156
2010-08-12,BKNG,300.8500061035156,285.69000244140625,287.0,299.6000061035156,1739000.0,299.6000061035156
2010-08-13,BKNG,301.9800109863281,294.489990234375,299.5,297.19000244140625,1157300.0,297.19000244140625
2010-08-16,BKNG,299.20001220703125,293.0,295.3399963378906,294.5199890136719,972300.0,294.5199890136719
2010-08-17,BKNG,307.5,296.05999755859375,297.95001220703125,303.57000732421875,1983900.0,303.57000732421875
2010-08-18,BKNG,309.4599914550781,296.760009765625,302.9700012207031,297.6300048828125,1513400.0,297.6300048828125
2010-08-19,BKNG,308.95001220703125,293.8800048828125,296.82000732421875,299.4700012207031,1219600.0,299.4700012207031
2010-08-20,BKNG,303.2099914550781,296.45001220703125,298.54998779296875,302.3599853515625,923000.0,302.3599853515625
2010-08-23,BKNG,306.739990234375,299.510009765625,304.1000061035156,299.82000732421875,908900.0,299.82000732421875
2010-08-24,BKNG,296.1099853515625,290.0,295.8900146484375,291.79998779296875,1373600.0,291.79998779296875
2010-08-25,BKNG,296.989990234375,288.29998779296875,289.4100036621094,294.8999938964844,1085900.0,294.8999938964844
2010-08-26,BKNG,296.5,285.7900085449219,296.2900085449219,285.7900085449219,992300.0,285.7900085449219
2010-08-27,BKNG,298.0,283.1099853515625,287.5,297.67999267578125,1241600.0,297.67999267578125
2010-08-30,BKNG,297.6199951171875,289.44000244140625,297.5299987792969,289.67999267578125,659800.0,289.67999267578125
2010-08-31,BKNG,294.79998779296875,287.79998779296875,288.0,291.4800109863281,817700.0,291.4800109863281
2010-09-01,BKNG,306.8399963378906,294.0199890136719,297.57000732421875,306.8399963378906,1280800.0,306.8399963378906
2010-09-02,BKNG,314.6300048828125,306.1700134277344,306.8500061035156,311.2799987792969,936900.0,311.2799987792969
2010-09-03,BKNG,318.0,311.3500061035156,315.0,313.8500061035156,921000.0,313.8500061035156
2010-09-07,BKNG,315.4700012207031,311.1099853515625,313.989990234375,311.54998779296875,733800.0,311.54998779296875
2010-09-08,BKNG,328.7699890136719,314.07000732421875,314.44000244140625,328.7699890136719,1660800.0,328.7699890136719
2010-09-09,BKNG,333.739990234375,320.75,332.8900146484375,323.79998779296875,1416600.0,323.79998779296875
2010-09-10,BKNG,328.8699951171875,322.57000732421875,324.8299865722656,323.1499938964844,756700.0,323.1499938964844
2010-09-13,BKNG,330.8999938964844,323.25,326.0,330.29998779296875,870400.0,330.29998779296875
2010-09-14,BKNG,336.5799865722656,327.2300109863281,330.739990234375,334.7699890136719,1186800.0,334.7699890136719
2010-09-15,BKNG,334.8800048828125,329.6499938964844,334.739990234375,332.05999755859375,998100.0,332.05999755859375
2010-09-16,BKNG,333.8800048828125,327.79998779296875,331.5299987792969,332.3800048828125,626200.0,332.3800048828125
2010-09-17,BKNG,334.9599914550781,326.25,333.1700134277344,334.95001220703125,1298500.0,334.95001220703125
2010-09-20,BKNG,349.9700012207031,339.6099853515625,339.6099853515625,347.4599914550781,1898700.0,347.4599914550781
2010-09-21,BKNG,347.75,338.55999755859375,347.75,341.0199890136719,1275800.0,341.0199890136719
2010-09-22,BKNG,343.95001220703125,336.1499938964844,343.0,338.1499938964844,824700.0,338.1499938964844
2010-09-23,BKNG,343.3399963378906,333.54998779296875,335.6000061035156,337.20001220703125,985800.0,337.20001220703125
2010-09-24,BKNG,346.67999267578125,341.0,344.3500061035156,344.2699890136719,931700.0,344.2699890136719
2010-09-27,BKNG,348.57000732421875,340.8900146484375,346.32000732421875,345.1600036621094,829100.0,345.1600036621094
2010-09-28,BKNG,350.82000732421875,339.3800048828125,345.17999267578125,349.92999267578125,1126300.0,349.92999267578125
2010-09-29,BKNG,352.0,345.2200012207031,348.1700134277344,348.1300048828125,576200.0,348.1300048828125
2010-09-30,BKNG,358.239990234375,342.739990234375,354.0,348.3399963378906,1241700.0,348.3399963378906
2010-10-01,BKNG,351.6099853515625,334.0,351.6000061035156,337.82000732421875,1660000.0,337.82000732421875
2010-10-04,BKNG,340.94000244140625,328.1099853515625,337.2099914550781,331.6400146484375,960700.0,331.6400146484375
2010-10-05,BKNG,344.94000244140625,334.0299987792969,336.2699890136719,344.94000244140625,1206000.0,344.94000244140625
2010-10-06,BKNG,343.1000061035156,329.8999938964844,343.05999755859375,332.69000244140625,1138100.0,332.69000244140625
2010-10-07,BKNG,334.989990234375,325.0,334.0199890136719,330.8599853515625,1050600.0,330.8599853515625
2010-10-08,BKNG,343.8900146484375,334.29998779296875,336.5899963378906,340.8999938964844,1283200.0,340.8999938964844
2010-10-11,BKNG,341.989990234375,331.3299865722656,340.7200012207031,332.3500061035156,983800.0,332.3500061035156
2010-10-12,BKNG,336.42999267578125,330.07000732421875,332.6300048828125,336.17999267578125,1160800.0,336.17999267578125
2010-10-13,BKNG,345.9800109863281,338.7699890136719,343.989990234375,341.0400085449219,1267900.0,341.0400085449219
2010-10-14,BKNG,350.2900085449219,337.4700012207031,340.1499938964844,349.05999755859375,1378000.0,349.05999755859375
2010-10-15,BKNG,357.8900146484375,351.0400085449219,354.8599853515625,354.6000061035156,1398500.0,354.6000061035156
2010-10-18,BKNG,357.2799987792969,350.05999755859375,353.3800048828125,353.760009765625,760500.0,353.760009765625
2010-10-19,BKNG,352.4800109863281,342.04998779296875,348.6099853515625,345.510009765625,913100.0,345.510009765625
2010-10-20,BKNG,351.5,342.95001220703125,348.95001220703125,347.57000732421875,819200.0,347.57000732421875
2010-10-21,BKNG,349.6000061035156,341.239990234375,348.989990234375,343.70001220703125,1224000.0,343.70001220703125
2010-10-22,BKNG,364.92999267578125,344.04998779296875,344.8999938964844,363.5,1512900.0,363.5
2010-10-25,BKNG,375.5,364.0,367.0,371.92999267578125,1331400.0,371.92999267578125
2010-10-26,BKNG,374.989990234375,369.0,370.4599914550781,374.44000244140625,1034300.0,374.44000244140625
2010-10-27,BKNG,379.5799865722656,371.95001220703125,373.95001220703125,372.5,1047700.0,372.5
2010-10-28,BKNG,375.8399963378906,365.29998779296875,375.1499938964844,367.5799865722656,813000.0,367.5799865722656
2010-10-29,BKNG,383.1099853515625,369.0,369.510009765625,376.80999755859375,1422300.0,376.80999755859375
2010-11-01,BKNG,381.70001220703125,371.0,381.1000061035156,374.0400085449219,877400.0,374.0400085449219
2010-11-02,BKNG,382.989990234375,375.1000061035156,377.19000244140625,381.19000244140625,913100.0,381.19000244140625
2010-11-03,BKNG,383.0,374.79998779296875,382.0,379.989990234375,1304100.0,379.989990234375
2010-11-04,BKNG,387.95001220703125,376.8999938964844,386.4100036621094,380.1199951171875,1243800.0,380.1199951171875
2010-11-05,BKNG,388.8800048828125,380.20001220703125,381.45001220703125,388.8699951171875,1042600.0,388.8699951171875
2010-11-08,BKNG,393.3299865722656,384.25,391.2799987792969,388.5799865722656,2491300.0,388.5799865722656
2010-11-09,BKNG,428.1000061035156,419.0,421.0,420.6499938964844,3451700.0,420.6499938964844
2010-11-10,BKNG,423.8999938964844,411.45001220703125,421.55999755859375,419.07000732421875,1303300.0,419.07000732421875
2010-11-11,BKNG,421.3900146484375,413.75,414.4100036621094,419.57000732421875,1056400.0,419.57000732421875
2010-11-12,BKNG,418.0,405.32000732421875,416.3299865722656,414.92999267578125,1297500.0,414.92999267578125
2010-11-15,BKNG,415.45001220703125,406.0,415.1300048828125,407.42999267578125,757800.0,407.42999267578125
2010-11-16,BKNG,407.1300048828125,398.17999267578125,404.3500061035156,399.0,1035000.0,399.0
2010-11-17,BKNG,408.3999938964844,395.7900085449219,399.2799987792969,404.67999267578125,1082000.0,404.67999267578125
2010-11-18,BKNG,415.25,408.760009765625,410.0,410.6499938964844,718700.0,410.6499938964844
2010-11-19,BKNG,413.57000732421875,408.8900146484375,410.70001220703125,409.5899963378906,694700.0,409.5899963378906
2010-11-22,BKNG,420.8900146484375,406.6499938964844,408.2300109863281,420.4200134277344,1024100.0,420.4200134277344
2010-11-23,BKNG,416.9700012207031,405.1400146484375,414.79998779296875,407.8500061035156,1083900.0,407.8500061035156
2010-11-24,BKNG,415.95001220703125,410.2099914550781,413.989990234375,411.239990234375,806800.0,411.239990234375
2010-11-26,BKNG,412.5,407.0400085449219,408.5400085449219,410.8699951171875,394700.0,410.8699951171875
2010-11-29,BKNG,410.07000732421875,401.80999755859375,409.69000244140625,404.6600036621094,987000.0,404.6600036621094
2010-11-30,BKNG,401.42999267578125,392.04998779296875,400.0,394.04998779296875,1706000.0,394.04998779296875
2010-12-01,BKNG,410.5,402.1000061035156,402.42999267578125,403.1000061035156,1026400.0,403.1000061035156
2010-12-02,BKNG,407.489990234375,398.17999267578125,402.57000732421875,402.989990234375,877000.0,402.989990234375
2010-12-03,BKNG,414.9200134277344,398.1499938964844,399.0,414.1099853515625,1088500.0,414.1099853515625
2010-12-06,BKNG,423.19000244140625,416.2099914550781,416.69000244140625,417.1600036621094,908800.0,417.1600036621094
2010-12-07,BKNG,425.9800109863281,412.1000061035156,425.42999267578125,412.92999267578125,888200.0,412.92999267578125
2010-12-08,BKNG,416.5299987792969,409.17999267578125,413.6300048828125,416.0299987792969,585300.0,416.0299987792969
2010-12-09,BKNG,420.989990234375,411.510009765625,419.9599914550781,415.1499938964844,523700.0,415.1499938964844
2010-12-10,BKNG,423.70001220703125,413.5,414.3299865722656,419.9700012207031,900900.0,419.9700012207031
2010-12-13,BKNG,422.5799865722656,411.5,422.57000732421875,412.0,1086700.0,412.0
2010-12-14,BKNG,412.7799987792969,397.0799865722656,412.010009765625,400.239990234375,1180000.0,400.239990234375
2010-12-15,BKNG,406.42999267578125,395.2699890136719,397.57000732421875,398.8800048828125,748000.0,398.8800048828125
2010-12-16,BKNG,404.5,396.0,398.7099914550781,400.2799987792969,657100.0,400.2799987792969
2010-12-17,BKNG,405.2799987792969,399.6099853515625,400.5299987792969,400.6400146484375,1312500.0,400.6400146484375
2010-12-20,BKNG,408.20001220703125,392.8999938964844,402.4100036621094,405.3299865722656,1336400.0,405.3299865722656
2010-12-21,BKNG,409.9100036621094,401.4200134277344,405.7300109863281,407.0,645800.0,407.0
2010-12-22,BKNG,420.8599853515625,413.80999755859375,415.0899963378906,416.1700134277344,1097000.0,416.1700134277344
2010-12-23,BKNG,416.8999938964844,410.1400146484375,416.6000061035156,413.19000244140625,597200.0,413.19000244140625
2010-12-27,BKNG,412.9599914550781,404.20001220703125,410.0899963378906,408.239990234375,605100.0,408.239990234375
2010-12-28,BKNG,409.80999755859375,403.6400146484375,409.510009765625,404.79998779296875,419700.0,404.79998779296875
2010-12-29,BKNG,408.30999755859375,402.5799865722656,405.1199951171875,405.70001220703125,536200.0,405.70001220703125
2010-12-30,BKNG,407.5,400.1099853515625,404.9200134277344,404.2699890136719,433200.0,404.2699890136719
2010-12-31,BKNG,403.5899963378906,399.17999267578125,403.07000732421875,399.54998779296875,583900.0,399.54998779296875
2011-01-03,BKNG,415.989990234375,402.25,402.25,415.989990234375,1323200.0,415.989990234375
2011-01-04,BKNG,417.6199951171875,408.29998779296875,415.739990234375,409.3800048828125,1088300.0,409.3800048828125
2011-01-05,BKNG,434.95001220703125,410.6400146484375,410.6400146484375,433.6000061035156,2406400.0,433.6000061035156
2011-01-06,BKNG,441.5400085449219,430.0899963378906,433.9599914550781,437.32000732421875,1634500.0,437.32000732421875
2011-01-07,BKNG,441.8900146484375,434.45001220703125,439.20001220703125,440.5899963378906,1098800.0,440.5899963378906
2011-01-10,BKNG,441.5,435.1499938964844,437.7900085449219,440.55999755859375,616100.0,440.55999755859375
2011-01-11,BKNG,443.19000244140625,429.1300048828125,442.79998779296875,431.2099914550781,1445600.0,431.2099914550781
2011-01-12,BKNG,435.4700012207031,431.739990234375,433.239990234375,434.239990234375,585900.0,434.239990234375
2011-01-13,BKNG,440.6000061035156,433.4200134277344,435.2300109863281,439.510009765625,616000.0,439.510009765625
2011-01-14,BKNG,439.4800109863281,435.0,438.1300048828125,437.989990234375,789700.0,437.989990234375
2011-01-18,BKNG,441.5,437.2099914550781,437.2099914550781,440.9100036621094,693000.0,440.9100036621094
2011-01-19,BKNG,440.9100036621094,429.54998779296875,440.1099853515625,432.0299987792969,826700.0,432.0299987792969
2011-01-20,BKNG,429.7799987792969,416.0,429.7799987792969,424.2200012207031,1425800.0,424.2200012207031
2011-01-21,BKNG,431.010009765625,424.3500061035156,425.30999755859375,425.6000061035156,1137100.0,425.6000061035156
2011-01-24,BKNG,426.8599853515625,417.32000732421875,425.0400085449219,423.79998779296875,706500.0,423.79998779296875
2011-01-25,BKNG,428.8599853515625,418.79998779296875,420.45001220703125,428.8599853515625,724300.0,428.8599853515625
2011-01-26,BKNG,428.9700012207031,421.0199890136719,428.2099914550781,422.70001220703125,911400.0,422.70001220703125
2011-01-27,BKNG,439.1700134277344,423.4100036621094,423.6300048828125,437.1400146484375,1118600.0,437.1400146484375
2011-01-28,BKNG,439.0,424.0,435.6300048828125,425.30999755859375,1278300.0,425.30999755859375
2011-01-31,BKNG,429.8699951171875,421.760009765625,425.3999938964844,428.5199890136719,706200.0,428.5199890136719
2011-02-01,BKNG,444.95001220703125,431.94000244140625,432.0,437.92999267578125,1033100.0,437.92999267578125
2011-02-02,BKNG,441.7900085449219,435.32000732421875,435.3399963378906,437.19000244140625,559600.0,437.19000244140625
2011-02-03,BKNG,441.0,435.25,435.4800109863281,435.989990234375,778300.0,435.989990234375
2011-02-04,BKNG,440.0,433.0299987792969,436.9800109863281,433.42999267578125,1114200.0,433.42999267578125
2011-02-07,BKNG,441.6199951171875,431.05999755859375,436.0,437.20001220703125,951700.0,437.20001220703125
2011-02-08,BKNG,443.3999938964844,435.2699890136719,435.94000244140625,442.75,801500.0,442.75
2011-02-09,BKNG,459.1000061035156,440.44000244140625,441.9599914550781,451.1099853515625,1364500.0,451.1099853515625
2011-02-10,BKNG,456.5,445.2200012207031,449.69000244140625,455.42999267578125,1100100.0,455.42999267578125
2011-02-11,BKNG,457.7300109863281,448.54998779296875,450.7300109863281,455.3900146484375,1167300.0,455.3900146484375
2011-02-14,BKNG,459.57000732421875,453.5299987792969,458.0,457.010009765625,666900.0,457.010009765625
2011-02-15,BKNG,464.4700012207031,452.5400085449219,454.0,457.20001220703125,888200.0,457.20001220703125
2011-02-16,BKNG,461.6000061035156,455.82000732421875,457.8500061035156,458.0400085449219,658500.0,458.0400085449219
2011-02-17,BKNG,462.3500061035156,453.95001220703125,457.7900085449219,455.2699890136719,709700.0,455.2699890136719
2011-02-18,BKNG,457.5799865722656,446.4599914550781,455.5,448.92999267578125,968500.0,448.92999267578125
2011-02-22,BKNG,444.9100036621094,430.29998779296875,443.5799865722656,433.7799987792969,1333300.0,433.7799987792969
2011-02-23,BKNG,438.8800048828125,416.0,433.010009765625,425.989990234375,2583500.0,425.989990234375
2011-02-24,BKNG,469.3999938964844,453.1099853515625,466.6099853515625,462.3399963378906,4461500.0,462.3399963378906
2011-02-25,BKNG,465.9700012207031,459.510009765625,465.94000244140625,460.0299987792969,1229800.0,460.0299987792969
2011-02-28,BKNG,463.989990234375,450.2300109863281,460.75,453.8800048828125,1332900.0,453.8800048828125
2011-03-01,BKNG,452.239990234375,440.80999755859375,450.0,445.2300109863281,1795200.0,445.2300109863281
2011-03-02,BKNG,454.489990234375,443.010009765625,443.2699890136719,449.17999267578125,1300100.0,449.17999267578125
2011-03-03,BKNG,464.79998779296875,453.75,453.75,464.7900085449219,1545700.0,464.7900085449219
2011-03-04,BKNG,469.739990234375,461.55999755859375,462.8699951171875,469.1300048828125,1346800.0,469.1300048828125
2011-03-07,BKNG,474.739990234375,459.260009765625,470.0,466.69000244140625,1450000.0,466.69000244140625
2011-03-08,BKNG,471.70001220703125,460.1099853515625,464.54998779296875,469.0799865722656,1273500.0,469.0799865722656
2011-03-09,BKNG,474.3599853515625,464.6700134277344,464.6700134277344,468.5199890136719,1126900.0,468.5199890136719
2011-03-10,BKNG,468.69000244140625,457.2200012207031,461.260009765625,464.4100036621094,1325900.0,464.4100036621094
2011-03-11,BKNG,466.760009765625,457.29998779296875,462.20001220703125,463.19000244140625,925500.0,463.19000244140625
2011-03-14,BKNG,464.5,455.44000244140625,459.2099914550781,463.6099853515625,897000.0,463.6099853515625
2011-03-15,BKNG,464.3500061035156,451.25,451.6300048828125,461.3399963378906,1221600.0,461.3399963378906
2011-03-16,BKNG,466.5299987792969,450.0,459.1199951171875,455.9599914550781,1317100.0,455.9599914550781
2011-03-17,BKNG,462.5,451.7699890136719,462.5,452.19000244140625,915500.0,452.19000244140625
2011-03-18,BKNG,457.7900085449219,448.5,456.8800048828125,449.5400085449219,1352500.0,449.5400085449219
2011-03-21,BKNG,458.4700012207031,443.1199951171875,453.0,456.92999267578125,1032900.0,456.92999267578125
2011-03-22,BKNG,462.19000244140625,448.7200012207031,458.0,455.70001220703125,1331700.0,455.70001220703125
2011-03-23,BKNG,467.989990234375,450.05999755859375,454.54998779296875,466.260009765625,1174700.0,466.260009765625
2011-03-24,BKNG,478.0,468.0,470.5199890136719,476.010009765625,1191600.0,476.010009765625
2011-03-25,BKNG,490.3900146484375,478.1499938964844,480.1300048828125,487.0,1236100.0,487.0
2011-03-28,BKNG,491.3599853515625,483.989990234375,488.4700012207031,483.989990234375,771400.0,483.989990234375
2011-03-29,BKNG,493.44000244140625,481.0,482.8399963378906,491.69000244140625,981900.0,491.69000244140625
2011-03-30,BKNG,506.69000244140625,493.6300048828125,495.010009765625,504.0,1237900.0,504.0
2011-03-31,BKNG,509.0,500.6000061035156,503.0199890136719,506.44000244140625,1087800.0,506.44000244140625
2011-04-01,BKNG,515.6400146484375,507.8299865722656,508.17999267578125,513.8499755859375,1393700.0,513.8499755859375
2011-04-04,BKNG,518.6799926757812,509.5,515.2100219726562,518.5900268554688,883700.0,518.5900268554688
2011-04-05,BKNG,522.0,514.8099975585938,516.6500244140625,516.9400024414062,710500.0,516.9400024414062
2011-04-06,BKNG,521.0,503.5400085449219,520.0,506.2699890136719,1306900.0,506.2699890136719
2011-04-07,BKNG,511.8500061035156,502.2200012207031,506.3800048828125,508.8599853515625,956500.0,508.8599853515625
2011-04-08,BKNG,515.97998046875,504.54998779296875,514.0,506.82000732421875,927000.0,506.82000732421875
2011-04-11,BKNG,512.5,500.4700012207031,507.8599853515625,512.4500122070312,1074700.0,512.4500122070312
2011-04-12,BKNG,515.0,505.5,509.989990234375,512.1400146484375,946000.0,512.1400146484375
2011-04-13,BKNG,516.2999877929688,509.5,514.25,514.8099975585938,833500.0,514.8099975585938
2011-04-14,BKNG,514.0,508.010009765625,511.7900085449219,512.6500244140625,959900.0,512.6500244140625
2011-04-15,BKNG,520.3400268554688,509.3500061035156,512.8800048828125,520.0700073242188,933200.0,520.0700073242188
2011-04-18,BKNG,517.8499755859375,507.54998779296875,517.280029296875,516.780029296875,1016700.0,516.780029296875
2011-04-19,BKNG,525.5700073242188,512.6699829101562,517.0,525.530029296875,821200.0,525.530029296875
2011-04-20,BKNG,537.0,530.02001953125,530.5999755859375,531.3499755859375,1011300.0,531.3499755859375
2011-04-21,BKNG,544.27001953125,530.3599853515625,533.1400146484375,543.9500122070312,901600.0,543.9500122070312
2011-04-25,BKNG,547.9099731445312,542.22998046875,544.7999877929688,544.3099975585938,567400.0,544.3099975585938
2011-04-26,BKNG,546.2000122070312,532.3699951171875,544.9400024414062,537.6900024414062,809400.0,537.6900024414062
2011-04-27,BKNG,544.5599975585938,534.7999877929688,538.6599731445312,539.4500122070312,729300.0,539.4500122070312
2011-04-28,BKNG,551.1699829101562,537.5800170898438,538.8699951171875,550.030029296875,832200.0,550.030029296875
2011-04-29,BKNG,556.27001953125,545.9500122070312,550.22998046875,547.010009765625,1132200.0,547.010009765625
2011-05-02,BKNG,561.8800048828125,551.219970703125,551.8200073242188,555.6500244140625,1228500.0,555.6500244140625
2011-05-03,BKNG,561.0,537.030029296875,556.469970703125,540.1099853515625,1200000.0,540.1099853515625
2011-05-04,BKNG,544.22998046875,528.0,539.989990234375,537.5599975585938,1139700.0,537.5599975585938
2011-05-05,BKNG,545.5,531.1799926757812,535.5,533.969970703125,2300000.0,533.969970703125
2011-05-06,BKNG,540.9299926757812,518.0999755859375,530.5,519.030029296875,3351900.0,519.030029296875
2011-05-09,BKNG,532.0,517.5800170898438,519.25,529.2000122070312,1230100.0,529.2000122070312
2011-05-10,BKNG,531.9199829101562,524.280029296875,531.2999877929688,528.5,1246900.0,528.5
2011-05-11,BKNG,530.1500244140625,518.0,528.5,520.989990234375,818300.0,520.989990234375
2011-05-12,BKNG,527.0399780273438,514.0999755859375,520.5,523.9600219726562,990000.0,523.9600219726562
2011-05-13,BKNG,530.6799926757812,520.5,524.3400268554688,520.6099853515625,842400.0,520.6099853515625
2011-05-16,BKNG,519.3300170898438,498.6099853515625,518.010009765625,503.3800048828125,1466700.0,503.3800048828125
2011-05-17,BKNG,505.3900146484375,493.6700134277344,499.8599853515625,504.3999938964844,1283700.0,504.3999938964844
2011-05-18,BKNG,521.010009765625,502.7900085449219,505.1000061035156,518.3800048828125,1290800.0,518.3800048828125
2011-05-19,BKNG,527.5,519.22998046875,519.8699951171875,522.0999755859375,823800.0,522.0999755859375
2011-05-20,BKNG,525.989990234375,519.5999755859375,521.1699829101562,520.0800170898438,764400.0,520.0800170898438
2011-05-23,BKNG,513.5800170898438,501.0400085449219,512.9500122070312,501.6600036621094,1400000.0,501.6600036621094
2011-05-24,BKNG,504.67999267578125,489.0,504.0,490.9200134277344,1639100.0,490.9200134277344
2011-05-25,BKNG,502.7699890136719,487.70001220703125,488.510009765625,498.80999755859375,1048000.0,498.80999755859375
2011-05-26,BKNG,507.45001220703125,496.739990234375,497.5,505.1099853515625,809300.0,505.1099853515625
2011-05-27,BKNG,509.6499938964844,500.54998779296875,505.3900146484375,501.44000244140625,626900.0,501.44000244140625
2011-05-31,BKNG,515.1900024414062,505.1499938964844,506.04998779296875,515.1900024414062,865200.0,515.1900024414062
2011-06-01,BKNG,519.3900146484375,506.05999755859375,514.1799926757812,507.05999755859375,957900.0,507.05999755859375
2011-06-02,BKNG,514.97998046875,504.1400146484375,507.989990234375,512.780029296875,757300.0,512.780029296875
2011-06-03,BKNG,516.3599853515625,505.0,506.3800048828125,507.79998779296875,897000.0,507.79998779296875
2011-06-06,BKNG,510.3800048828125,501.0299987792969,506.04998779296875,502.8699951171875,785500.0,502.8699951171875
2011-06-07,BKNG,511.2799987792969,501.260009765625,504.67999267578125,506.1199951171875,683400.0,506.1199951171875
2011-06-08,BKNG,509.80999755859375,497.19000244140625,504.5199890136719,500.67999267578125,786600.0,500.67999267578125
2011-06-09,BKNG,506.2799987792969,495.70001220703125,501.1199951171875,503.1700134277344,522600.0,503.1700134277344
2011-06-10,BKNG,502.8999938964844,491.3800048828125,501.8599853515625,493.17999267578125,856400.0,493.17999267578125
2011-06-13,BKNG,497.6000061035156,480.0,495.5,482.1300048828125,1167600.0,482.1300048828125
2011-06-14,BKNG,489.3299865722656,477.1400146484375,486.3999938964844,480.7200012207031,1105200.0,480.7200012207031
2011-06-15,BKNG,480.989990234375,468.510009765625,476.75,471.1700134277344,1042500.0,471.1700134277344
2011-06-16,BKNG,471.9100036621094,452.3399963378906,470.1499938964844,461.7099914550781,1633500.0,461.7099914550781
2011-06-17,BKNG,467.9200134277344,460.1600036621094,466.3999938964844,462.3500061035156,1345400.0,462.3500061035156
2011-06-20,BKNG,465.4599914550781,451.75,456.3599853515625,458.7799987792969,808300.0,458.7799987792969
2011-06-21,BKNG,489.55999755859375,458.95001220703125,461.55999755859375,487.6099853515625,1747600.0,487.6099853515625
2011-06-22,BKNG,489.3800048828125,480.3399963378906,485.1099853515625,480.6600036621094,922000.0,480.6600036621094
2011-06-23,BKNG,490.69000244140625,473.1000061035156,474.239990234375,490.0,1138800.0,490.0
2011-06-24,BKNG,490.5899963378906,480.04998779296875,490.42999267578125,482.9700012207031,1399500.0,482.9700012207031
2011-06-27,BKNG,489.69000244140625,483.739990234375,483.739990234375,487.1000061035156,754400.0,487.1000061035156
2011-06-28,BKNG,495.6499938964844,486.6199951171875,489.3500061035156,495.3999938964844,1159800.0,495.3999938964844
2011-06-29,BKNG,507.1000061035156,492.4100036621094,497.6000061035156,503.8800048828125,1188600.0,503.8800048828125
2011-06-30,BKNG,514.510009765625,505.6199951171875,507.6099853515625,511.92999267578125,1006900.0,511.92999267578125
2011-07-01,BKNG,525.239990234375,510.0,513.3900146484375,524.7999877929688,1058600.0,524.7999877929688
2011-07-05,BKNG,537.0999755859375,521.1099853515625,525.0,535.3699951171875,880200.0,535.3699951171875
2011-07-06,BKNG,538.9600219726562,530.0399780273438,534.8400268554688,536.1300048828125,647400.0,536.1300048828125
2011-07-07,BKNG,549.5999755859375,540.1699829101562,541.739990234375,547.3400268554688,904800.0,547.3400268554688
2011-07-08,BKNG,552.1500244140625,535.260009765625,538.6900024414062,552.1500244140625,1087200.0,552.1500244140625
2011-07-11,BKNG,548.75,535.2000122070312,544.0,536.5499877929688,1100400.0,536.5499877929688
2011-07-12,BKNG,535.489990234375,526.2000122070312,534.5800170898438,528.5700073242188,1138300.0,528.5700073242188
2011-07-13,BKNG,541.969970703125,530.0,534.1400146484375,532.27001953125,812200.0,532.27001953125
2011-07-14,BKNG,537.6900024414062,518.5,534.77001953125,519.719970703125,756500.0,519.719970703125
2011-07-15,BKNG,526.8499755859375,515.7999877929688,522.280029296875,522.5,711500.0,522.5
2011-07-18,BKNG,521.3900146484375,510.1600036621094,520.5999755859375,516.6599731445312,606500.0,516.6599731445312
2011-07-19,BKNG,538.8599853515625,520.489990234375,521.97998046875,537.5,954400.0,537.5
2011-07-20,BKNG,538.6199951171875,529.1500244140625,538.02001953125,529.9500122070312,512000.0,529.9500122070312
2011-07-21,BKNG,542.5,523.6799926757812,527.9000244140625,526.010009765625,987100.0,526.010009765625
2011-07-22,BKNG,533.27001953125,525.0,527.1799926757812,530.3699951171875,671600.0,530.3699951171875
2011-07-25,BKNG,540.0,529.0,529.0,529.75,450800.0,529.75
2011-07-26,BKNG,538.4600219726562,530.3300170898438,530.3300170898438,533.6699829101562,549500.0,533.6699829101562
2011-07-27,BKNG,534.7000122070312,516.010009765625,532.3800048828125,517.2100219726562,670200.0,517.2100219726562
2011-07-28,BKNG,529.969970703125,511.8500061035156,516.7000122070312,522.2899780273438,953100.0,522.2899780273438
2011-07-29,BKNG,542.8699951171875,526.0,528.1799926757812,537.6500244140625,1358900.0,537.6500244140625
2011-08-01,BKNG,547.8800048828125,527.6900024414062,547.22998046875,538.8599853515625,1142200.0,538.8599853515625
2011-08-02,BKNG,539.1500244140625,517.4500122070312,536.0999755859375,518.3200073242188,1209200.0,518.3200073242188
2011-08-03,BKNG,525.3900146484375,501.30999755859375,522.3200073242188,521.969970703125,1203200.0,521.969970703125
2011-08-04,BKNG,519.4500122070312,480.8399963378906,518.010009765625,483.3399963378906,3011000.0,483.3399963378906
2011-08-05,BKNG,540.9000244140625,510.5199890136719,537.5999755859375,527.8099975585938,4049100.0,527.8099975585938
2011-08-08,BKNG,523.489990234375,503.94000244140625,510.25,505.0,2461600.0,505.0
2011-08-09,BKNG,525.0999755859375,490.5,511.0,517.4199829101562,2466900.0,517.4199829101562
2011-08-10,BKNG,512.9500122070312,497.5,503.1600036621094,498.79998779296875,2170200.0,498.79998779296875
2011-08-11,BKNG,508.05999755859375,485.3299865722656,501.95001220703125,500.1600036621094,1852000.0,500.1600036621094
2011-08-12,BKNG,509.989990234375,498.0,505.7200012207031,503.1099853515625,947800.0,503.1099853515625
2011-08-15,BKNG,514.9299926757812,500.3900146484375,504.6600036621094,514.3499755859375,1064100.0,514.3499755859375
2011-08-16,BKNG,508.260009765625,489.0,506.7300109863281,497.32000732421875,1816800.0,497.32000732421875
2011-08-17,BKNG,505.510009765625,486.0,499.20001220703125,491.8500061035156,1018100.0,491.8500061035156
2011-08-18,BKNG,476.8500061035156,450.1499938964844,476.57000732421875,458.79998779296875,2017000.0,458.79998779296875
2011-08-19,BKNG,477.79998779296875,445.1499938964844,452.0,448.95001220703125,2201500.0,448.95001220703125
2011-08-22,BKNG,463.989990234375,441.54998779296875,458.5,446.32000732421875,1642600.0,446.32000732421875
2011-08-23,BKNG,477.4800109863281,447.7300109863281,450.1300048828125,476.6099853515625,1461800.0,476.6099853515625
2011-08-24,BKNG,487.9700012207031,475.0,478.8900146484375,485.5,1597900.0,485.5
2011-08-25,BKNG,494.9800109863281,480.95001220703125,487.6400146484375,483.55999755859375,990100.0,483.55999755859375
2011-08-26,BKNG,503.80999755859375,475.5,477.989990234375,503.4700012207031,1345700.0,503.4700012207031
2011-08-29,BKNG,522.3200073242188,509.05999755859375,510.0,521.010009765625,1118800.0,521.010009765625
2011-08-30,BKNG,541.780029296875,518.510009765625,520.489990234375,535.219970703125,1585500.0,535.219970703125
2011-08-31,BKNG,542.6900024414062,529.5399780273438,539.4000244140625,537.260009765625,1302000.0,537.260009765625
2011-09-01,BKNG,541.469970703125,529.0800170898438,537.260009765625,529.8400268554688,857600.0,529.8400268554688
2011-09-02,BKNG,530.489990234375,518.0999755859375,519.9600219726562,528.1900024414062,788300.0,528.1900024414062
2011-09-06,BKNG,534.2000122070312,514.010009765625,517.489990234375,533.7000122070312,1207700.0,533.7000122070312
2011-09-07,BKNG,542.510009765625,533.0,540.0,542.1400146484375,1078600.0,542.1400146484375
2011-09-08,BKNG,549.3300170898438,533.0999755859375,538.6500244140625,538.3900146484375,1483700.0,538.3900146484375
2011-09-09,BKNG,538.0399780273438,516.9000244140625,534.8900146484375,520.75,1613300.0,520.75
2011-09-12,BKNG,531.77001953125,508.1400146484375,511.45001220703125,528.8699951171875,1197400.0,528.8699951171875
2011-09-13,BKNG,530.7000122070312,516.5999755859375,530.469970703125,523.030029296875,1001400.0,523.030029296875
2011-09-14,BKNG,539.0,513.0,524.9299926757812,529.5599975585938,1473400.0,529.5599975585938
2011-09-15,BKNG,534.7000122070312,522.7000122070312,533.6799926757812,524.0,943500.0,524.0
2011-09-16,BKNG,531.1699829101562,523.1300048828125,528.6199951171875,525.469970703125,1341200.0,525.469970703125
2011-09-19,BKNG,536.4500122070312,510.5400085449219,518.3400268554688,531.4500122070312,1155500.0,531.4500122070312
2011-09-20,BKNG,554.0,528.0,533.0900268554688,537.239990234375,1735000.0,537.239990234375
2011-09-21,BKNG,549.9600219726562,531.0,538.0,531.27001953125,1137400.0,531.27001953125
2011-09-22,BKNG,521.489990234375,499.25,516.3900146484375,505.57000732421875,1832300.0,505.57000732421875
2011-09-23,BKNG,517.6099853515625,500.70001220703125,503.0,514.6099853515625,1342800.0,514.6099853515625
2011-09-26,BKNG,515.989990234375,492.0,514.7000122070312,513.5900268554688,1476800.0,513.5900268554688
2011-09-27,BKNG,523.5800170898438,504.07000732421875,523.489990234375,511.1199951171875,1323700.0,511.1199951171875
2011-09-28,BKNG,518.0,495.3399963378906,512.739990234375,498.0899963378906,1080100.0,498.0899963378906
2011-09-29,BKNG,506.7799987792969,463.1499938964844,506.0299987792969,478.0199890136719,2383200.0,478.0199890136719
2011-09-30,BKNG,472.2699890136719,449.3299865722656,469.1199951171875,449.4599914550781,2199700.0,449.4599914550781
2011-10-03,BKNG,467.0,445.2900085449219,454.3500061035156,445.75,1940000.0,445.75
2011-10-04,BKNG,447.9700012207031,411.260009765625,440.70001220703125,444.0,2650500.0,444.0
2011-10-05,BKNG,449.5,424.1199951171875,441.1700134277344,445.6700134277344,1882400.0,445.6700134277344
2011-10-06,BKNG,472.8299865722656,444.2799987792969,447.7799987792969,469.55999755859375,1935400.0,469.55999755859375
2011-10-07,BKNG,474.8399963378906,457.79998779296875,474.1199951171875,467.7300109863281,1545000.0,467.7300109863281
2011-10-10,BKNG,483.95001220703125,474.0,475.75,483.8500061035156,960500.0,483.8500061035156
2011-10-11,BKNG,494.6400146484375,478.6199951171875,480.95001220703125,493.260009765625,1049400.0,493.260009765625
2011-10-12,BKNG,503.9800109863281,485.1099853515625,499.45001220703125,485.5400085449219,1427700.0,485.5400085449219
2011-10-13,BKNG,495.75,483.92999267578125,485.05999755859375,493.7699890136719,1105700.0,493.7699890136719
2011-10-14,BKNG,503.3500061035156,492.510009765625,503.1300048828125,499.1300048828125,761700.0,499.1300048828125
2011-10-17,BKNG,506.8699951171875,491.4700012207031,495.2900085449219,492.8500061035156,710000.0,492.8500061035156
2011-10-18,BKNG,496.7200012207031,475.8999938964844,492.1600036621094,493.2099914550781,1121700.0,493.2099914550781
2011-10-19,BKNG,493.260009765625,473.80999755859375,490.82000732421875,479.0,1166900.0,479.0
2011-10-20,BKNG,480.5,468.6700134277344,478.4700012207031,473.82000732421875,954000.0,473.82000732421875
2011-10-21,BKNG,495.7900085449219,478.32000732421875,479.7200012207031,495.4599914550781,1450500.0,495.4599914550781
2011-10-24,BKNG,521.239990234375,491.8500061035156,494.0,519.8200073242188,1232300.0,519.8200073242188
2011-10-25,BKNG,522.989990234375,503.6700134277344,517.02001953125,505.05999755859375,1147300.0,505.05999755859375
2011-10-26,BKNG,513.6099853515625,480.32000732421875,510.1099853515625,495.6300048828125,1489300.0,495.6300048828125
2011-10-27,BKNG,524.4199829101562,510.69000244140625,512.3800048828125,520.5499877929688,1543000.0,520.5499877929688
2011-10-28,BKNG,526.75,511.0,515.0,523.6799926757812,995100.0,523.6799926757812
2011-10-31,BKNG,522.0,507.69000244140625,519.0,507.7200012207031,971700.0,507.7200012207031
2011-11-01,BKNG,499.2300109863281,478.6499938964844,492.0799865722656,489.0199890136719,1475900.0,489.0199890136719
2011-11-02,BKNG,497.2300109863281,487.0,496.1499938964844,493.6400146484375,968100.0,493.6400146484375
2011-11-03,BKNG,511.7699890136719,490.30999755859375,498.57000732421875,511.7099914550781,1017200.0,511.7099914550781
2011-11-04,BKNG,516.97998046875,498.0,509.0,513.3699951171875,1638600.0,513.3699951171875
2011-11-07,BKNG,519.0,503.20001220703125,517.239990234375,509.0,2448600.0,509.0
2011-11-08,BKNG,553.3300170898438,519.6300048828125,520.0,552.8499755859375,3903600.0,552.8499755859375
2011-11-09,BKNG,547.7899780273438,535.0999755859375,543.0,536.5499877929688,1819400.0,536.5499877929688
2011-11-10,BKNG,543.0,525.5499877929688,542.3400268554688,528.3599853515625,1367900.0,528.3599853515625
2011-11-11,BKNG,535.469970703125,525.0700073242188,535.1099853515625,533.3099975585938,1225400.0,533.3099975585938
2011-11-14,BKNG,544.3800048828125,530.1599731445312,530.97998046875,534.4000244140625,1054600.0,534.4000244140625
2011-11-15,BKNG,549.760009765625,530.1699829101562,531.5399780273438,546.8200073242188,1188200.0,546.8200073242188
2011-11-16,BKNG,548.0,537.0,541.3699951171875,538.3300170898438,1007100.0,538.3300170898438
2011-11-17,BKNG,541.0,511.4100036621094,538.0499877929688,513.4000244140625,1593300.0,513.4000244140625
2011-11-18,BKNG,515.6300048828125,493.6199951171875,514.6300048828125,496.9200134277344,1682100.0,496.9200134277344
2011-11-21,BKNG,494.9100036621094,474.3800048828125,486.9700012207031,477.6499938964844,1225300.0,477.6499938964844
2011-11-22,BKNG,485.989990234375,472.1600036621094,472.7799987792969,481.07000732421875,894800.0,481.07000732421875
2011-11-23,BKNG,479.3900146484375,464.0299987792969,478.0,464.5299987792969,894900.0,464.5299987792969
2011-11-25,BKNG,466.9700012207031,456.2699890136719,462.9700012207031,459.17999267578125,447800.0,459.17999267578125
2011-11-28,BKNG,483.0299987792969,468.75,474.510009765625,472.5,893900.0,472.5
2011-11-29,BKNG,475.5,460.6600036621094,475.4100036621094,463.0,893600.0,463.0
2011-11-30,BKNG,486.45001220703125,472.94000244140625,478.8900146484375,485.8900146484375,1160900.0,485.8900146484375
2011-12-01,BKNG,493.2699890136719,482.010009765625,483.8699951171875,488.42999267578125,816400.0,488.42999267578125
2011-12-02,BKNG,498.82000732421875,485.0,497.4200134277344,486.4800109863281,979100.0,486.4800109863281
2011-12-05,BKNG,495.6300048828125,478.989990234375,495.6300048828125,484.0199890136719,888000.0,484.0199890136719
2011-12-06,BKNG,485.8800048828125,473.3599853515625,482.7699890136719,479.1000061035156,860700.0,479.1000061035156
2011-12-07,BKNG,486.3900146484375,472.0,476.7099914550781,484.2900085449219,994100.0,484.2900085449219
2011-12-08,BKNG,486.0,477.0,482.8599853515625,479.4599914550781,860600.0,479.4599914550781
2011-12-09,BKNG,482.0,474.3800048828125,480.0,479.739990234375,762900.0,479.739990234375
2011-12-12,BKNG,476.2699890136719,468.0,474.5,475.3900146484375,629400.0,475.3900146484375
2011-12-13,BKNG,481.6600036621094,461.3999938964844,476.1400146484375,462.69000244140625,805600.0,462.69000244140625
2011-12-14,BKNG,463.1199951171875,441.6000061035156,462.05999755859375,445.19000244140625,1701300.0,445.19000244140625
2011-12-15,BKNG,452.5,438.760009765625,450.04998779296875,445.3900146484375,1631600.0,445.3900146484375
2011-12-16,BKNG,457.67999267578125,448.1300048828125,450.0,457.0799865722656,1334200.0,457.0799865722656
2011-12-19,BKNG,465.45001220703125,455.1000061035156,456.6499938964844,459.7300109863281,865500.0,459.7300109863281
2011-12-20,BKNG,480.0899963378906,466.010009765625,466.010009765625,480.0899963378906,1097900.0,480.0899963378906
2011-12-21,BKNG,478.79998779296875,464.510009765625,478.25,472.3299865722656,898100.0,472.3299865722656
2011-12-22,BKNG,482.6099853515625,470.8399963378906,472.5899963378906,479.69000244140625,708400.0,479.69000244140625
2011-12-23,BKNG,483.6099853515625,478.1199951171875,482.3299865722656,481.7300109863281,432000.0,481.7300109863281
2011-12-27,BKNG,487.239990234375,479.2900085449219,480.0,484.2099914550781,375000.0,484.2099914550781
2011-12-28,BKNG,483.9100036621094,474.260009765625,483.0,475.3999938964844,519600.0,475.3999938964844
2011-12-29,BKNG,477.5899963378906,465.8500061035156,476.30999755859375,476.0,446800.0,476.0
2011-12-30,BKNG,477.8999938964844,467.5,474.70001220703125,467.7099914550781,476200.0,467.7099914550781
2012-01-03,BKNG,486.5400085449219,474.6499938964844,475.0,485.1499938964844,724100.0,485.1499938964844
2012-01-04,BKNG,485.6600036621094,476.20001220703125,485.4700012207031,480.9100036621094,548900.0,480.9100036621094
2012-01-05,BKNG,488.0,473.4200134277344,479.0799865722656,486.2099914550781,744100.0,486.2099914550781
2012-01-06,BKNG,489.2799987792969,479.05999755859375,487.8299865722656,480.30999755859375,699800.0,480.30999755859375
2012-01-09,BKNG,485.0,472.3999938964844,482.19000244140625,476.0799865722656,729500.0,476.0799865722656
2012-01-10,BKNG,486.2099914550781,480.0199890136719,481.6300048828125,484.2799987792969,669600.0,484.2799987792969
2012-01-11,BKNG,484.9599914550781,476.760009765625,483.0,477.70001220703125,464400.0,477.70001220703125
2012-01-12,BKNG,479.489990234375,471.1099853515625,477.57000732421875,476.17999267578125,558500.0,476.17999267578125
2012-01-13,BKNG,483.0,469.2799987792969,472.6099853515625,482.42999267578125,642500.0,482.42999267578125
2012-01-17,BKNG,501.6000061035156,485.3699951171875,487.57000732421875,498.2099914550781,905600.0,498.2099914550781
2012-01-18,BKNG,519.3900146484375,496.0,497.0,518.8300170898438,1226300.0,518.8300170898438
2012-01-19,BKNG,527.0499877929688,520.0,520.0,526.0700073242188,756100.0,526.0700073242188
2012-01-20,BKNG,521.969970703125,514.2999877929688,521.469970703125,518.5800170898438,903900.0,518.5800170898438
2012-01-23,BKNG,525.0499877929688,514.0,517.1199951171875,518.02001953125,643600.0,518.02001953125
2012-01-24,BKNG,525.5,512.5999755859375,514.4600219726562,523.72998046875,533500.0,523.72998046875
2012-01-25,BKNG,529.9199829101562,518.6599731445312,523.469970703125,528.3499755859375,535700.0,528.3499755859375
2012-01-26,BKNG,537.5599975585938,523.0,530.0,524.6599731445312,685000.0,524.6599731445312
2012-01-27,BKNG,527.3800048828125,520.72998046875,523.7999877929688,525.8599853515625,474300.0,525.8599853515625
2012-01-30,BKNG,524.1599731445312,518.5999755859375,522.9500122070312,522.4099731445312,535500.0,522.4099731445312
2012-01-31,BKNG,531.0,523.5999755859375,525.5,529.489990234375,689600.0,529.489990234375
2012-02-01,BKNG,536.4600219726562,522.3699951171875,533.4099731445312,535.9000244140625,827900.0,535.9000244140625
2012-02-02,BKNG,536.5,529.9299926757812,535.0,533.8300170898438,500700.0,533.8300170898438
2012-02-03,BKNG,549.0,537.52001953125,538.6300048828125,546.97998046875,826800.0,546.97998046875
2012-02-06,BKNG,547.5999755859375,536.6099853515625,544.7999877929688,536.72998046875,717100.0,536.72998046875
2012-02-07,BKNG,538.75,527.6199951171875,535.7999877929688,529.1900024414062,907700.0,529.1900024414062
2012-02-08,BKNG,538.8099975585938,527.3800048828125,527.5399780273438,538.3699951171875,915800.0,538.3699951171875
2012-02-09,BKNG,542.9600219726562,533.22998046875,537.4600219726562,540.1300048828125,688900.0,540.1300048828125
2012-02-10,BKNG,546.9000244140625,533.239990234375,533.6500244140625,545.0399780273438,1014600.0,545.0399780273438
2012-02-13,BKNG,573.1300048828125,547.0999755859375,549.4299926757812,571.1500244140625,1381800.0,571.1500244140625
2012-02-14,BKNG,588.5599975585938,569.4199829101562,569.4199829101562,576.9400024414062,1231900.0,576.9400024414062
2012-02-15,BKNG,584.8800048828125,568.6099853515625,581.02001953125,570.2999877929688,944600.0,570.2999877929688
2012-02-16,BKNG,574.239990234375,558.1500244140625,570.3900146484375,571.3200073242188,745400.0,571.3200073242188
2012-02-17,BKNG,583.5,571.27001953125,571.5800170898438,582.52001953125,760800.0,582.52001953125
2012-02-21,BKNG,593.0,579.280029296875,585.52001953125,584.75,814000.0,584.75
2012-02-22,BKNG,591.0,581.25,585.0,587.719970703125,867800.0,587.719970703125
2012-02-23,BKNG,593.8200073242188,585.239990234375,588.530029296875,587.4000244140625,716600.0,587.4000244140625
2012-02-24,BKNG,595.8400268554688,589.77001953125,590.1699829101562,590.4099731445312,945900.0,590.4099731445312
2012-02-27,BKNG,597.0,587.1300048828125,594.9500122070312,591.5399780273438,1882400.0,591.5399780273438
2012-02-28,BKNG,637.8800048828125,627.3099975585938,634.8099975585938,632.760009765625,2767800.0,632.760009765625
2012-02-29,BKNG,634.6599731445312,626.4199829101562,632.4000244140625,627.02001953125,1249800.0,627.02001953125
2012-03-01,BKNG,638.5599975585938,626.0,626.030029296875,637.3200073242188,1054300.0,637.3200073242188
2012-03-02,BKNG,646.0,635.6599731445312,637.4199829101562,645.8599853515625,1144400.0,645.8599853515625
2012-03-05,BKNG,649.7000122070312,635.2000122070312,647.030029296875,642.6900024414062,882200.0,642.6900024414062
2012-03-06,BKNG,638.52001953125,628.2000122070312,634.530029296875,629.739990234375,862500.0,629.739990234375
2012-03-07,BKNG,643.8200073242188,635.510009765625,636.0,641.5999755859375,1429200.0,641.5999755859375
2012-03-08,BKNG,654.9000244140625,641.260009765625,647.4299926757812,653.8200073242188,866400.0,653.8200073242188
2012-03-09,BKNG,655.0900268554688,647.0,655.0,647.4500122070312,979900.0,647.4500122070312
2012-03-12,BKNG,653.3800048828125,644.6199951171875,647.4500122070312,650.9500122070312,564200.0,650.9500122070312
2012-03-13,BKNG,655.3300170898438,647.0800170898438,654.9600219726562,653.7899780273438,549800.0,653.7899780273438
2012-03-14,BKNG,653.5399780273438,643.9000244140625,653.1500244140625,650.75,614200.0,650.75
2012-03-15,BKNG,659.6699829101562,646.0700073242188,649.989990234375,657.25,690100.0,657.25
2012-03-16,BKNG,675.6400146484375,657.25,657.25,675.5,1263400.0,675.5
2012-03-19,BKNG,699.8900146484375,678.510009765625,678.8599853515625,696.9299926757812,1115000.0,696.9299926757812
2012-03-20,BKNG,698.0399780273438,686.1500244140625,693.2999877929688,696.469970703125,847100.0,696.469970703125
2012-03-21,BKNG,709.3099975585938,695.25,695.5599975585938,703.6500244140625,1084000.0,703.6500244140625
2012-03-22,BKNG,713.530029296875,699.5,700.280029296875,711.989990234375,974100.0,711.989990234375
2012-03-23,BKNG,717.1699829101562,707.0,713.9500122070312,714.989990234375,1032500.0,714.989990234375
2012-03-26,BKNG,736.9199829101562,718.8499755859375,722.010009765625,735.4000244140625,1307800.0,735.4000244140625
2012-03-27,BKNG,736.4500122070312,727.2000122070312,735.3900146484375,728.8499755859375,954300.0,728.8499755859375
2012-03-28,BKNG,734.6300048828125,709.4299926757812,729.4500122070312,718.2000122070312,1159700.0,718.2000122070312
2012-03-29,BKNG,722.0499877929688,709.0900268554688,712.0999755859375,720.0399780273438,1033200.0,720.0399780273438
2012-03-30,BKNG,729.0599975585938,715.9000244140625,725.0,717.5,881700.0,717.5
2012-04-02,BKNG,727.6300048828125,717.25,717.260009765625,719.969970703125,807700.0,719.969970703125
2012-04-03,BKNG,745.0,721.2000122070312,721.2000122070312,743.6199951171875,1503800.0,743.6199951171875
2012-04-04,BKNG,746.5399780273438,729.0,737.5499877929688,745.9000244140625,1523500.0,745.9000244140625
2012-04-05,BKNG,759.8900146484375,748.0,749.280029296875,756.7999877929688,1580100.0,756.7999877929688
2012-04-09,BKNG,768.9000244140625,746.0,746.8499755859375,764.75,1270000.0,764.75
2012-04-10,BKNG,774.9600219726562,739.0599975585938,768.5,741.260009765625,2381800.0,741.260009765625
2012-04-11,BKNG,751.0,719.25,750.8800048828125,729.5700073242188,2148300.0,729.5700073242188
2012-04-12,BKNG,744.0,724.2899780273438,731.4400024414062,742.1500244140625,1218300.0,742.1500244140625
2012-04-13,BKNG,749.8099975585938,730.7000122070312,739.7899780273438,735.1799926757812,1258200.0,735.1799926757812
2012-04-16,BKNG,738.4000244140625,698.9500122070312,737.0,702.0,1915800.0,702.0
2012-04-17,BKNG,721.3699951171875,699.0499877929688,704.2000122070312,715.3699951171875,1119500.0,715.3699951171875
2012-04-18,BKNG,739.0,712.0599975585938,714.8099975585938,732.219970703125,1347100.0,732.219970703125
2012-04-19,BKNG,738.5800170898438,711.6500244140625,727.7100219726562,717.1799926757812,1170400.0,717.1799926757812
2012-04-20,BKNG,727.0,707.280029296875,719.8599853515625,710.1699829101562,1020600.0,710.1699829101562
2012-04-23,BKNG,702.2100219726562,683.239990234375,701.2000122070312,699.0,1284600.0,699.0
2012-04-24,BKNG,703.989990234375,678.0399780273438,696.6699829101562,685.010009765625,1068200.0,685.010009765625
2012-04-25,BKNG,726.97998046875,695.489990234375,701.5700073242188,724.5499877929688,1360500.0,724.5499877929688
2012-04-26,BKNG,736.8499755859375,720.8800048828125,723.4000244140625,733.27001953125,1079400.0,733.27001953125
2012-04-27,BKNG,767.5,748.0,750.97998046875,762.1300048828125,1849400.0,762.1300048828125
2012-04-30,BKNG,772.3499755859375,751.0,761.010009765625,760.8200073242188,1253500.0,760.8200073242188
2012-05-01,BKNG,766.8900146484375,750.0,760.8200073242188,755.1699829101562,1049200.0,755.1699829101562
2012-05-02,BKNG,762.4000244140625,747.1400146484375,755.5599975585938,761.0599975585938,1129400.0,761.0599975585938
2012-05-03,BKNG,764.5900268554688,745.5499877929688,763.0499877929688,749.72998046875,898600.0,749.72998046875
2012-05-04,BKNG,747.0,734.3099975585938,745.3099975585938,736.0700073242188,1141200.0,736.0700073242188
2012-05-07,BKNG,752.4600219726562,734.530029296875,736.3800048828125,737.6500244140625,1047900.0,737.6500244140625
2012-05-08,BKNG,739.989990234375,705.010009765625,736.010009765625,716.2000122070312,2150800.0,716.2000122070312
2012-05-09,BKNG,733.0499877929688,707.2000122070312,708.739990234375,718.9500122070312,2551700.0,718.9500122070312
2012-05-10,BKNG,706.0,680.22998046875,703.1199951171875,681.1099853515625,3137200.0,681.1099853515625
2012-05-11,BKNG,684.8400268554688,670.02001953125,671.489990234375,675.3900146484375,1697700.0,675.3900146484375
2012-05-14,BKNG,673.8800048828125,662.1799926757812,669.5,663.1799926757812,1084100.0,663.1799926757812
2012-05-15,BKNG,675.5900268554688,658.969970703125,664.5900268554688,662.3300170898438,1027400.0,662.3300170898438
2012-05-16,BKNG,674.7999877929688,656.989990234375,664.9000244140625,662.239990234375,1213900.0,662.239990234375
2012-05-17,BKNG,665.489990234375,645.0,663.77001953125,645.4099731445312,1340000.0,645.4099731445312
2012-05-18,BKNG,650.72998046875,630.1300048828125,648.8499755859375,632.0,1431700.0,632.0
2012-05-21,BKNG,658.8400268554688,635.0,635.030029296875,657.6799926757812,1060200.0,657.6799926757812
2012-05-22,BKNG,679.0900268554688,655.739990234375,659.530029296875,660.0800170898438,1326900.0,660.0800170898438
2012-05-23,BKNG,675.0700073242188,652.6099853515625,657.0700073242188,673.1199951171875,1110200.0,673.1199951171875
2012-05-24,BKNG,676.9299926757812,658.7100219726562,676.3099975585938,668.969970703125,980700.0,668.969970703125
2012-05-25,BKNG,668.969970703125,652.1199951171875,668.4000244140625,652.8800048828125,678600.0,652.8800048828125
2012-05-29,BKNG,666.9299926757812,651.1599731445312,660.010009765625,658.0399780273438,718500.0,658.0399780273438
2012-05-30,BKNG,651.1799926757812,637.6199951171875,650.02001953125,637.760009765625,1069000.0,637.760009765625
2012-05-31,BKNG,639.0399780273438,616.9099731445312,637.0,625.489990234375,1309000.0,625.489990234375
2012-06-01,BKNG,615.489990234375,604.6500244140625,608.030029296875,610.5,1032200.0,610.5
2012-06-04,BKNG,620.7000122070312,603.489990234375,614.02001953125,616.5399780273438,1081300.0,616.5399780273438
2012-06-05,BKNG,628.0,613.4299926757812,615.2100219726562,619.8300170898438,586300.0,619.8300170898438
2012-06-06,BKNG,643.0,623.3300170898438,625.5800170898438,642.510009765625,1170500.0,642.510009765625
2012-06-07,BKNG,659.1699829101562,634.2999877929688,653.5,636.1500244140625,1048200.0,636.1500244140625
2012-06-08,BKNG,644.7999877929688,628.52001953125,632.8900146484375,644.3599853515625,816900.0,644.3599853515625
2012-06-11,BKNG,657.5499877929688,641.0,653.739990234375,641.7100219726562,845200.0,641.7100219726562
2012-06-12,BKNG,647.0,630.77001953125,645.0,646.97998046875,780100.0,646.97998046875
2012-06-13,BKNG,653.530029296875,641.5,643.22998046875,646.5,768200.0,646.5
2012-06-14,BKNG,647.6300048828125,631.0700073242188,647.1099853515625,640.3200073242188,843600.0,640.3200073242188
2012-06-15,BKNG,660.0,638.219970703125,642.0,659.4099731445312,1572300.0,659.4099731445312
2012-06-18,BKNG,675.0,654.0,656.3200073242188,673.5,947800.0,673.5
2012-06-19,BKNG,683.3699951171875,670.2000122070312,673.6599731445312,680.1099853515625,915900.0,680.1099853515625
2012-06-20,BKNG,679.739990234375,665.77001953125,678.6900024414062,670.8200073242188,851100.0,670.8200073242188
2012-06-21,BKNG,677.4500122070312,656.5,672.0,657.5800170898438,784300.0,657.5800170898438
2012-06-22,BKNG,667.219970703125,655.010009765625,660.2100219726562,666.97998046875,759200.0,666.97998046875
2012-06-25,BKNG,663.739990234375,647.5,662.1900024414062,651.6500244140625,663600.0,651.6500244140625
2012-06-26,BKNG,659.7000122070312,647.1400146484375,653.2899780273438,656.3599853515625,481300.0,656.3599853515625
2012-06-27,BKNG,663.0700073242188,648.9199829101562,658.8499755859375,653.8400268554688,632700.0,653.8400268554688
2012-06-28,BKNG,649.6300048828125,633.0,648.2999877929688,643.47998046875,720500.0,643.47998046875
2012-06-29,BKNG,665.4099731445312,653.510009765625,657.6300048828125,664.52001953125,1103400.0,664.52001953125
2012-07-02,BKNG,681.5800170898438,665.010009765625,665.47998046875,680.8599853515625,900400.0,680.8599853515625
2012-07-03,BKNG,695.1500244140625,683.010009765625,684.8400268554688,690.5499877929688,690600.0,690.5499877929688
2012-07-05,BKNG,693.1699829101562,676.510009765625,685.969970703125,681.6500244140625,901500.0,681.6500244140625
2012-07-06,BKNG,676.0,664.1199951171875,674.9000244140625,671.6599731445312,767500.0,671.6599731445312
2012-07-09,BKNG,675.0,661.469970703125,671.010009765625,664.8699951171875,692700.0,664.8699951171875
2012-07-10,BKNG,672.8400268554688,644.4299926757812,671.2000122070312,648.6500244140625,1019800.0,648.6500244140625
2012-07-11,BKNG,659.3699951171875,635.6599731445312,646.0700073242188,646.6599731445312,1127800.0,646.6599731445312
2012-07-12,BKNG,643.739990234375,632.760009765625,639.0,639.0800170898438,1029000.0,639.0800170898438
2012-07-13,BKNG,646.7999877929688,635.260009765625,642.0499877929688,642.9500122070312,776000.0,642.9500122070312
2012-07-16,BKNG,640.77001953125,634.5700073242188,639.9500122070312,637.72998046875,602600.0,637.72998046875
2012-07-17,BKNG,649.8499755859375,636.0700073242188,640.1400146484375,647.3699951171875,669600.0,647.3699951171875
2012-07-18,BKNG,657.1300048828125,642.239990234375,646.6099853515625,655.6799926757812,639500.0,655.6799926757812
2012-07-19,BKNG,678.9500122070312,659.4500122070312,659.8800048828125,672.6699829101562,1134300.0,672.6699829101562
2012-07-20,BKNG,676.5900268554688,663.5,670.469970703125,673.2000122070312,1055000.0,673.2000122070312
2012-07-23,BKNG,672.0700073242188,652.5,659.3599853515625,669.1099853515625,816600.0,669.1099853515625
2012-07-24,BKNG,676.6500244140625,663.5599975585938,670.72998046875,665.5800170898438,654900.0,665.5800170898438
2012-07-25,BKNG,655.3300170898438,628.0999755859375,654.4400024414062,631.0399780273438,1400000.0,631.0399780273438
2012-07-26,BKNG,639.7000122070312,618.5700073242188,638.9099731445312,628.3200073242188,1285400.0,628.3200073242188
2012-07-27,BKNG,685.9000244140625,648.0,650.0499877929688,683.989990234375,2400300.0,683.989990234375
2012-07-30,BKNG,692.25,672.260009765625,687.0399780273438,682.5399780273438,929500.0,682.5399780273438
2012-07-31,BKNG,681.6400146484375,660.8699951171875,680.0,661.739990234375,1030900.0,661.739990234375
2012-08-01,BKNG,667.6900024414062,642.2999877929688,666.9400024414062,642.97998046875,976900.0,642.97998046875
2012-08-02,BKNG,656.469970703125,634.010009765625,636.760009765625,649.010009765625,981400.0,649.010009765625
2012-08-03,BKNG,673.8300170898438,658.9600219726562,667.760009765625,663.989990234375,1056100.0,663.989990234375
2012-08-06,BKNG,674.5700073242188,657.3300170898438,663.0,665.1199951171875,860400.0,665.1199951171875
2012-08-07,BKNG,682.969970703125,672.760009765625,673.0,679.7999877929688,2844200.0,679.7999877929688
2012-08-08,BKNG,586.969970703125,559.75,575.0999755859375,562.3200073242188,6683700.0,562.3200073242188
2012-08-09,BKNG,570.3499755859375,553.4199829101562,563.010009765625,562.260009765625,2429800.0,562.260009765625
2012-08-10,BKNG,567.0,555.9500122070312,562.3900146484375,563.1599731445312,1631900.0,563.1599731445312
2012-08-13,BKNG,566.7999877929688,557.1099853515625,564.5999755859375,562.0,1010000.0,562.0
2012-08-14,BKNG,568.4199829101562,560.6400146484375,563.5999755859375,564.6599731445312,1023700.0,564.6599731445312
2012-08-15,BKNG,575.4299926757812,563.0,564.8200073242188,575.3099975585938,1088600.0,575.3099975585938
2012-08-16,BKNG,589.8800048828125,576.6799926757812,577.1199951171875,586.7899780273438,1306600.0,586.7899780273438
2012-08-17,BKNG,592.239990234375,582.6099853515625,588.5,588.780029296875,1060400.0,588.780029296875
2012-08-20,BKNG,587.6199951171875,580.0,585.0,586.6099853515625,903600.0,586.6099853515625
2012-08-21,BKNG,599.8499755859375,579.8099975585938,588.9199829101562,585.760009765625,1067400.0,585.760009765625
2012-08-22,BKNG,593.3099975585938,583.0,585.1599731445312,591.0399780273438,637600.0,591.0399780273438
2012-08-23,BKNG,597.5700073242188,590.1699829101562,590.8699951171875,593.530029296875,983700.0,593.530029296875
2012-08-24,BKNG,598.5,586.6400146484375,591.2000122070312,593.1799926757812,939700.0,593.1799926757812
2012-08-27,BKNG,594.9500122070312,587.5599975585938,593.8099975585938,588.4000244140625,516100.0,588.4000244140625
2012-08-28,BKNG,591.8699951171875,585.0999755859375,588.0,590.1199951171875,429600.0,590.1199951171875
2012-08-29,BKNG,606.6300048828125,591.02001953125,591.8200073242188,603.2100219726562,982200.0,603.2100219726562
2012-08-30,BKNG,610.280029296875,599.510009765625,599.719970703125,603.5999755859375,786200.0,603.5999755859375
2012-08-31,BKNG,610.22998046875,598.010009765625,606.469970703125,604.5700073242188,919200.0,604.5700073242188
2012-09-04,BKNG,606.489990234375,595.0,604.25,596.8900146484375,736200.0,596.8900146484375
2012-09-05,BKNG,601.719970703125,594.4500122070312,597.5,595.1799926757812,480800.0,595.1799926757812
2012-09-06,BKNG,609.239990234375,597.260009765625,599.5700073242188,604.0,1055600.0,604.0
2012-09-07,BKNG,622.8900146484375,612.1099853515625,612.5,621.5499877929688,1627000.0,621.5499877929688
2012-09-10,BKNG,624.5,607.4600219726562,620.969970703125,608.3200073242188,907700.0,608.3200073242188
2012-09-11,BKNG,621.25,606.1099853515625,608.5999755859375,617.760009765625,899000.0,617.760009765625
2012-09-12,BKNG,628.489990234375,615.9500122070312,620.0,619.9500122070312,641300.0,619.9500122070312
2012-09-13,BKNG,629.780029296875,617.6799926757812,619.9500122070312,626.9299926757812,758100.0,626.9299926757812
2012-09-14,BKNG,645.0599975585938,627.8400268554688,628.1500244140625,637.47998046875,1503000.0,637.47998046875
2012-09-17,BKNG,646.0800170898438,634.6099853515625,636.8499755859375,643.3499755859375,1156900.0,643.3499755859375
2012-09-18,BKNG,649.2999877929688,638.0499877929688,640.3499755859375,640.72998046875,724500.0,640.72998046875
2012-09-19,BKNG,644.1699829101562,636.5499877929688,641.010009765625,639.030029296875,529400.0,639.030029296875
2012-09-20,BKNG,635.8900146484375,629.5800170898438,635.6900024414062,633.77001953125,557300.0,633.77001953125
2012-09-21,BKNG,643.0,634.6099853515625,640.1699829101562,636.1500244140625,1096700.0,636.1500244140625
2012-09-24,BKNG,633.6599731445312,628.1500244140625,631.8099975585938,631.1799926757812,465500.0,631.1799926757812
2012-09-25,BKNG,649.0,631.5,631.760009765625,631.75,947700.0,631.75
2012-09-26,BKNG,636.3800048828125,617.3200073242188,631.1199951171875,622.0900268554688,953300.0,622.0900268554688
2012-09-27,BKNG,633.9099731445312,622.4199829101562,625.7000122070312,630.52001953125,686300.0,630.52001953125
2012-09-28,BKNG,629.2999877929688,617.5900268554688,628.0,619.0700073242188,914300.0,619.0700073242188
2012-10-01,BKNG,626.1099853515625,618.6599731445312,620.739990234375,624.8599853515625,792300.0,624.8599853515625
2012-10-02,BKNG,628.6699829101562,611.4400024414062,627.9000244140625,616.280029296875,898100.0,616.280029296875
2012-10-03,BKNG,625.2999877929688,614.1799926757812,618.5499877929688,622.8200073242188,607400.0,622.8200073242188
2012-10-04,BKNG,637.5800170898438,623.1199951171875,624.9600219726562,635.0399780273438,746000.0,635.0399780273438
2012-10-05,BKNG,643.8800048828125,628.1900024414062,638.469970703125,631.8900146484375,939100.0,631.8900146484375
2012-10-08,BKNG,632.9299926757812,622.1500244140625,627.5499877929688,630.9600219726562,486800.0,630.9600219726562
2012-10-09,BKNG,634.0599975585938,617.1599731445312,629.760009765625,617.8900146484375,688000.0,617.8900146484375
2012-10-10,BKNG,619.3099975585938,599.7100219726562,619.3099975585938,602.4099731445312,1320800.0,602.4099731445312
2012-10-11,BKNG,610.6900024414062,590.6599731445312,610.1099853515625,598.1400146484375,1249300.0,598.1400146484375
2012-10-12,BKNG,596.0499877929688,588.9000244140625,589.75,593.1500244140625,801300.0,593.1500244140625
2012-10-15,BKNG,601.7999877929688,585.25,594.0,601.02001953125,624900.0,601.02001953125
2012-10-16,BKNG,608.8800048828125,595.760009765625,605.0399780273438,597.77001953125,722200.0,597.77001953125
2012-10-17,BKNG,606.6500244140625,593.6199951171875,597.6799926757812,598.239990234375,701100.0,598.239990234375
2012-10-18,BKNG,599.0999755859375,570.6799926757812,598.22998046875,582.3800048828125,1455600.0,582.3800048828125
2012-10-19,BKNG,578.6099853515625,555.469970703125,578.5999755859375,560.5,2024200.0,560.5
2012-10-22,BKNG,574.5499877929688,557.9400024414062,559.0999755859375,567.2000122070312,851000.0,567.2000122070312
2012-10-23,BKNG,575.0,553.969970703125,555.0,569.0399780273438,780000.0,569.0399780273438
2012-10-24,BKNG,574.469970703125,560.4000244140625,573.2999877929688,563.6699829101562,670200.0,563.6699829101562
2012-10-25,BKNG,570.7100219726562,556.4500122070312,568.6199951171875,557.8699951171875,1015600.0,557.8699951171875
2012-10-26,BKNG,589.4400024414062,572.5999755859375,582.0,579.4600219726562,1953800.0,579.4600219726562
2012-10-31,BKNG,579.3300170898438,569.0499877929688,579.25,573.77001953125,774900.0,573.77001953125
2012-11-01,BKNG,586.8400268554688,568.6199951171875,574.9000244140625,586.0999755859375,1275400.0,586.0999755859375
2012-11-02,BKNG,657.5999755859375,634.0399780273438,650.0599975585938,634.739990234375,2513000.0,634.739990234375
2012-11-05,BKNG,635.969970703125,627.3400268554688,634.7999877929688,634.7899780273438,807600.0,634.7899780273438
2012-11-06,BKNG,645.8800048828125,634.0,636.0,644.9000244140625,756500.0,644.9000244140625
2012-11-07,BKNG,643.0,628.1300048828125,639.2999877929688,634.6099853515625,785000.0,634.6099853515625
2012-11-08,BKNG,640.6500244140625,627.1099853515625,632.3499755859375,627.8699951171875,676400.0,627.8699951171875
2012-11-09,BKNG,632.5900268554688,616.0399780273438,618.5,625.8699951171875,1250800.0,625.8699951171875
2012-11-12,BKNG,635.75,626.0,629.0999755859375,633.4299926757812,578700.0,633.4299926757812
2012-11-13,BKNG,640.9299926757812,628.4000244140625,629.3599853515625,630.3099975585938,555300.0,630.3099975585938
2012-11-14,BKNG,635.2100219726562,615.77001953125,634.030029296875,616.4000244140625,730400.0,616.4000244140625
2012-11-15,BKNG,622.5,611.5499877929688,614.989990234375,617.52001953125,649200.0,617.52001953125
2012-11-16,BKNG,623.6900024414062,611.2999877929688,616.9400024414062,614.780029296875,883300.0,614.780029296875
2012-11-19,BKNG,629.0,620.7899780273438,624.5399780273438,625.5,510000.0,625.5
2012-11-20,BKNG,639.0,624.6900024414062,627.52001953125,635.5800170898438,576900.0,635.5800170898438
2012-11-21,BKNG,643.489990234375,634.8499755859375,636.22998046875,639.5800170898438,364900.0,639.5800170898438
2012-11-23,BKNG,643.0900268554688,636.780029296875,642.030029296875,641.9099731445312,196700.0,641.9099731445312
2012-11-26,BKNG,643.5,636.5599975585938,640.8699951171875,639.989990234375,287400.0,639.989990234375
2012-11-27,BKNG,644.9199829101562,633.8499755859375,638.8599853515625,636.75,444600.0,636.75
2012-11-28,BKNG,659.8900146484375,632.780029296875,635.9199829101562,658.0499877929688,817200.0,658.0499877929688
2012-11-29,BKNG,672.4400024414062,660.0,661.25,665.739990234375,1087600.0,665.739990234375
2012-11-30,BKNG,666.2999877929688,656.6599731445312,663.239990234375,663.1900024414062,645600.0,663.1900024414062
2012-12-03,BKNG,679.22998046875,665.8800048828125,670.0,667.7999877929688,879000.0,667.7999877929688
2012-12-04,BKNG,668.97998046875,659.510009765625,665.5,663.8099975585938,470200.0,663.8099975585938
2012-12-05,BKNG,667.5999755859375,654.1300048828125,664.3800048828125,664.22998046875,449800.0,664.22998046875
2012-12-06,BKNG,670.3599853515625,658.010009765625,664.0,664.1400146484375,447400.0,664.1400146484375
2012-12-07,BKNG,672.9500122070312,656.6500244140625,667.0,659.0999755859375,542600.0,659.0999755859375
2012-12-10,BKNG,649.989990234375,623.0999755859375,645.8900146484375,625.9600219726562,1221800.0,625.9600219726562
2012-12-11,BKNG,634.4000244140625,621.0900268554688,631.010009765625,623.219970703125,845800.0,623.219970703125
2012-12-12,BKNG,631.97998046875,623.4199829101562,626.5,624.72998046875,690100.0,624.72998046875
2012-12-13,BKNG,628.3200073242188,607.5499877929688,625.510009765625,613.0800170898438,749400.0,613.0800170898438
2012-12-14,BKNG,617.9299926757812,609.4299926757812,610.3200073242188,613.5399780273438,393400.0,613.5399780273438
2012-12-17,BKNG,617.9000244140625,606.4500122070312,613.030029296875,616.8699951171875,538800.0,616.8699951171875
2012-12-18,BKNG,634.719970703125,618.52001953125,620.2999877929688,632.739990234375,664900.0,632.739990234375
2012-12-19,BKNG,638.6400146484375,626.0,632.739990234375,627.22998046875,597100.0,627.22998046875
2012-12-20,BKNG,633.8499755859375,622.8599853515625,628.97998046875,630.8300170898438,309200.0,630.8300170898438
2012-12-21,BKNG,625.6400146484375,612.1199951171875,622.6300048828125,618.8800048828125,936900.0,618.8800048828125
2012-12-24,BKNG,619.010009765625,612.25,614.3599853515625,617.3400268554688,178000.0,617.3400268554688
2012-12-26,BKNG,617.4600219726562,600.3900146484375,615.1599731445312,602.3699951171875,489100.0,602.3699951171875
2012-12-27,BKNG,612.3400268554688,597.1500244140625,604.4299926757812,610.030029296875,410900.0,610.030029296875
2012-12-28,BKNG,614.239990234375,604.0999755859375,606.5999755859375,608.8800048828125,362900.0,608.8800048828125
2012-12-31,BKNG,623.0,601.5,607.1500244140625,620.3900146484375,584600.0,620.3900146484375
2013-01-02,BKNG,641.9299926757812,627.6699829101562,637.8300170898438,638.4000244140625,681000.0,638.4000244140625
2013-01-03,BKNG,659.0,645.8699951171875,652.5900268554688,648.72998046875,925600.0,648.72998046875
2013-01-04,BKNG,649.8699951171875,642.0,648.25,648.4099731445312,404500.0,648.4099731445312
2013-01-07,BKNG,659.989990234375,644.3699951171875,648.0,657.3800048828125,557200.0,657.3800048828125
2013-01-08,BKNG,662.97998046875,654.2999877929688,657.719970703125,657.4199829101562,455600.0,657.4199829101562
2013-01-09,BKNG,658.22998046875,650.1799926757812,655.9199829101562,651.5900268554688,306900.0,651.5900268554688
2013-01-10,BKNG,657.8300170898438,645.5499877929688,655.239990234375,653.6199951171875,385600.0,653.6199951171875
2013-01-11,BKNG,657.3800048828125,650.3499755859375,653.47998046875,655.489990234375,368200.0,655.489990234375
2013-01-14,BKNG,667.8699951171875,657.25,657.77001953125,662.9199829101562,523700.0,662.9199829101562
2013-01-15,BKNG,665.7899780273438,653.5399780273438,658.3800048828125,663.3499755859375,397900.0,663.3499755859375
2013-01-16,BKNG,671.0,658.25,661.0999755859375,667.8400268554688,396500.0,667.8400268554688
2013-01-17,BKNG,675.2999877929688,661.3400268554688,670.72998046875,669.8900146484375,547300.0,669.8900146484375
2013-01-18,BKNG,677.0800170898438,668.5499877929688,669.969970703125,672.719970703125,598600.0,672.719970703125
2013-01-22,BKNG,678.8800048828125,668.510009765625,671.5,671.27001953125,552300.0,671.27001953125
2013-01-23,BKNG,675.989990234375,668.1099853515625,674.9099731445312,672.260009765625,365300.0,672.260009765625
2013-01-24,BKNG,681.719970703125,670.8699951171875,671.8400268554688,679.5499877929688,630600.0,679.5499877929688
2013-01-25,BKNG,719.3699951171875,681.0499877929688,682.0,718.8200073242188,1573100.0,718.8200073242188
2013-01-28,BKNG,721.9600219726562,700.4000244140625,718.6500244140625,704.97998046875,925600.0,704.97998046875
2013-01-29,BKNG,710.5800170898438,694.02001953125,703.1599731445312,700.2899780273438,528800.0,700.2899780273438
2013-01-30,BKNG,705.4299926757812,694.0,701.9000244140625,695.0900268554688,429000.0,695.0900268554688
2013-01-31,BKNG,687.3400268554688,673.719970703125,675.9600219726562,685.469970703125,1053800.0,685.469970703125
2013-02-01,BKNG,698.030029296875,684.6799926757812,693.1199951171875,685.5599975585938,915100.0,685.5599975585938
2013-02-04,BKNG,686.010009765625,678.72998046875,681.8599853515625,679.2899780273438,507200.0,679.2899780273438
2013-02-05,BKNG,697.780029296875,683.02001953125,683.8900146484375,691.5700073242188,548600.0,691.5700073242188
2013-02-06,BKNG,704.1699829101562,690.0,693.77001953125,694.0999755859375,652200.0,694.0999755859375
2013-02-07,BKNG,697.4600219726562,679.6500244140625,694.0999755859375,690.6900024414062,444400.0,690.6900024414062
2013-02-08,BKNG,702.0399780273438,691.469970703125,693.5499877929688,700.8300170898438,468400.0,700.8300170898438
2013-02-11,BKNG,700.0,692.1599731445312,699.6799926757812,696.1099853515625,301600.0,696.1099853515625
2013-02-12,BKNG,705.77001953125,695.3699951171875,696.7999877929688,703.3800048828125,487100.0,703.3800048828125
2013-02-13,BKNG,708.0,698.9000244140625,703.0,704.1699829101562,334000.0,704.1699829101562
2013-02-14,BKNG,707.989990234375,697.6599731445312,699.9500122070312,705.6199951171875,345700.0,705.6199951171875
2013-02-15,BKNG,706.22998046875,698.5,704.2000122070312,702.260009765625,669800.0,702.260009765625
2013-02-19,BKNG,707.5700073242188,700.52001953125,703.1599731445312,703.469970703125,476700.0,703.469970703125
2013-02-20,BKNG,707.5700073242188,687.6400146484375,705.2100219726562,688.2000122070312,573400.0,688.2000122070312
2013-02-21,BKNG,690.5599975585938,675.1099853515625,688.5,683.3300170898438,1109600.0,683.3300170898438
2013-02-22,BKNG,689.9000244140625,680.9199829101562,688.5,684.7000122070312,543100.0,684.7000122070312
2013-02-25,BKNG,692.7899780273438,671.5399780273438,686.9400024414062,671.5399780273438,713300.0,671.5399780273438
2013-02-26,BKNG,680.5,665.0499877929688,671.6500244140625,678.489990234375,1314600.0,678.489990234375
2013-02-27,BKNG,712.5,692.0,709.0499877929688,695.9099731445312,2010300.0,695.9099731445312
2013-02-28,BKNG,697.719970703125,680.6900024414062,696.2999877929688,689.1099853515625,1088200.0,689.1099853515625
2013-03-01,BKNG,698.77001953125,683.6799926757812,689.0499877929688,695.6199951171875,1009200.0,695.6199951171875
2013-03-04,BKNG,714.7100219726562,692.469970703125,694.5499877929688,714.010009765625,890600.0,714.010009765625
2013-03-05,BKNG,723.0499877929688,715.2999877929688,716.0,718.4099731445312,708000.0,718.4099731445312
2013-03-06,BKNG,728.7000122070312,717.030029296875,721.0700073242188,718.9000244140625,492100.0,718.9000244140625
2013-03-07,BKNG,723.739990234375,716.530029296875,722.1500244140625,719.030029296875,462700.0,719.030029296875
2013-03-08,BKNG,724.2999877929688,716.02001953125,722.0599975585938,720.9199829101562,470800.0,720.9199829101562
2013-03-11,BKNG,725.9199829101562,719.7899780273438,721.010009765625,725.0700073242188,459700.0,725.0700073242188
2013-03-12,BKNG,727.3800048828125,714.5599975585938,723.0,722.0399780273438,523600.0,722.0399780273438
2013-03-13,BKNG,723.72998046875,714.530029296875,723.0,715.530029296875,376200.0,715.530029296875
2013-03-14,BKNG,717.7999877929688,708.8599853515625,715.4000244140625,713.1500244140625,383400.0,713.1500244140625
2013-03-15,BKNG,716.4400024414062,711.0599975585938,711.6099853515625,713.5,697900.0,713.5
2013-03-18,BKNG,707.6199951171875,694.9000244140625,706.4299926757812,696.8099975585938,597400.0,696.8099975585938
2013-03-19,BKNG,702.6900024414062,679.7100219726562,697.530029296875,684.1500244140625,940600.0,684.1500244140625
2013-03-20,BKNG,691.219970703125,685.530029296875,689.6799926757812,687.5800170898438,379200.0,687.5800170898438
2013-03-21,BKNG,699.489990234375,683.510009765625,688.4400024414062,683.989990234375,537100.0,683.989990234375
2013-03-22,BKNG,697.9199829101562,686.0,689.3599853515625,697.9099731445312,557500.0,697.9099731445312
2013-03-25,BKNG,703.5,693.2999877929688,700.02001953125,695.6400146484375,370500.0,695.6400146484375
2013-03-26,BKNG,700.0,693.239990234375,697.8800048828125,694.5900268554688,278800.0,694.5900268554688
2013-03-27,BKNG,695.530029296875,682.5,687.5999755859375,694.8599853515625,407200.0,694.8599853515625
2013-03-28,BKNG,694.7999877929688,686.010009765625,694.2999877929688,688.1599731445312,539700.0,688.1599731445312
2013-04-01,BKNG,697.9199829101562,686.8099975585938,689.0800170898438,695.760009765625,578700.0,695.760009765625
2013-04-02,BKNG,706.0,698.52001953125,701.489990234375,705.9099731445312,512300.0,705.9099731445312
2013-04-03,BKNG,707.27001953125,697.1099853515625,706.239990234375,698.719970703125,505800.0,698.719970703125
2013-04-04,BKNG,702.1300048828125,689.0,698.0,701.3499755859375,469900.0,701.3499755859375
2013-04-05,BKNG,697.760009765625,687.4199829101562,693.219970703125,693.3099975585938,481200.0,693.3099975585938
2013-04-08,BKNG,696.8099975585938,688.0999755859375,691.760009765625,696.530029296875,292900.0,696.530029296875
2013-04-09,BKNG,700.7100219726562,690.6500244140625,696.0,696.1300048828125,321300.0,696.1300048828125
2013-04-10,BKNG,719.7100219726562,697.239990234375,699.0499877929688,718.9400024414062,652100.0,718.9400024414062
2013-04-11,BKNG,735.2899780273438,718.719970703125,720.9099731445312,733.989990234375,725000.0,733.989990234375
2013-04-12,BKNG,745.239990234375,722.4500122070312,732.77001953125,743.1099853515625,972700.0,743.1099853515625
2013-04-15,BKNG,735.6300048828125,710.9299926757812,733.4500122070312,711.3800048828125,814400.0,711.3800048828125
2013-04-16,BKNG,723.3099975585938,713.47998046875,719.6199951171875,720.7000122070312,493600.0,720.7000122070312
2013-04-17,BKNG,716.02001953125,702.4000244140625,714.989990234375,708.7999877929688,606500.0,708.7999877929688
2013-04-18,BKNG,707.3599853515625,683.5399780273438,707.0700073242188,690.010009765625,800400.0,690.010009765625
2013-04-19,BKNG,697.9000244140625,682.3099975585938,686.9299926757812,683.5700073242188,831800.0,683.5700073242188
2013-04-22,BKNG,691.5900268554688,677.719970703125,685.010009765625,690.8699951171875,520200.0,690.8699951171875
2013-04-23,BKNG,707.4099731445312,692.4600219726562,692.75,702.3499755859375,468000.0,702.3499755859375
2013-04-24,BKNG,704.530029296875,693.719970703125,702.97998046875,700.7999877929688,280900.0,700.7999877929688
2013-04-25,BKNG,720.5,703.5,705.0,711.219970703125,561000.0,711.219970703125
2013-04-26,BKNG,710.7100219726562,693.9199829101562,705.9299926757812,701.1900024414062,740000.0,701.1900024414062
2013-04-29,BKNG,709.0499877929688,697.0599975585938,704.489990234375,699.4299926757812,572900.0,699.4299926757812
2013-04-30,BKNG,702.72998046875,693.489990234375,698.5499877929688,695.989990234375,484200.0,695.989990234375
2013-05-01,BKNG,700.0,691.0999755859375,696.5599975585938,694.0599975585938,454300.0,694.0599975585938
2013-05-02,BKNG,712.5999755859375,693.75,693.75,707.9500122070312,617900.0,707.9500122070312
2013-05-03,BKNG,728.5399780273438,716.8499755859375,717.4299926757812,724.77001953125,662900.0,724.77001953125
2013-05-06,BKNG,730.9500122070312,722.7000122070312,723.5,726.7100219726562,405900.0,726.7100219726562
2013-05-07,BKNG,730.989990234375,717.9000244140625,730.9600219726562,725.0499877929688,314700.0,725.0499877929688
2013-05-08,BKNG,736.0,726.1099853515625,726.219970703125,735.27001953125,461800.0,735.27001953125
2013-05-09,BKNG,744.97998046875,728.719970703125,735.0,737.5,1053800.0,737.5
2013-05-10,BKNG,769.6699829101562,742.0,742.0,765.4099731445312,2110500.0,765.4099731445312
2013-05-13,BKNG,779.25,758.3699951171875,761.0,777.4400024414062,786200.0,777.4400024414062
2013-05-14,BKNG,794.0,776.0399780273438,776.0399780273438,791.1400146484375,1015500.0,791.1400146484375
2013-05-15,BKNG,808.510009765625,789.9500122070312,790.0499877929688,805.75,927600.0,805.75
2013-05-16,BKNG,811.47998046875,797.5,806.0,800.0800170898438,898400.0,800.0800170898438
2013-05-17,BKNG,814.5800170898438,802.1799926757812,805.030029296875,813.6599731445312,784100.0,813.6599731445312
2013-05-20,BKNG,842.75,824.1900024414062,825.7000122070312,842.5,1331200.0,842.5
2013-05-21,BKNG,847.3300170898438,825.0599975585938,842.9000244140625,825.9600219726562,1115800.0,825.9600219726562
2013-05-22,BKNG,820.719970703125,795.3099975585938,803.4500122070312,798.030029296875,1857200.0,798.030029296875
2013-05-23,BKNG,805.6500244140625,784.3200073242188,789.0,803.5999755859375,906700.0,803.5999755859375
2013-05-24,BKNG,804.1799926757812,795.5499877929688,797.6500244140625,801.1199951171875,437900.0,801.1199951171875
2013-05-28,BKNG,819.989990234375,801.3099975585938,811.7999877929688,804.3300170898438,653300.0,804.3300170898438
2013-05-29,BKNG,801.6799926757812,789.4500122070312,796.1199951171875,792.27001953125,548600.0,792.27001953125
2013-05-30,BKNG,816.4000244140625,792.27001953125,795.0,807.5399780273438,1258800.0,807.5399780273438
2013-05-31,BKNG,819.97998046875,802.8699951171875,805.77001953125,803.9299926757812,826200.0,803.9299926757812
2013-06-03,BKNG,805.8599853515625,788.260009765625,805.1500244140625,802.6199951171875,626800.0,802.6199951171875
2013-06-04,BKNG,811.0,794.0499877929688,800.760009765625,798.6900024414062,533300.0,798.6900024414062
2013-06-05,BKNG,809.0,795.0,797.9500122070312,795.5,539000.0,795.5
2013-06-06,BKNG,806.030029296875,787.0,794.8499755859375,805.9000244140625,582700.0,805.9000244140625
2013-06-07,BKNG,819.239990234375,805.1099853515625,810.1799926757812,816.4500122070312,693100.0,816.4500122070312
2013-06-10,BKNG,825.0,815.0599975585938,819.2100219726562,823.4500122070312,524700.0,823.4500122070312
2013-06-11,BKNG,821.6699829101562,809.3300170898438,815.3200073242188,813.4199829101562,551200.0,813.4199829101562
2013-06-12,BKNG,821.5800170898438,802.6699829101562,821.47998046875,807.9000244140625,580700.0,807.9000244140625
2013-06-13,BKNG,815.8900146484375,803.489990234375,805.4299926757812,814.8200073242188,460500.0,814.8200073242188
2013-06-14,BKNG,817.489990234375,810.469970703125,812.5999755859375,815.75,572400.0,815.75
2013-06-17,BKNG,831.0900268554688,818.5999755859375,822.0,825.5399780273438,822500.0,825.5399780273438
2013-06-18,BKNG,839.4500122070312,826.52001953125,829.0800170898438,834.8200073242188,634300.0,834.8200073242188
2013-06-19,BKNG,839.6699829101562,827.52001953125,834.0,828.5499877929688,591300.0,828.5499877929688
2013-06-20,BKNG,830.3800048828125,812.4500122070312,822.5,815.6900024414062,873300.0,815.6900024414062
2013-06-21,BKNG,823.8599853515625,805.219970703125,820.739990234375,813.0499877929688,1026100.0,813.0499877929688
2013-06-24,BKNG,812.0,791.1500244140625,805.25,805.010009765625,869100.0,805.010009765625
2013-06-25,BKNG,817.5499877929688,805.030029296875,813.6799926757812,809.5700073242188,476300.0,809.5700073242188
2013-06-26,BKNG,823.8599853515625,814.4500122070312,815.7999877929688,819.5599975585938,583600.0,819.5599975585938
2013-06-27,BKNG,828.0599975585938,819.9000244140625,825.5,822.3900146484375,533400.0,822.3900146484375
2013-06-28,BKNG,830.0,819.72998046875,819.72998046875,826.6699829101562,509400.0,826.6699829101562
2013-07-01,BKNG,844.989990234375,831.1099853515625,832.0,840.72998046875,529200.0,840.72998046875
2013-07-02,BKNG,854.5999755859375,838.2000122070312,843.1099853515625,841.0599975585938,453200.0,841.0599975585938
2013-07-03,BKNG,847.3300170898438,836.0999755859375,836.47998046875,845.4000244140625,193800.0,845.4000244140625
2013-07-05,BKNG,856.1199951171875,840.0,850.489990234375,855.1599731445312,462300.0,855.1599731445312
2013-07-08,BKNG,889.4000244140625,872.2000122070312,874.6599731445312,888.6300048828125,1161700.0,888.6300048828125
2013-07-09,BKNG,900.4000244140625,880.0999755859375,891.5,897.0599975585938,908400.0,897.0599975585938
2013-07-10,BKNG,897.0,886.489990234375,894.4299926757812,892.3200073242188,522100.0,892.3200073242188
2013-07-11,BKNG,912.8599853515625,895.5999755859375,900.8499755859375,910.3499755859375,816700.0,910.3499755859375
2013-07-12,BKNG,920.9199829101562,907.47998046875,908.7100219726562,920.3900146484375,663400.0,920.3900146484375
2013-07-15,BKNG,926.4000244140625,910.7000122070312,922.5,911.6599731445312,581200.0,911.6599731445312
2013-07-16,BKNG,916.1199951171875,892.1400146484375,915.0,902.0499877929688,675700.0,902.0499877929688
2013-07-17,BKNG,912.7999877929688,900.02001953125,904.77001953125,906.6799926757812,538900.0,906.6799926757812
2013-07-18,BKNG,904.0,893.010009765625,903.4000244140625,899.5999755859375,502100.0,899.5999755859375
2013-07-19,BKNG,900.52001953125,889.0,900.52001953125,896.2899780273438,718500.0,896.2899780273438
2013-07-22,BKNG,908.0,898.3200073242188,901.0999755859375,900.47998046875,469000.0,900.47998046875
2013-07-23,BKNG,906.9500122070312,890.7999877929688,903.2000122070312,895.7899780273438,367600.0,895.7899780273438
2013-07-24,BKNG,905.6400146484375,892.0999755859375,901.3699951171875,894.02001953125,445600.0,894.02001953125
2013-07-25,BKNG,919.3900146484375,900.6099853515625,902.6900024414062,912.0,957600.0,912.0
2013-07-26,BKNG,907.25,884.0,885.6599731445312,900.0800170898438,1020500.0,900.0800170898438
2013-07-29,BKNG,904.6900024414062,886.6699829101562,900.5900268554688,888.1099853515625,444800.0,888.1099853515625
2013-07-30,BKNG,898.72998046875,881.0,894.719970703125,886.8599853515625,491100.0,886.8599853515625
2013-07-31,BKNG,890.1699829101562,875.1900024414062,890.1699829101562,875.6699829101562,654300.0,875.6699829101562
2013-08-01,BKNG,906.530029296875,883.280029296875,885.739990234375,904.3499755859375,1007800.0,904.3499755859375
2013-08-02,BKNG,913.8200073242188,899.239990234375,907.239990234375,908.3599853515625,673800.0,908.3599853515625
2013-08-05,BKNG,930.739990234375,910.260009765625,914.9000244140625,928.5800170898438,704500.0,928.5800170898438
2013-08-06,BKNG,940.0,923.3599853515625,935.6599731445312,935.3800048828125,934000.0,935.3800048828125
2013-08-07,BKNG,932.719970703125,912.72998046875,931.7899780273438,927.5800170898438,869600.0,927.5800170898438
2013-08-08,BKNG,937.0,915.9299926757812,936.0499877929688,933.75,1329400.0,933.75
2013-08-09,BKNG,994.97998046875,969.4500122070312,992.030029296875,969.8900146484375,2619700.0,969.8900146484375
2013-08-12,BKNG,969.6599731445312,956.9000244140625,966.3200073242188,958.02001953125,714100.0,958.02001953125
2013-08-13,BKNG,963.3699951171875,948.989990234375,960.4299926757812,953.6099853515625,670500.0,953.6099853515625
2013-08-14,BKNG,958.969970703125,938.97998046875,950.22998046875,940.0,835700.0,940.0
2013-08-15,BKNG,943.4099731445312,928.7999877929688,935.22998046875,938.7899780273438,823200.0,938.7899780273438
2013-08-16,BKNG,949.0,937.010009765625,940.2000122070312,940.0700073242188,820700.0,940.0700073242188
2013-08-19,BKNG,947.0,931.9000244140625,934.0,933.1300048828125,467000.0,933.1300048828125
2013-08-20,BKNG,942.1500244140625,932.6199951171875,933.469970703125,932.77001953125,342300.0,932.77001953125
2013-08-21,BKNG,951.0,932.0,936.489990234375,940.2000122070312,537200.0,940.2000122070312
2013-08-22,BKNG,954.4299926757812,943.510009765625,945.2899780273438,952.1500244140625,369200.0,952.1500244140625
2013-08-23,BKNG,956.8699951171875,951.0999755859375,956.5,954.22998046875,378600.0,954.22998046875
2013-08-26,BKNG,961.239990234375,948.719970703125,952.3099975585938,949.5399780273438,342000.0,949.5399780273438
2013-08-27,BKNG,944.27001953125,932.1099853515625,939.6500244140625,935.5999755859375,484600.0,935.5999755859375
2013-08-28,BKNG,939.1300048828125,930.8200073242188,935.77001953125,934.6099853515625,306700.0,934.6099853515625
2013-08-29,BKNG,946.8900146484375,932.989990234375,932.989990234375,940.6500244140625,331500.0,940.6500244140625
2013-08-30,BKNG,946.27001953125,935.0700073242188,942.0,938.530029296875,383100.0,938.530029296875
2013-09-03,BKNG,953.6500244140625,940.8400268554688,949.4000244140625,942.8300170898438,441600.0,942.8300170898438
2013-09-04,BKNG,952.6199951171875,937.2100219726562,945.0,952.4500122070312,444000.0,952.4500122070312
2013-09-05,BKNG,962.9600219726562,950.52001953125,950.9099731445312,957.7999877929688,317800.0,957.7999877929688
2013-09-06,BKNG,965.0,946.510009765625,962.4199829101562,959.1500244140625,592100.0,959.1500244140625
2013-09-09,BKNG,968.4400024414062,959.2100219726562,961.5,965.6599731445312,391700.0,965.6599731445312
2013-09-10,BKNG,979.9299926757812,968.5599975585938,970.75,977.5,407500.0,977.5
2013-09-11,BKNG,985.77001953125,970.8400268554688,977.4199829101562,981.5599975585938,348700.0,981.5599975585938
2013-09-12,BKNG,982.1300048828125,968.0800170898438,979.22998046875,969.7899780273438,310900.0,969.7899780273438
2013-09-13,BKNG,971.7000122070312,960.1699829101562,971.7000122070312,966.8200073242188,552700.0,966.8200073242188
2013-09-16,BKNG,979.989990234375,965.8900146484375,979.9000244140625,967.739990234375,451300.0,967.739990234375
2013-09-17,BKNG,973.4199829101562,962.0999755859375,965.969970703125,970.239990234375,279100.0,970.239990234375
2013-09-18,BKNG,1001.0,967.02001953125,967.260009765625,995.0900268554688,671200.0,995.0900268554688
2013-09-19,BKNG,1003.3099975585938,989.030029296875,997.47998046875,1000.6199951171875,539700.0,1000.6199951171875
2013-09-20,BKNG,1007.1500244140625,998.0800170898438,1000.7999877929688,1003.010009765625,609800.0,1003.010009765625
2013-09-23,BKNG,1008.5,986.0599975585938,1000.0,996.760009765625,445000.0,996.760009765625
2013-09-24,BKNG,1013.6300048828125,989.260009765625,997.72998046875,1005.989990234375,531200.0,1005.989990234375
2013-09-25,BKNG,1008.77001953125,996.1799926757812,1007.4000244140625,997.3200073242188,335900.0,997.3200073242188
2013-09-26,BKNG,1014.219970703125,999.47998046875,1002.4400024414062,1011.6099853515625,378800.0,1011.6099853515625
2013-09-27,BKNG,1019.9500122070312,1005.0999755859375,1007.6900024414062,1014.969970703125,447300.0,1014.969970703125
2013-09-30,BKNG,1017.489990234375,1003.0999755859375,1008.9299926757812,1010.9500122070312,467900.0,1010.9500122070312
2013-10-01,BKNG,1039.31005859375,1008.02001953125,1008.02001953125,1038.27001953125,598600.0,1038.27001953125
2013-10-02,BKNG,1073.0,1035.0,1035.6400146484375,1067.3800048828125,1154700.0,1067.3800048828125
2013-10-03,BKNG,1074.8900146484375,1043.31005859375,1065.6199951171875,1049.31005859375,726900.0,1049.31005859375
2013-10-04,BKNG,1064.0,1044.6700439453125,1051.989990234375,1062.1700439453125,557400.0,1062.1700439453125
2013-10-07,BKNG,1061.489990234375,1040.02001953125,1061.489990234375,1041.6800537109375,437400.0,1041.6800537109375
2013-10-08,BKNG,1044.6300048828125,983.0,1041.7900390625,998.1300048828125,1369200.0,998.1300048828125
2013-10-09,BKNG,1001.8300170898438,972.4000244140625,1001.8300170898438,989.030029296875,1054300.0,989.030029296875
2013-10-10,BKNG,1016.489990234375,1002.0,1006.4099731445312,1013.1900024414062,758500.0,1013.1900024414062
2013-10-11,BKNG,1028.3499755859375,1005.469970703125,1013.1900024414062,1010.6300048828125,830800.0,1010.6300048828125
2013-10-14,BKNG,1019.489990234375,993.75,1006.5599975585938,1017.6300048828125,431800.0,1017.6300048828125
2013-10-15,BKNG,1031.8800048828125,1013.0,1016.1500244140625,1021.510009765625,474800.0,1021.510009765625
2013-10-16,BKNG,1039.0,1025.9200439453125,1029.0,1035.199951171875,398100.0,1035.199951171875
2013-10-17,BKNG,1042.0,1025.8900146484375,1031.510009765625,1032.1500244140625,477100.0,1032.1500244140625
2013-10-18,BKNG,1056.02001953125,1045.02001953125,1050.0,1048.25,925700.0,1048.25
2013-10-21,BKNG,1089.75,1051.0,1053.2900390625,1087.0899658203125,700600.0,1087.0899658203125
2013-10-22,BKNG,1098.699951171875,1057.0899658203125,1094.3599853515625,1075.6300048828125,847800.0,1075.6300048828125
2013-10-23,BKNG,1078.06005859375,1056.030029296875,1073.47998046875,1065.969970703125,484300.0,1065.969970703125
2013-10-24,BKNG,1082.780029296875,1066.0,1074.0,1080.4000244140625,483300.0,1080.4000244140625
2013-10-25,BKNG,1088.6600341796875,1067.199951171875,1086.2099609375,1070.8499755859375,575500.0,1070.8499755859375
2013-10-28,BKNG,1075.0,1057.0,1072.4599609375,1060.1500244140625,371500.0,1060.1500244140625
2013-10-29,BKNG,1075.0,1055.0999755859375,1065.4300537109375,1069.52001953125,314500.0,1069.52001953125
2013-10-30,BKNG,1078.0,1058.4599609375,1074.9300537109375,1068.550048828125,362500.0,1068.550048828125
2013-10-31,BKNG,1082.0,1044.0,1082.0,1053.8299560546875,668000.0,1053.8299560546875
2013-11-01,BKNG,1056.8699951171875,1043.9599609375,1056.0,1052.5,534100.0,1052.5
2013-11-04,BKNG,1071.0799560546875,1047.0799560546875,1057.0699462890625,1070.5699462890625,533800.0,1070.5699462890625
2013-11-05,BKNG,1085.3900146484375,1060.0,1070.5699462890625,1082.22998046875,517000.0,1082.22998046875
2013-11-06,BKNG,1085.0,1051.3199462890625,1079.030029296875,1058.0400390625,686800.0,1058.0400390625
2013-11-07,BKNG,1062.5999755859375,1020.6900024414062,1056.6199951171875,1022.8900146484375,1328900.0,1022.8900146484375
2013-11-08,BKNG,1077.1400146484375,1041.6800537109375,1055.9599609375,1073.199951171875,1923900.0,1073.199951171875
2013-11-11,BKNG,1109.5,1067.1099853515625,1068.449951171875,1096.5,896800.0,1096.5
2013-11-12,BKNG,1106.6500244140625,1092.550048828125,1103.02001953125,1099.489990234375,639200.0,1099.489990234375
2013-11-13,BKNG,1125.8900146484375,1095.0799560546875,1097.3800048828125,1124.199951171875,882000.0,1124.199951171875
2013-11-14,BKNG,1143.260009765625,1128.9300537109375,1133.0,1137.43994140625,589300.0,1137.43994140625
2013-11-15,BKNG,1144.760009765625,1131.0999755859375,1143.489990234375,1139.530029296875,706500.0,1139.530029296875
2013-11-18,BKNG,1145.0,1120.9599609375,1139.5,1127.9300537109375,614900.0,1127.9300537109375
2013-11-19,BKNG,1133.77001953125,1110.0,1125.02001953125,1118.4200439453125,539600.0,1118.4200439453125
2013-11-20,BKNG,1163.97998046875,1139.449951171875,1148.300048828125,1147.0899658203125,975200.0,1147.0899658203125
2013-11-21,BKNG,1163.489990234375,1151.0699462890625,1157.6400146484375,1159.1099853515625,493500.0,1159.1099853515625
2013-11-22,BKNG,1163.25,1152.8299560546875,1160.0,1158.989990234375,369900.0,1158.989990234375
2013-11-25,BKNG,1165.5799560546875,1156.3900146484375,1164.22998046875,1159.1700439453125,361000.0,1159.1700439453125
2013-11-26,BKNG,1182.5999755859375,1155.5999755859375,1162.949951171875,1177.97998046875,575400.0,1177.97998046875
2013-11-27,BKNG,1193.469970703125,1179.010009765625,1182.4000244140625,1187.18994140625,437800.0,1187.18994140625
2013-11-29,BKNG,1198.75,1190.1500244140625,1194.199951171875,1192.3299560546875,327500.0,1192.3299560546875
2013-12-02,BKNG,1196.5899658203125,1179.27001953125,1196.0999755859375,1188.5,435500.0,1188.5
2013-12-03,BKNG,1182.9000244140625,1171.1199951171875,1181.1600341796875,1176.47998046875,483200.0,1176.47998046875
2013-12-04,BKNG,1184.989990234375,1166.5400390625,1171.5899658203125,1181.6700439453125,462700.0,1181.6700439453125
2013-12-05,BKNG,1180.93994140625,1169.93994140625,1180.68994140625,1174.3900146484375,383700.0,1174.3900146484375
2013-12-06,BKNG,1189.0,1172.760009765625,1189.0,1180.4000244140625,417000.0,1180.4000244140625
2013-12-09,BKNG,1187.0,1174.699951171875,1183.06005859375,1178.6800537109375,482400.0,1178.6800537109375
2013-12-10,BKNG,1192.260009765625,1175.6199951171875,1178.0,1188.9200439453125,438700.0,1188.9200439453125
2013-12-11,BKNG,1198.5,1175.0999755859375,1192.5899658203125,1178.1099853515625,581900.0,1178.1099853515625
2013-12-12,BKNG,1183.469970703125,1171.02001953125,1174.56005859375,1175.239990234375,404900.0,1175.239990234375
2013-12-13,BKNG,1182.050048828125,1169.1800537109375,1182.030029296875,1171.27001953125,485300.0,1171.27001953125
2013-12-16,BKNG,1178.6600341796875,1168.0,1170.5999755859375,1174.25,430700.0,1174.25
2013-12-17,BKNG,1175.0,1156.2099609375,1174.0899658203125,1160.9000244140625,593200.0,1160.9000244140625
2013-12-18,BKNG,1188.6199951171875,1145.0,1161.4300537109375,1187.989990234375,878400.0,1187.989990234375
2013-12-19,BKNG,1194.0,1183.719970703125,1187.9000244140625,1191.5699462890625,602700.0,1191.5699462890625
2013-12-20,BKNG,1196.68994140625,1188.9000244140625,1194.75,1190.949951171875,775800.0,1190.949951171875
2013-12-23,BKNG,1194.469970703125,1180.0400390625,1194.469970703125,1187.25,512500.0,1187.25
2013-12-24,BKNG,1188.4000244140625,1179.800048828125,1185.5799560546875,1179.9000244140625,254600.0,1179.9000244140625
2013-12-26,BKNG,1189.8499755859375,1178.0799560546875,1183.199951171875,1189.8499755859375,308100.0,1189.8499755859375
2013-12-27,BKNG,1191.739990234375,1168.6600341796875,1191.7099609375,1170.31005859375,516200.0,1170.31005859375
2013-12-30,BKNG,1172.3499755859375,1151.0,1172.3499755859375,1152.8900146484375,645700.0,1152.8900146484375
2013-12-31,BKNG,1162.4000244140625,1154.010009765625,1155.9300537109375,1162.4000244140625,444000.0,1162.4000244140625
2014-01-02,BKNG,1161.2900390625,1140.0,1159.969970703125,1145.43994140625,653300.0,1145.43994140625
2014-01-03,BKNG,1152.68994140625,1131.43994140625,1147.0,1132.6800537109375,622900.0,1132.6800537109375
2014-01-06,BKNG,1144.43994140625,1113.010009765625,1132.280029296875,1139.530029296875,656600.0,1139.530029296875
2014-01-07,BKNG,1165.8900146484375,1142.0,1146.8199462890625,1163.0699462890625,669400.0,1163.0699462890625
2014-01-08,BKNG,1168.0999755859375,1156.510009765625,1163.989990234375,1157.5,508700.0,1157.5
2014-01-09,BKNG,1162.8299560546875,1144.25,1157.949951171875,1153.68994140625,474800.0,1153.68994140625
2014-01-10,BKNG,1156.4100341796875,1142.43994140625,1156.4100341796875,1148.8399658203125,489700.0,1148.8399658203125
2014-01-13,BKNG,1163.47998046875,1133.6400146484375,1142.5699462890625,1139.719970703125,612800.0,1139.719970703125
2014-01-14,BKNG,1160.9000244140625,1133.030029296875,1138.8199462890625,1159.2099609375,624000.0,1159.2099609375
2014-01-15,BKNG,1174.3399658203125,1160.0999755859375,1160.0999755859375,1172.8599853515625,576400.0,1172.8599853515625
2014-01-16,BKNG,1189.989990234375,1170.52001953125,1170.52001953125,1184.6500244140625,786400.0,1184.6500244140625
2014-01-17,BKNG,1186.8599853515625,1167.4300537109375,1185.2099609375,1178.0400390625,610100.0,1178.0400390625
2014-01-21,BKNG,1206.97998046875,1176.5,1181.5,1205.949951171875,754700.0,1205.949951171875
2014-01-22,BKNG,1214.18994140625,1204.469970703125,1207.989990234375,1213.2900390625,632200.0,1213.2900390625
2014-01-23,BKNG,1214.969970703125,1196.1500244140625,1207.0,1208.8599853515625,531700.0,1208.8599853515625
2014-01-24,BKNG,1203.1600341796875,1172.6400146484375,1195.0,1179.9300537109375,867000.0,1179.9300537109375
2014-01-27,BKNG,1186.989990234375,1138.219970703125,1181.0699462890625,1143.239990234375,1203000.0,1143.239990234375
2014-01-28,BKNG,1168.6400146484375,1150.1700439453125,1154.4000244140625,1162.530029296875,632500.0,1162.530029296875
2014-01-29,BKNG,1157.699951171875,1132.969970703125,1150.0,1133.7900390625,684900.0,1133.7900390625
2014-01-30,BKNG,1162.760009765625,1141.77001953125,1145.1600341796875,1160.0,791600.0,1160.0
2014-01-31,BKNG,1161.0400390625,1139.1700439453125,1143.43994140625,1144.8900146484375,810700.0,1144.8900146484375
2014-02-03,BKNG,1151.0899658203125,1107.25,1143.8299560546875,1113.489990234375,736600.0,1113.489990234375
2014-02-04,BKNG,1128.8299560546875,1107.199951171875,1117.93994140625,1126.1199951171875,553000.0,1126.1199951171875
2014-02-05,BKNG,1133.9200439453125,1103.9000244140625,1123.239990234375,1124.010009765625,532300.0,1124.010009765625
2014-02-06,BKNG,1145.510009765625,1125.989990234375,1128.4200439453125,1138.3399658203125,452200.0,1138.3399658203125
2014-02-07,BKNG,1196.56005859375,1157.530029296875,1159.3699951171875,1195.3900146484375,1393400.0,1195.3900146484375
2014-02-10,BKNG,1212.0,1187.0400390625,1190.989990234375,1207.8199462890625,584300.0,1207.8199462890625
2014-02-11,BKNG,1215.949951171875,1201.0699462890625,1207.0,1213.9300537109375,544200.0,1213.9300537109375
2014-02-12,BKNG,1249.5999755859375,1213.9300537109375,1222.93994140625,1246.6400146484375,1145800.0,1246.6400146484375
2014-02-13,BKNG,1282.5999755859375,1239.219970703125,1241.47998046875,1276.0699462890625,1222300.0,1276.0699462890625
2014-02-14,BKNG,1284.699951171875,1269.1500244140625,1276.0799560546875,1279.97998046875,906600.0,1279.97998046875
2014-02-18,BKNG,1313.8199462890625,1276.010009765625,1283.5999755859375,1301.6400146484375,1111300.0,1301.6400146484375
2014-02-19,BKNG,1309.0,1271.18994140625,1302.0,1273.760009765625,1065600.0,1273.760009765625
2014-02-20,BKNG,1286.0,1254.030029296875,1284.0999755859375,1283.0,1719100.0,1283.0
2014-02-21,BKNG,1333.1199951171875,1283.0,1327.8800048828125,1315.6500244140625,2073200.0,1315.6500244140625
2014-02-24,BKNG,1324.0,1304.1300048828125,1317.0,1313.6700439453125,825500.0,1313.6700439453125
2014-02-25,BKNG,1357.1600341796875,1315.1500244140625,1316.8900146484375,1353.489990234375,1215200.0,1353.489990234375
2014-02-26,BKNG,1375.4100341796875,1342.0,1358.52001953125,1356.93994140625,1097000.0,1356.93994140625
2014-02-27,BKNG,1363.0899658203125,1350.0,1357.1300048828125,1357.7900390625,629800.0,1357.7900390625
2014-02-28,BKNG,1367.050048828125,1339.4200439453125,1356.8499755859375,1348.8399658203125,926400.0,1348.8399658203125
2014-03-03,BKNG,1342.030029296875,1321.0,1330.93994140625,1338.239990234375,701400.0,1338.239990234375
2014-03-04,BKNG,1369.0,1347.010009765625,1349.2099609375,1368.3199462890625,670900.0,1368.3199462890625
2014-03-05,BKNG,1371.22998046875,1356.5,1365.969970703125,1370.4300537109375,476900.0,1370.4300537109375
2014-03-06,BKNG,1378.9599609375,1361.0999755859375,1370.75,1364.4000244140625,484500.0,1364.4000244140625
2014-03-07,BKNG,1373.8900146484375,1354.050048828125,1372.550048828125,1358.0400390625,562500.0,1358.0400390625
2014-03-10,BKNG,1358.8399658203125,1332.800048828125,1356.9300537109375,1343.43994140625,630400.0,1343.43994140625
2014-03-11,BKNG,1347.68994140625,1323.6199951171875,1347.68994140625,1326.300048828125,628100.0,1326.300048828125
2014-03-12,BKNG,1338.97998046875,1315.5,1322.969970703125,1332.5799560546875,633900.0,1332.5799560546875
2014-03-13,BKNG,1338.1400146484375,1294.6300048828125,1337.989990234375,1299.72998046875,967200.0,1299.72998046875
2014-03-14,BKNG,1296.969970703125,1267.050048828125,1294.97998046875,1267.9300537109375,865000.0,1267.9300537109375
2014-03-17,BKNG,1308.7900390625,1267.0,1273.1600341796875,1287.9599609375,900600.0,1287.9599609375
2014-03-18,BKNG,1305.3900146484375,1290.699951171875,1295.1800537109375,1304.4300537109375,566700.0,1304.4300537109375
2014-03-19,BKNG,1314.699951171875,1277.5699462890625,1307.68994140625,1287.22998046875,708400.0,1287.22998046875
2014-03-20,BKNG,1300.0,1272.1700439453125,1285.6700439453125,1292.3900146484375,636200.0,1292.3900146484375
2014-03-21,BKNG,1316.989990234375,1267.6400146484375,1316.989990234375,1268.8399658203125,1170000.0,1268.8399658203125
2014-03-24,BKNG,1275.989990234375,1211.9000244140625,1275.0,1227.9300537109375,1436700.0,1227.9300537109375
2014-03-25,BKNG,1244.800048828125,1203.280029296875,1232.0799560546875,1223.699951171875,1418700.0,1223.699951171875
2014-03-26,BKNG,1240.0,1188.5699462890625,1229.5699462890625,1188.77001953125,1065800.0,1188.77001953125
2014-03-27,BKNG,1191.969970703125,1156.4100341796875,1188.77001953125,1182.25,1630100.0,1182.25
2014-03-28,BKNG,1214.6300048828125,1182.6199951171875,1189.1800537109375,1192.010009765625,1164800.0,1192.010009765625
2014-03-31,BKNG,1214.5699462890625,1190.260009765625,1205.4599609375,1191.8900146484375,776700.0,1191.8900146484375
2014-04-01,BKNG,1251.8399658203125,1201.1099853515625,1203.2099609375,1251.3699951171875,1210600.0,1251.3699951171875
2014-04-02,BKNG,1276.739990234375,1249.510009765625,1256.18994140625,1266.6600341796875,1018000.0,1266.6600341796875
2014-04-03,BKNG,1265.8199462890625,1224.010009765625,1265.0,1237.449951171875,1061200.0,1237.449951171875
2014-04-04,BKNG,1249.989990234375,1177.949951171875,1248.0,1178.0799560546875,2047200.0,1178.0799560546875
2014-04-07,BKNG,1189.8599853515625,1138.0,1167.5,1169.72998046875,1752800.0,1169.72998046875
2014-04-08,BKNG,1196.989990234375,1168.010009765625,1175.1600341796875,1187.5400390625,1303100.0,1187.5400390625
2014-04-09,BKNG,1235.0899658203125,1185.3499755859375,1197.3599853515625,1234.6300048828125,1487500.0,1234.6300048828125
2014-04-10,BKNG,1234.8499755859375,1174.0799560546875,1231.719970703125,1177.300048828125,1558400.0,1177.300048828125
2014-04-11,BKNG,1177.0899658203125,1147.4599609375,1160.010009765625,1156.2099609375,1610700.0,1156.2099609375
2014-04-14,BKNG,1187.969970703125,1152.739990234375,1168.27001953125,1167.2099609375,976500.0,1167.2099609375
2014-04-15,BKNG,1182.3800048828125,1141.3299560546875,1171.969970703125,1169.75,1028800.0,1169.75
2014-04-16,BKNG,1213.300048828125,1174.1800537109375,1177.5,1212.25,1412500.0,1212.25
2014-04-17,BKNG,1224.6199951171875,1203.0,1205.739990234375,1208.3599853515625,1059700.0,1208.3599853515625
2014-04-21,BKNG,1224.1400146484375,1204.3699951171875,1212.5999755859375,1221.0400390625,572100.0,1221.0400390625
2014-04-22,BKNG,1237.1500244140625,1220.1500244140625,1226.77001953125,1230.0,669800.0,1230.0
2014-04-23,BKNG,1234.75,1213.7099609375,1231.72998046875,1219.949951171875,581900.0,1219.949951171875
2014-04-24,BKNG,1235.449951171875,1203.7099609375,1232.0,1217.030029296875,611300.0,1217.030029296875
2014-04-25,BKNG,1212.0,1154.0,1212.0,1157.239990234375,1395900.0,1157.239990234375
2014-04-28,BKNG,1158.989990234375,1107.27001953125,1158.0,1139.719970703125,1538900.0,1139.719970703125
2014-04-29,BKNG,1165.0,1133.199951171875,1147.5799560546875,1154.8399658203125,788000.0,1154.8399658203125
2014-04-30,BKNG,1159.93994140625,1137.77001953125,1145.219970703125,1157.75,621700.0,1157.75
2014-05-01,BKNG,1193.780029296875,1156.3900146484375,1163.9200439453125,1180.5999755859375,929400.0,1180.5999755859375
2014-05-02,BKNG,1196.18994140625,1170.52001953125,1188.5799560546875,1179.9300537109375,692400.0,1179.9300537109375
2014-05-05,BKNG,1193.43994140625,1160.02001953125,1170.1500244140625,1191.6099853515625,493600.0,1191.6099853515625
2014-05-06,BKNG,1191.5400390625,1166.5699462890625,1190.219970703125,1168.3599853515625,600600.0,1168.3599853515625
2014-05-07,BKNG,1174.0,1124.4100341796875,1173.010009765625,1131.739990234375,1155100.0,1131.739990234375
2014-05-08,BKNG,1152.97998046875,1087.260009765625,1096.6099853515625,1108.0,2618500.0,1108.0
2014-05-09,BKNG,1138.4599609375,1111.52001953125,1115.6099853515625,1135.9100341796875,1192700.0,1135.9100341796875
2014-05-12,BKNG,1165.8900146484375,1143.010009765625,1143.969970703125,1163.3199462890625,777600.0,1163.3199462890625
2014-05-13,BKNG,1172.0,1157.489990234375,1163.5899658203125,1159.9100341796875,593800.0,1159.9100341796875
2014-05-14,BKNG,1166.52001953125,1141.1600341796875,1158.5699462890625,1145.81005859375,638400.0,1145.81005859375
2014-05-15,BKNG,1143.0,1118.1400146484375,1142.949951171875,1136.25,859200.0,1136.25
2014-05-16,BKNG,1139.0,1121.3599853515625,1136.27001953125,1137.1600341796875,790700.0,1137.1600341796875
2014-05-19,BKNG,1162.3499755859375,1128.9300537109375,1131.77001953125,1158.7900390625,777900.0,1158.7900390625
2014-05-20,BKNG,1166.6199951171875,1143.530029296875,1161.4100341796875,1150.280029296875,636500.0,1150.280029296875
2014-05-21,BKNG,1177.8800048828125,1149.3199462890625,1158.5999755859375,1177.43994140625,686300.0,1177.43994140625
2014-05-22,BKNG,1186.0,1171.949951171875,1177.0,1178.06005859375,560200.0,1178.06005859375
2014-05-23,BKNG,1197.47998046875,1175.2099609375,1179.0999755859375,1197.1199951171875,527400.0,1197.1199951171875
2014-05-27,BKNG,1259.8399658203125,1206.1600341796875,1206.1600341796875,1259.1099853515625,1348700.0,1259.1099853515625
2014-05-28,BKNG,1275.0,1246.050048828125,1256.5,1270.02001953125,894800.0,1270.02001953125
2014-05-29,BKNG,1292.6600341796875,1266.0,1270.739990234375,1291.72998046875,810500.0,1291.72998046875
2014-05-30,BKNG,1292.3299560546875,1269.050048828125,1292.3299560546875,1278.6300048828125,906100.0,1278.6300048828125
2014-06-02,BKNG,1286.0,1260.239990234375,1281.0,1278.800048828125,519600.0,1278.800048828125
2014-06-03,BKNG,1273.6199951171875,1256.25,1271.489990234375,1265.510009765625,625800.0,1265.510009765625
2014-06-04,BKNG,1262.0,1244.6500244140625,1261.0,1245.969970703125,674700.0,1245.969970703125
2014-06-05,BKNG,1259.949951171875,1245.6300048828125,1252.3699951171875,1247.9599609375,686500.0,1247.9599609375
2014-06-06,BKNG,1258.1600341796875,1234.0999755859375,1254.4000244140625,1238.0799560546875,631800.0,1238.0799560546875
2014-06-09,BKNG,1250.0,1228.6300048828125,1241.050048828125,1229.9200439453125,590700.0,1229.9200439453125
2014-06-10,BKNG,1240.8900146484375,1218.9599609375,1230.010009765625,1222.8800048828125,588200.0,1222.8800048828125
2014-06-11,BKNG,1250.0899658203125,1213.0400390625,1214.0,1248.719970703125,747800.0,1248.719970703125
2014-06-12,BKNG,1264.800048828125,1222.0,1249.3199462890625,1226.0,965800.0,1226.0
2014-06-13,BKNG,1234.969970703125,1186.6400146484375,1224.9300537109375,1189.300048828125,1730000.0,1189.300048828125
2014-06-16,BKNG,1209.550048828125,1183.0,1191.3800048828125,1202.47998046875,751500.0,1202.47998046875
2014-06-17,BKNG,1213.22998046875,1187.0,1202.550048828125,1196.510009765625,687500.0,1196.510009765625
2014-06-18,BKNG,1218.5999755859375,1187.9200439453125,1200.3499755859375,1216.8800048828125,722000.0,1216.8800048828125
2014-06-19,BKNG,1221.02001953125,1199.52001953125,1220.8199462890625,1206.8299560546875,580300.0,1206.8299560546875
2014-06-20,BKNG,1214.989990234375,1196.010009765625,1209.1400146484375,1203.1700439453125,902200.0,1203.1700439453125
2014-06-23,BKNG,1208.4100341796875,1195.030029296875,1200.1199951171875,1205.5999755859375,421200.0,1205.5999755859375
2014-06-24,BKNG,1222.5899658203125,1199.0,1207.0,1204.72998046875,764900.0,1204.72998046875
2014-06-25,BKNG,1224.5799560546875,1199.0,1201.530029296875,1221.449951171875,592200.0,1221.449951171875
2014-06-26,BKNG,1230.0799560546875,1213.72998046875,1228.260009765625,1217.699951171875,555200.0,1217.699951171875
2014-06-27,BKNG,1221.949951171875,1205.469970703125,1211.010009765625,1205.469970703125,566800.0,1205.469970703125
2014-06-30,BKNG,1215.010009765625,1202.5,1205.2099609375,1203.0,578600.0,1203.0
2014-07-01,BKNG,1249.0,1216.75,1217.699951171875,1246.77001953125,1005000.0,1246.77001953125
2014-07-02,BKNG,1252.6099853515625,1233.3499755859375,1251.1300048828125,1237.8399658203125,617600.0,1237.8399658203125
2014-07-03,BKNG,1247.43994140625,1238.0699462890625,1246.0400390625,1243.1199951171875,328500.0,1243.1199951171875
2014-07-07,BKNG,1264.5,1239.3800048828125,1242.5999755859375,1252.4000244140625,685700.0,1252.4000244140625
2014-07-08,BKNG,1247.4300537109375,1208.1700439453125,1241.8800048828125,1225.22998046875,1112300.0,1225.22998046875
2014-07-09,BKNG,1240.0899658203125,1225.1199951171875,1231.5,1236.3699951171875,752500.0,1236.3699951171875
2014-07-10,BKNG,1226.47998046875,1209.050048828125,1211.8499755859375,1216.1300048828125,765500.0,1216.1300048828125
2014-07-11,BKNG,1223.5799560546875,1211.8299560546875,1222.6400146484375,1214.9200439453125,609900.0,1214.9200439453125
2014-07-14,BKNG,1236.0,1215.510009765625,1221.5,1228.489990234375,590100.0,1228.489990234375
2014-07-15,BKNG,1238.760009765625,1219.1600341796875,1231.199951171875,1231.0,622900.0,1231.0
2014-07-16,BKNG,1243.260009765625,1223.0,1241.7099609375,1223.6500244140625,577300.0,1223.6500244140625
2014-07-17,BKNG,1229.0,1197.010009765625,1218.52001953125,1201.3699951171875,932700.0,1201.3699951171875
2014-07-18,BKNG,1212.8900146484375,1199.8900146484375,1206.1500244140625,1212.780029296875,795500.0,1212.780029296875
2014-07-21,BKNG,1217.93994140625,1203.050048828125,1211.550048828125,1215.9200439453125,535800.0,1215.9200439453125
2014-07-22,BKNG,1232.75,1216.800048828125,1223.8299560546875,1230.6600341796875,571900.0,1230.6600341796875
2014-07-23,BKNG,1242.4000244140625,1228.5999755859375,1228.5999755859375,1238.6800537109375,516700.0,1238.6800537109375
2014-07-24,BKNG,1247.31005859375,1228.27001953125,1234.3399658203125,1236.72998046875,621800.0,1236.72998046875
2014-07-25,BKNG,1239.3499755859375,1224.280029296875,1235.6500244140625,1227.780029296875,662600.0,1227.780029296875
2014-07-28,BKNG,1242.8800048828125,1223.72998046875,1228.0,1239.2900390625,446400.0,1239.2900390625
2014-07-29,BKNG,1255.8399658203125,1242.3499755859375,1245.68994140625,1246.6099853515625,701300.0,1246.6099853515625
2014-07-30,BKNG,1258.510009765625,1249.9200439453125,1253.8199462890625,1255.949951171875,625700.0,1255.949951171875
2014-07-31,BKNG,1254.969970703125,1236.469970703125,1248.52001953125,1242.449951171875,822000.0,1242.449951171875
2014-08-01,BKNG,1255.6300048828125,1236.6600341796875,1247.0,1245.9000244140625,805900.0,1245.9000244140625
2014-08-04,BKNG,1307.0899658203125,1246.530029296875,1247.550048828125,1299.9200439453125,1367600.0,1299.9200439453125
2014-08-05,BKNG,1306.780029296875,1269.5400390625,1295.3800048828125,1281.2099609375,953400.0,1281.2099609375
2014-08-06,BKNG,1296.6400146484375,1268.510009765625,1275.0,1280.5699462890625,661900.0,1280.5699462890625
2014-08-07,BKNG,1303.6300048828125,1279.4000244140625,1303.1099853515625,1285.1099853515625,675000.0,1285.1099853515625
2014-08-08,BKNG,1289.9300537109375,1271.5400390625,1289.6099853515625,1281.56005859375,1029600.0,1281.56005859375
2014-08-11,BKNG,1329.9000244140625,1274.550048828125,1281.8499755859375,1309.280029296875,2051200.0,1309.280029296875
2014-08-12,BKNG,1320.9200439453125,1288.1199951171875,1312.2099609375,1294.3599853515625,794200.0,1294.3599853515625
2014-08-13,BKNG,1302.969970703125,1284.199951171875,1302.4200439453125,1293.75,728200.0,1293.75
2014-08-14,BKNG,1301.449951171875,1284.06005859375,1299.969970703125,1284.81005859375,713800.0,1284.81005859375
2014-08-15,BKNG,1293.6199951171875,1266.52001953125,1293.6199951171875,1270.1199951171875,1335800.0,1270.1199951171875
2014-08-18,BKNG,1288.27001953125,1273.52001953125,1274.5699462890625,1276.1800537109375,602400.0,1276.1800537109375
2014-08-19,BKNG,1281.260009765625,1268.1700439453125,1281.260009765625,1271.780029296875,422300.0,1271.780029296875
2014-08-20,BKNG,1276.0,1267.97998046875,1274.4000244140625,1273.3699951171875,358900.0,1273.3699951171875
2014-08-21,BKNG,1275.3499755859375,1264.260009765625,1273.3699951171875,1265.050048828125,402500.0,1265.050048828125
2014-08-22,BKNG,1277.9300537109375,1260.3800048828125,1268.489990234375,1277.5,601100.0,1277.5
2014-08-25,BKNG,1293.969970703125,1275.8499755859375,1286.81005859375,1277.010009765625,570600.0,1277.010009765625
2014-08-26,BKNG,1286.6600341796875,1270.27001953125,1280.43994140625,1277.52001953125,409800.0,1277.52001953125
2014-08-27,BKNG,1281.8399658203125,1259.5899658203125,1277.239990234375,1260.77001953125,567800.0,1260.77001953125
2014-08-28,BKNG,1260.1099853515625,1248.699951171875,1255.510009765625,1250.7099609375,480000.0,1250.7099609375
2014-08-29,BKNG,1255.8499755859375,1241.6199951171875,1255.239990234375,1244.31005859375,532700.0,1244.31005859375
2014-09-02,BKNG,1257.760009765625,1244.050048828125,1247.699951171875,1254.9000244140625,681700.0,1254.9000244140625
2014-09-03,BKNG,1262.949951171875,1232.6600341796875,1262.949951171875,1234.4000244140625,779300.0,1234.4000244140625
2014-09-04,BKNG,1243.9000244140625,1216.0,1242.3800048828125,1220.760009765625,967100.0,1220.760009765625
2014-09-05,BKNG,1211.4000244140625,1182.3599853515625,1210.0,1195.02001953125,1705300.0,1195.02001953125
2014-09-08,BKNG,1201.550048828125,1178.72998046875,1190.3299560546875,1198.8599853515625,966500.0,1198.8599853515625
2014-09-09,BKNG,1200.0,1173.699951171875,1198.5899658203125,1177.0799560546875,870500.0,1177.0799560546875
2014-09-10,BKNG,1189.3900146484375,1173.6099853515625,1176.989990234375,1188.6400146484375,685400.0,1188.6400146484375
2014-09-11,BKNG,1186.7900390625,1170.1500244140625,1183.6199951171875,1176.8499755859375,619200.0,1176.8499755859375
2014-09-12,BKNG,1177.8900146484375,1161.75,1175.52001953125,1163.93994140625,791900.0,1163.93994140625
2014-09-15,BKNG,1161.5,1139.27001953125,1161.1600341796875,1153.5899658203125,829000.0,1153.5899658203125
2014-09-16,BKNG,1179.56005859375,1149.31005859375,1149.8900146484375,1172.9200439453125,810000.0,1172.9200439453125
2014-09-17,BKNG,1184.760009765625,1162.8199462890625,1174.18994140625,1173.800048828125,644500.0,1173.800048828125
2014-09-18,BKNG,1198.489990234375,1175.7099609375,1179.4000244140625,1197.199951171875,871800.0,1197.199951171875
2014-09-19,BKNG,1205.5,1185.5,1205.0,1186.1199951171875,841000.0,1186.1199951171875
2014-09-22,BKNG,1181.3299560546875,1154.1500244140625,1181.3299560546875,1165.7900390625,679200.0,1165.7900390625
2014-09-23,BKNG,1177.5,1160.300048828125,1163.4000244140625,1166.3499755859375,651700.0,1166.3499755859375
2014-09-24,BKNG,1183.8699951171875,1157.1500244140625,1169.739990234375,1182.02001953125,564700.0,1182.02001953125
2014-09-25,BKNG,1182.56005859375,1159.3299560546875,1181.4300537109375,1164.030029296875,752700.0,1164.030029296875
2014-09-26,BKNG,1175.4200439453125,1161.010009765625,1166.6700439453125,1174.43994140625,689000.0,1174.43994140625
2014-09-29,BKNG,1164.4000244140625,1142.260009765625,1162.52001953125,1161.050048828125,861200.0,1161.050048828125
2014-09-30,BKNG,1169.0999755859375,1152.280029296875,1164.5,1158.5799560546875,661500.0,1158.5799560546875
2014-10-01,BKNG,1154.75,1131.31005859375,1154.2900390625,1137.6600341796875,958800.0,1137.6600341796875
2014-10-02,BKNG,1146.6300048828125,1119.050048828125,1140.0,1139.9100341796875,797800.0,1139.9100341796875
2014-10-03,BKNG,1152.550048828125,1140.0,1145.0,1141.4599609375,616900.0,1141.4599609375
2014-10-06,BKNG,1141.3399658203125,1116.4100341796875,1141.0,1119.8199462890625,964400.0,1119.8199462890625
2014-10-07,BKNG,1129.989990234375,1106.4599609375,1114.47998046875,1109.1500244140625,977400.0,1109.1500244140625
2014-10-08,BKNG,1127.8599853515625,1098.2099609375,1110.510009765625,1126.9200439453125,1046100.0,1126.9200439453125
2014-10-09,BKNG,1122.6199951171875,1099.010009765625,1120.1800537109375,1102.18994140625,1068500.0,1102.18994140625
2014-10-10,BKNG,1103.47998046875,1062.5699462890625,1094.800048828125,1063.6600341796875,1529100.0,1063.6600341796875
2014-10-13,BKNG,1072.8800048828125,1017.280029296875,1063.4100341796875,1040.699951171875,1867500.0,1040.699951171875
2014-10-14,BKNG,1061.0,1041.7099609375,1050.2099609375,1050.449951171875,1208600.0,1050.449951171875
2014-10-15,BKNG,1060.989990234375,1022.3300170898438,1031.3299560546875,1058.75,1610700.0,1058.75
2014-10-16,BKNG,1073.760009765625,1042.22998046875,1044.6700439453125,1073.18994140625,1059400.0,1073.18994140625
2014-10-17,BKNG,1094.5,1073.02001953125,1090.1700439453125,1077.27001953125,901500.0,1077.27001953125
2014-10-20,BKNG,1104.43994140625,1074.72998046875,1076.52001953125,1103.0699462890625,589700.0,1103.0699462890625
2014-10-21,BKNG,1136.8499755859375,1107.010009765625,1107.1600341796875,1132.969970703125,737800.0,1132.969970703125
2014-10-22,BKNG,1136.6300048828125,1109.7099609375,1134.8399658203125,1114.449951171875,595500.0,1114.449951171875
2014-10-23,BKNG,1141.4300537109375,1120.9000244140625,1125.1199951171875,1130.97998046875,709000.0,1130.97998046875
2014-10-24,BKNG,1140.81005859375,1123.7099609375,1130.8199462890625,1138.4300537109375,538700.0,1138.4300537109375
2014-10-27,BKNG,1143.97998046875,1129.6400146484375,1138.0,1134.260009765625,377300.0,1134.260009765625
2014-10-28,BKNG,1156.8699951171875,1133.7099609375,1135.0400390625,1156.6199951171875,501000.0,1156.6199951171875
2014-10-29,BKNG,1159.0,1143.050048828125,1156.4599609375,1144.219970703125,543800.0,1144.219970703125
2014-10-30,BKNG,1154.489990234375,1132.449951171875,1142.9200439453125,1146.5899658203125,542900.0,1146.5899658203125
2014-10-31,BKNG,1206.8299560546875,1172.510009765625,1175.5799560546875,1206.2099609375,1472100.0,1206.2099609375
2014-11-03,BKNG,1229.0,1197.0,1211.68994140625,1198.52001953125,1101800.0,1198.52001953125
2014-11-04,BKNG,1126.22998046875,1081.3900146484375,1113.1199951171875,1097.699951171875,3357200.0,1097.699951171875
2014-11-05,BKNG,1116.0,1086.1600341796875,1103.0,1095.3399658203125,1165000.0,1095.3399658203125
2014-11-06,BKNG,1100.2900390625,1082.800048828125,1096.97998046875,1097.75,741200.0,1097.75
2014-11-07,BKNG,1100.5799560546875,1088.9100341796875,1094.3499755859375,1094.6099853515625,611300.0,1094.6099853515625
2014-11-10,BKNG,1120.699951171875,1092.8499755859375,1092.8900146484375,1120.02001953125,882800.0,1120.02001953125
2014-11-11,BKNG,1168.6800537109375,1122.75,1123.0999755859375,1167.3599853515625,1389700.0,1167.3599853515625
2014-11-12,BKNG,1178.3900146484375,1154.3699951171875,1163.989990234375,1161.0,820200.0,1161.0
2014-11-13,BKNG,1174.0,1156.449951171875,1165.199951171875,1168.010009765625,709100.0,1168.010009765625
2014-11-14,BKNG,1175.050048828125,1163.3199462890625,1170.6400146484375,1172.9599609375,601300.0,1172.9599609375
2014-11-17,BKNG,1171.8199462890625,1148.8199462890625,1169.9599609375,1166.4100341796875,711900.0,1166.4100341796875
2014-11-18,BKNG,1175.0,1158.5999755859375,1164.989990234375,1166.8299560546875,551800.0,1166.8299560546875
2014-11-19,BKNG,1167.4200439453125,1151.550048828125,1162.0999755859375,1156.6500244140625,542500.0,1156.6500244140625
2014-11-20,BKNG,1162.989990234375,1148.27001953125,1149.6199951171875,1153.8800048828125,449500.0,1153.8800048828125
2014-11-21,BKNG,1166.9100341796875,1149.4300537109375,1166.9100341796875,1151.4599609375,787800.0,1151.4599609375
2014-11-24,BKNG,1161.5,1151.449951171875,1157.52001953125,1160.1400146484375,413400.0,1160.1400146484375
2014-11-25,BKNG,1182.31005859375,1159.010009765625,1160.0,1179.1700439453125,655200.0,1179.1700439453125
2014-11-26,BKNG,1179.9000244140625,1161.8199462890625,1176.949951171875,1166.8299560546875,626800.0,1166.8299560546875
2014-11-28,BKNG,1171.550048828125,1158.3900146484375,1171.550048828125,1160.18994140625,287700.0,1160.18994140625
2014-12-01,BKNG,1164.949951171875,1139.6300048828125,1158.1400146484375,1153.199951171875,740400.0,1153.199951171875
2014-12-02,BKNG,1147.72998046875,1131.02001953125,1144.8499755859375,1139.3599853515625,885600.0,1139.3599853515625
2014-12-03,BKNG,1141.0,1126.5,1138.68994140625,1130.1700439453125,654100.0,1130.1700439453125
2014-12-04,BKNG,1146.5699462890625,1125.31005859375,1126.3399658203125,1140.1099853515625,735300.0,1140.1099853515625
2014-12-05,BKNG,1142.8900146484375,1130.93994140625,1141.1199951171875,1135.969970703125,769600.0,1135.969970703125
2014-12-08,BKNG,1149.0899658203125,1131.8499755859375,1131.8499755859375,1135.6800537109375,592200.0,1135.6800537109375
2014-12-09,BKNG,1136.1199951171875,1112.780029296875,1128.0,1135.1800537109375,678000.0,1135.1800537109375
2014-12-10,BKNG,1136.6800537109375,1112.0999755859375,1131.81005859375,1115.52001953125,671300.0,1115.52001953125
2014-12-11,BKNG,1127.3299560546875,1111.7099609375,1119.3900146484375,1114.27001953125,546500.0,1114.27001953125
2014-12-12,BKNG,1119.8199462890625,1103.52001953125,1108.6300048828125,1103.989990234375,672000.0,1103.989990234375
2014-12-15,BKNG,1111.6700439453125,1076.8499755859375,1107.0999755859375,1078.6400146484375,888600.0,1078.6400146484375
2014-12-16,BKNG,1073.2900390625,1045.25,1067.550048828125,1045.8399658203125,1110100.0,1045.8399658203125
2014-12-17,BKNG,1077.8499755859375,1043.02001953125,1050.4000244140625,1075.3399658203125,890100.0,1075.3399658203125
2014-12-18,BKNG,1108.989990234375,1088.1500244140625,1088.9200439453125,1104.5799560546875,1230300.0,1104.5799560546875
2014-12-19,BKNG,1114.0699462890625,1097.0899658203125,1110.449951171875,1109.449951171875,1008400.0,1109.449951171875
2014-12-22,BKNG,1152.4000244140625,1110.719970703125,1111.010009765625,1149.3800048828125,910200.0,1149.3800048828125
2014-12-23,BKNG,1158.56005859375,1140.9300537109375,1155.6400146484375,1147.6099853515625,584500.0,1147.6099853515625
2014-12-24,BKNG,1152.4000244140625,1143.0400390625,1148.0,1149.780029296875,166500.0,1149.780029296875
2014-12-26,BKNG,1160.43994140625,1150.1099853515625,1152.4300537109375,1156.219970703125,281200.0,1156.219970703125
2014-12-29,BKNG,1169.6099853515625,1150.56005859375,1154.6400146484375,1160.0400390625,472600.0,1160.0400390625
2014-12-30,BKNG,1161.1199951171875,1144.06005859375,1155.489990234375,1148.6500244140625,357800.0,1148.6500244140625
2014-12-31,BKNG,1154.0,1140.2099609375,1150.9300537109375,1140.2099609375,482500.0,1140.2099609375
2015-01-02,BKNG,1149.43994140625,1131.510009765625,1144.0,1142.06005859375,509300.0,1142.06005859375
2015-01-05,BKNG,1138.3699951171875,1090.739990234375,1138.3699951171875,1097.5799560546875,1051300.0,1097.5799560546875
2015-01-06,BKNG,1103.97998046875,1072.5,1103.4100341796875,1079.9599609375,1081500.0,1079.9599609375
2015-01-07,BKNG,1092.0699462890625,1058.5699462890625,1090.77001953125,1069.5699462890625,955000.0,1069.5699462890625
2015-01-08,BKNG,1083.1700439453125,1047.1199951171875,1056.949951171875,1082.8499755859375,1045800.0,1082.8499755859375
2015-01-09,BKNG,1085.0899658203125,1051.6400146484375,1083.5,1051.9599609375,974400.0,1051.9599609375
2015-01-12,BKNG,1054.68994140625,1021.010009765625,1054.68994140625,1039.97998046875,1078500.0,1039.97998046875
2015-01-13,BKNG,1067.02001953125,1027.800048828125,1052.449951171875,1037.8199462890625,871100.0,1037.8199462890625
2015-01-14,BKNG,1039.6600341796875,1022.010009765625,1026.1500244140625,1035.6700439453125,755700.0,1035.6700439453125
2015-01-15,BKNG,1042.5,995.6799926757812,1041.06005859375,998.25,1451700.0,998.25
2015-01-16,BKNG,1012.3099975585938,990.6900024414062,997.010009765625,1008.219970703125,1004800.0,1008.219970703125
2015-01-20,BKNG,1028.010009765625,999.0,1016.4500122070312,1024.949951171875,700300.0,1024.949951171875
2015-01-21,BKNG,1049.550048828125,1020.0,1024.0,1045.530029296875,732400.0,1045.530029296875
2015-01-22,BKNG,1053.0,1036.06005859375,1048.5,1049.6800537109375,913400.0,1049.6800537109375
2015-01-23,BKNG,1047.949951171875,1033.280029296875,1047.949951171875,1037.989990234375,700400.0,1037.989990234375
2015-01-26,BKNG,1043.8199462890625,1028.219970703125,1036.1199951171875,1041.8599853515625,507500.0,1041.8599853515625
2015-01-27,BKNG,1029.969970703125,1003.1799926757812,1029.72998046875,1013.8599853515625,942000.0,1013.8599853515625
2015-01-28,BKNG,1024.4100341796875,1001.9400024414062,1024.030029296875,1003.25,571300.0,1003.25
2015-01-29,BKNG,1015.510009765625,992.1300048828125,1007.7899780273438,1014.739990234375,760500.0,1014.739990234375
2015-01-30,BKNG,1022.2000122070312,1008.4099731445312,1011.739990234375,1009.47998046875,928400.0,1009.47998046875
2015-02-02,BKNG,1015.0,993.5,1012.0,1013.030029296875,655300.0,1013.030029296875
2015-02-03,BKNG,1039.989990234375,1012.3599853515625,1019.6900024414062,1037.550048828125,870600.0,1037.550048828125
2015-02-04,BKNG,1041.8599853515625,1026.3399658203125,1036.0,1028.280029296875,557900.0,1028.280029296875
2015-02-05,BKNG,1049.43994140625,1031.300048828125,1033.52001953125,1044.5999755859375,660300.0,1044.5999755859375
2015-02-06,BKNG,1030.02001953125,1007.1099853515625,1027.56005859375,1022.4199829101562,1307400.0,1022.4199829101562
2015-02-09,BKNG,1039.3599853515625,1014.1500244140625,1020.6500244140625,1033.1500244140625,492700.0,1033.1500244140625
2015-02-10,BKNG,1060.800048828125,1039.4300537109375,1040.800048828125,1057.6199951171875,657600.0,1057.6199951171875
2015-02-11,BKNG,1067.9300537109375,1051.050048828125,1064.239990234375,1060.06005859375,515700.0,1060.06005859375
2015-02-12,BKNG,1102.260009765625,1075.719970703125,1077.2099609375,1091.949951171875,1199100.0,1091.949951171875
2015-02-13,BKNG,1108.5,1094.5899658203125,1100.1500244140625,1103.3699951171875,814400.0,1103.3699951171875
2015-02-17,BKNG,1130.9200439453125,1114.010009765625,1115.0,1120.989990234375,900800.0,1120.989990234375
2015-02-18,BKNG,1129.97998046875,1112.0,1116.43994140625,1122.989990234375,819800.0,1122.989990234375
2015-02-19,BKNG,1222.8800048828125,1195.3599853515625,1219.0,1218.050048828125,2671500.0,1218.050048828125
2015-02-20,BKNG,1230.0899658203125,1214.760009765625,1217.0,1216.22998046875,1296800.0,1216.22998046875
2015-02-23,BKNG,1216.5,1202.8299560546875,1210.469970703125,1207.5799560546875,869400.0,1207.5799560546875
2015-02-24,BKNG,1220.3599853515625,1201.0999755859375,1204.0999755859375,1219.7900390625,603500.0,1219.7900390625
2015-02-25,BKNG,1259.8599853515625,1217.9599609375,1219.1400146484375,1250.8599853515625,1615900.0,1250.8599853515625
2015-02-26,BKNG,1264.0,1238.969970703125,1248.97998046875,1241.25,935400.0,1241.25
2015-02-27,BKNG,1246.3900146484375,1235.1199951171875,1240.75,1237.47998046875,645400.0,1237.47998046875
2015-03-02,BKNG,1262.0,1232.030029296875,1237.75,1249.4000244140625,691500.0,1249.4000244140625
2015-03-03,BKNG,1254.6400146484375,1238.0,1245.0,1242.030029296875,510900.0,1242.030029296875
2015-03-04,BKNG,1238.760009765625,1223.719970703125,1233.5,1225.6700439453125,777700.0,1225.6700439453125
2015-03-05,BKNG,1242.0,1224.5400390625,1225.300048828125,1231.9000244140625,502100.0,1231.9000244140625
2015-03-06,BKNG,1228.3800048828125,1213.0,1221.7099609375,1215.989990234375,695500.0,1215.989990234375
2015-03-09,BKNG,1220.8900146484375,1202.0,1215.18994140625,1217.0,563800.0,1217.0
2015-03-10,BKNG,1203.989990234375,1186.68994140625,1202.0,1191.0899658203125,788800.0,1191.0899658203125
2015-03-11,BKNG,1195.3699951171875,1174.0,1192.5400390625,1177.550048828125,706100.0,1177.550048828125
2015-03-12,BKNG,1194.550048828125,1176.0,1186.9300537109375,1186.5999755859375,521800.0,1186.5999755859375
2015-03-13,BKNG,1188.0699462890625,1154.800048828125,1186.1500244140625,1157.77001953125,813400.0,1157.77001953125
2015-03-16,BKNG,1166.8800048828125,1151.0,1163.1199951171875,1158.43994140625,619800.0,1158.43994140625
2015-03-17,BKNG,1163.4200439453125,1144.1199951171875,1152.31005859375,1153.5699462890625,554600.0,1153.5699462890625
2015-03-18,BKNG,1185.949951171875,1147.9599609375,1153.0,1181.68994140625,888800.0,1181.68994140625
2015-03-19,BKNG,1179.0,1165.0,1176.239990234375,1176.3199462890625,475600.0,1176.3199462890625
2015-03-20,BKNG,1194.489990234375,1179.1700439453125,1190.3800048828125,1179.1700439453125,726200.0,1179.1700439453125
2015-03-23,BKNG,1190.0,1175.510009765625,1176.25,1181.1800537109375,460400.0,1181.1800537109375
2015-03-24,BKNG,1184.219970703125,1168.3800048828125,1176.1400146484375,1169.719970703125,398100.0,1169.719970703125
2015-03-25,BKNG,1177.010009765625,1150.6300048828125,1172.75,1152.699951171875,507100.0,1152.699951171875
2015-03-26,BKNG,1153.4599609375,1137.77001953125,1144.5,1140.3599853515625,524300.0,1140.3599853515625
2015-03-27,BKNG,1144.0999755859375,1130.8599853515625,1141.239990234375,1135.18994140625,446500.0,1135.18994140625
2015-03-30,BKNG,1155.8699951171875,1142.0,1143.3499755859375,1149.8299560546875,470100.0,1149.8299560546875
2015-03-31,BKNG,1176.719970703125,1160.5,1161.75,1164.1500244140625,1011700.0,1164.1500244140625
2015-04-01,BKNG,1168.0,1146.5,1164.0,1149.5999755859375,622800.0,1149.5999755859375
2015-04-02,BKNG,1164.800048828125,1146.18994140625,1149.1500244140625,1160.43994140625,541100.0,1160.43994140625
2015-04-06,BKNG,1194.4599609375,1154.0999755859375,1158.8299560546875,1185.010009765625,688200.0,1185.010009765625
2015-04-07,BKNG,1195.0,1183.9300537109375,1190.0799560546875,1184.97998046875,383000.0,1184.97998046875
2015-04-08,BKNG,1195.0,1180.6700439453125,1183.18994140625,1192.25,341900.0,1192.25
2015-04-09,BKNG,1199.0,1181.010009765625,1194.3499755859375,1186.0,434900.0,1186.0
2015-04-10,BKNG,1192.4000244140625,1181.0,1187.4599609375,1189.5,361600.0,1189.5
2015-04-13,BKNG,1209.9100341796875,1188.02001953125,1188.8399658203125,1199.75,484400.0,1199.75
2015-04-14,BKNG,1204.949951171875,1182.47998046875,1196.760009765625,1204.7099609375,453700.0,1204.7099609375
2015-04-15,BKNG,1210.260009765625,1199.1099853515625,1206.0,1200.949951171875,402500.0,1200.949951171875
2015-04-16,BKNG,1213.31005859375,1199.0699462890625,1200.0699462890625,1206.0899658203125,518500.0,1206.0899658203125
2015-04-17,BKNG,1200.0899658203125,1186.81005859375,1194.5,1187.530029296875,598100.0,1187.530029296875
2015-04-20,BKNG,1201.75,1187.0,1191.0,1191.4200439453125,473800.0,1191.4200439453125
2015-04-21,BKNG,1200.5899658203125,1191.5400390625,1195.9000244140625,1194.260009765625,360400.0,1194.260009765625
2015-04-22,BKNG,1219.5999755859375,1192.4100341796875,1198.8499755859375,1212.9000244140625,433700.0,1212.9000244140625
2015-04-23,BKNG,1222.949951171875,1207.6500244140625,1209.0,1221.0999755859375,463700.0,1221.0999755859375
2015-04-24,BKNG,1235.0,1227.6099853515625,1229.4599609375,1233.0899658203125,599300.0,1233.0899658203125
2015-04-27,BKNG,1262.239990234375,1235.0699462890625,1235.3699951171875,1253.199951171875,650600.0,1253.199951171875
2015-04-28,BKNG,1253.8399658203125,1238.9300537109375,1250.0,1242.1199951171875,454900.0,1242.1199951171875
2015-04-29,BKNG,1255.3299560546875,1234.5999755859375,1235.0,1248.510009765625,533000.0,1248.510009765625
2015-04-30,BKNG,1255.27001953125,1231.530029296875,1247.75,1237.81005859375,581200.0,1237.81005859375
2015-05-01,BKNG,1260.8900146484375,1244.0,1249.1500244140625,1260.4300537109375,880200.0,1260.4300537109375
2015-05-04,BKNG,1280.969970703125,1261.0,1263.8900146484375,1267.4599609375,570900.0,1267.4599609375
2015-05-05,BKNG,1273.260009765625,1252.7099609375,1262.0,1263.3199462890625,732100.0,1263.3199462890625
2015-05-06,BKNG,1279.8499755859375,1257.4599609375,1270.550048828125,1264.1500244140625,1203400.0,1264.1500244140625
2015-05-07,BKNG,1227.8900146484375,1182.02001953125,1224.25,1213.489990234375,2162800.0,1213.489990234375
2015-05-08,BKNG,1224.5999755859375,1202.8900146484375,1223.1500244140625,1204.760009765625,796800.0,1204.760009765625
2015-05-11,BKNG,1209.4300537109375,1183.0400390625,1200.0699462890625,1186.3800048828125,685900.0,1186.3800048828125
2015-05-12,BKNG,1187.27001953125,1167.489990234375,1178.4000244140625,1183.469970703125,687200.0,1183.469970703125
2015-05-13,BKNG,1192.699951171875,1177.489990234375,1181.31005859375,1177.75,562600.0,1177.75
2015-05-14,BKNG,1192.4000244140625,1177.0699462890625,1188.68994140625,1190.0899658203125,506500.0,1190.0899658203125
2015-05-15,BKNG,1205.75,1189.0400390625,1193.1400146484375,1198.800048828125,704200.0,1198.800048828125
2015-05-18,BKNG,1219.280029296875,1195.3499755859375,1195.3499755859375,1216.8399658203125,596300.0,1216.8399658203125
2015-05-19,BKNG,1221.8499755859375,1204.02001953125,1214.0,1213.6600341796875,538800.0,1213.6600341796875
2015-05-20,BKNG,1213.550048828125,1203.9000244140625,1210.239990234375,1208.1800537109375,519500.0,1208.1800537109375
2015-05-21,BKNG,1218.5400390625,1204.0,1206.010009765625,1212.6300048828125,323300.0,1212.6300048828125
2015-05-22,BKNG,1218.25,1207.260009765625,1213.6500244140625,1208.5,410000.0,1208.5
2015-05-26,BKNG,1211.9300537109375,1194.1099853515625,1206.77001953125,1195.780029296875,611100.0,1195.780029296875
2015-05-27,BKNG,1203.3699951171875,1194.0,1196.219970703125,1197.760009765625,555700.0,1197.760009765625
2015-05-28,BKNG,1201.4100341796875,1187.1600341796875,1197.239990234375,1190.550048828125,394500.0,1190.550048828125
2015-05-29,BKNG,1191.8499755859375,1166.27001953125,1190.5899658203125,1172.0400390625,843100.0,1172.0400390625
2015-06-01,BKNG,1177.4599609375,1164.0799560546875,1174.0,1166.6600341796875,662200.0,1166.6600341796875
2015-06-02,BKNG,1201.43994140625,1161.56005859375,1162.1400146484375,1196.02001953125,1035100.0,1196.02001953125
2015-06-03,BKNG,1201.0699462890625,1186.010009765625,1196.2900390625,1193.7099609375,691600.0,1193.7099609375
2015-06-04,BKNG,1197.550048828125,1182.8599853515625,1183.8900146484375,1185.739990234375,495600.0,1185.739990234375
2015-06-05,BKNG,1187.5799560546875,1176.280029296875,1183.300048828125,1178.1600341796875,421700.0,1178.1600341796875
2015-06-08,BKNG,1182.0,1162.0899658203125,1179.1199951171875,1164.050048828125,554500.0,1164.050048828125
2015-06-09,BKNG,1168.0,1157.1400146484375,1160.8399658203125,1163.27001953125,478600.0,1163.27001953125
2015-06-10,BKNG,1185.81005859375,1164.3399658203125,1170.0,1179.93994140625,549800.0,1179.93994140625
2015-06-11,BKNG,1188.449951171875,1177.9300537109375,1183.4000244140625,1181.9300537109375,365500.0,1181.9300537109375
2015-06-12,BKNG,1183.4000244140625,1171.0,1183.4000244140625,1174.1700439453125,354200.0,1174.1700439453125
2015-06-15,BKNG,1178.5999755859375,1158.6199951171875,1167.0,1175.3599853515625,461400.0,1175.3599853515625
2015-06-16,BKNG,1180.6199951171875,1168.219970703125,1171.199951171875,1176.199951171875,407100.0,1176.199951171875
2015-06-17,BKNG,1182.9000244140625,1163.18994140625,1177.949951171875,1163.5699462890625,556100.0,1163.5699462890625
2015-06-18,BKNG,1176.7900390625,1163.8299560546875,1169.3199462890625,1173.9599609375,596900.0,1173.9599609375
2015-06-19,BKNG,1173.469970703125,1158.010009765625,1170.4300537109375,1158.4599609375,566800.0,1158.4599609375
2015-06-22,BKNG,1162.0799560546875,1143.8299560546875,1161.27001953125,1150.3900146484375,686700.0,1150.3900146484375
2015-06-23,BKNG,1159.5699462890625,1146.02001953125,1154.1800537109375,1155.949951171875,428700.0,1155.949951171875
2015-06-24,BKNG,1158.77001953125,1147.280029296875,1157.77001953125,1154.9200439453125,384200.0,1154.9200439453125
2015-06-25,BKNG,1160.9000244140625,1148.6500244140625,1158.0,1149.18994140625,334700.0,1149.18994140625
2015-06-26,BKNG,1153.0,1135.739990234375,1151.969970703125,1140.9000244140625,611700.0,1140.9000244140625
2015-06-29,BKNG,1136.0,1103.449951171875,1128.0,1107.72998046875,707600.0,1107.72998046875
2015-06-30,BKNG,1152.1600341796875,1119.3199462890625,1120.9000244140625,1151.3699951171875,1082600.0,1151.3699951171875
2015-07-01,BKNG,1174.6700439453125,1146.8299560546875,1160.0,1150.3499755859375,621100.0,1150.3499755859375
2015-07-02,BKNG,1154.5899658203125,1142.0,1152.8599853515625,1143.0699462890625,396700.0,1143.0699462890625
2015-07-06,BKNG,1153.3900146484375,1134.0,1134.1500244140625,1141.4300537109375,464000.0,1141.4300537109375
2015-07-07,BKNG,1146.280029296875,1119.260009765625,1145.6199951171875,1145.010009765625,563800.0,1145.010009765625
2015-07-08,BKNG,1141.800048828125,1115.77001953125,1133.6099853515625,1116.93994140625,806000.0,1116.93994140625
2015-07-09,BKNG,1141.3399658203125,1125.0,1133.43994140625,1126.0699462890625,638000.0,1126.0699462890625
2015-07-10,BKNG,1144.0,1133.0,1141.260009765625,1143.18994140625,533300.0,1143.18994140625
2015-07-13,BKNG,1173.6400146484375,1148.7099609375,1151.1400146484375,1171.3900146484375,627500.0,1171.3900146484375
2015-07-14,BKNG,1183.4200439453125,1169.0699462890625,1172.5,1171.4300537109375,323000.0,1171.4300537109375
2015-07-15,BKNG,1177.93994140625,1164.949951171875,1169.0,1167.5400390625,324600.0,1167.5400390625
2015-07-16,BKNG,1184.780029296875,1174.0,1178.8499755859375,1182.989990234375,275500.0,1182.989990234375
2015-07-17,BKNG,1220.0,1193.0,1194.97998046875,1216.0,938300.0,1216.0
2015-07-20,BKNG,1264.989990234375,1220.06005859375,1220.4300537109375,1247.9100341796875,886800.0,1247.9100341796875
2015-07-21,BKNG,1250.780029296875,1229.5699462890625,1249.0,1235.199951171875,563500.0,1235.199951171875
2015-07-22,BKNG,1242.0,1228.02001953125,1239.52001953125,1233.969970703125,360500.0,1233.969970703125
2015-07-23,BKNG,1238.4599609375,1222.300048828125,1234.050048828125,1228.9599609375,428700.0,1228.9599609375
2015-07-24,BKNG,1218.77001953125,1189.5,1215.02001953125,1197.4200439453125,988600.0,1197.4200439453125
2015-07-27,BKNG,1205.5,1183.1500244140625,1193.800048828125,1186.0799560546875,562400.0,1186.0799560546875
2015-07-28,BKNG,1214.6300048828125,1187.489990234375,1196.300048828125,1208.0899658203125,452200.0,1208.0899658203125
2015-07-29,BKNG,1221.81005859375,1194.949951171875,1203.02001953125,1219.4300537109375,470700.0,1219.4300537109375
2015-07-30,BKNG,1227.0999755859375,1207.6400146484375,1222.0,1222.06005859375,523900.0,1222.06005859375
2015-07-31,BKNG,1254.8800048828125,1241.6300048828125,1245.0899658203125,1243.5699462890625,797200.0,1243.5699462890625
2015-08-03,BKNG,1249.9300537109375,1225.0,1249.8900146484375,1240.47998046875,588400.0,1240.47998046875
2015-08-04,BKNG,1286.5400390625,1240.530029296875,1242.31005859375,1283.989990234375,1242400.0,1283.989990234375
2015-08-05,BKNG,1395.0,1325.0999755859375,1382.6099853515625,1351.2099609375,2106200.0,1351.2099609375
2015-08-06,BKNG,1372.3299560546875,1340.0999755859375,1351.5,1351.800048828125,868800.0,1351.800048828125
2015-08-07,BKNG,1350.949951171875,1314.6099853515625,1350.550048828125,1317.3499755859375,705900.0,1317.3499755859375
2015-08-10,BKNG,1334.0,1318.02001953125,1327.0,1323.75,548900.0,1323.75
2015-08-11,BKNG,1322.5999755859375,1299.239990234375,1315.9000244140625,1307.8699951171875,513400.0,1307.8699951171875
2015-08-12,BKNG,1299.489990234375,1282.52001953125,1298.6099853515625,1294.7099609375,770000.0,1294.7099609375
2015-08-13,BKNG,1307.0,1284.530029296875,1301.68994140625,1285.469970703125,411100.0,1285.469970703125
2015-08-14,BKNG,1287.989990234375,1276.0,1283.280029296875,1283.800048828125,610000.0,1283.800048828125
2015-08-17,BKNG,1308.0,1276.18994140625,1277.0999755859375,1306.56005859375,518700.0,1306.56005859375
2015-08-18,BKNG,1309.050048828125,1288.1300048828125,1291.0799560546875,1291.8299560546875,426200.0,1291.8299560546875
2015-08-19,BKNG,1305.0,1281.0,1284.3199462890625,1291.3499755859375,471200.0,1291.3499755859375
2015-08-20,BKNG,1289.510009765625,1255.3699951171875,1288.199951171875,1257.5400390625,696200.0,1257.5400390625
2015-08-21,BKNG,1248.239990234375,1200.5899658203125,1245.9599609375,1216.9200439453125,1211800.0,1216.9200439453125
2015-08-24,BKNG,1222.52001953125,1151.010009765625,1162.0,1174.1199951171875,1153600.0,1174.1199951171875
2015-08-25,BKNG,1224.9599609375,1178.7900390625,1202.1099853515625,1178.81005859375,959600.0,1178.81005859375
2015-08-26,BKNG,1229.050048828125,1179.0,1210.6700439453125,1223.4599609375,838400.0,1223.4599609375
2015-08-27,BKNG,1253.969970703125,1233.4200439453125,1234.989990234375,1252.010009765625,788000.0,1252.010009765625
2015-08-28,BKNG,1264.52001953125,1240.0699462890625,1244.22998046875,1259.3900146484375,502800.0,1259.3900146484375
2015-08-31,BKNG,1264.97998046875,1243.469970703125,1255.1700439453125,1248.6400146484375,466700.0,1248.6400146484375
2015-09-01,BKNG,1245.0,1207.0899658203125,1217.1500244140625,1215.3599853515625,579300.0,1215.3599853515625
2015-09-02,BKNG,1242.9200439453125,1216.050048828125,1232.43994140625,1242.8699951171875,413100.0,1242.8699951171875
2015-09-03,BKNG,1260.25,1236.300048828125,1249.1400146484375,1240.3699951171875,544500.0,1240.3699951171875
2015-09-04,BKNG,1248.4000244140625,1222.1500244140625,1224.1700439453125,1245.25,607900.0,1245.25
2015-09-08,BKNG,1281.1300048828125,1266.4200439453125,1268.0,1280.4000244140625,659900.0,1280.4000244140625
2015-09-09,BKNG,1304.02001953125,1274.5,1293.0,1276.719970703125,497800.0,1276.719970703125
2015-09-10,BKNG,1293.8699951171875,1275.0,1277.4100341796875,1287.739990234375,405900.0,1287.739990234375
2015-09-11,BKNG,1290.6400146484375,1278.719970703125,1280.0999755859375,1290.4100341796875,401600.0,1290.4100341796875
2015-09-14,BKNG,1292.4200439453125,1276.1300048828125,1291.989990234375,1286.8299560546875,411600.0,1286.8299560546875
2015-09-15,BKNG,1321.3199462890625,1280.8900146484375,1292.8399658203125,1318.800048828125,721000.0,1318.800048828125
2015-09-16,BKNG,1327.9599609375,1312.760009765625,1321.9000244140625,1320.47998046875,478400.0,1320.47998046875
2015-09-17,BKNG,1338.510009765625,1313.8299560546875,1321.949951171875,1318.0,482000.0,1318.0
2015-09-18,BKNG,1312.489990234375,1292.699951171875,1301.72998046875,1294.469970703125,1213400.0,1294.469970703125
2015-09-21,BKNG,1311.68994140625,1295.010009765625,1300.47998046875,1307.47998046875,581300.0,1307.47998046875
2015-09-22,BKNG,1298.0,1278.3299560546875,1289.02001953125,1288.949951171875,515100.0,1288.949951171875
2015-09-23,BKNG,1297.0,1270.010009765625,1288.260009765625,1275.989990234375,394700.0,1275.989990234375
2015-09-24,BKNG,1284.1199951171875,1256.1600341796875,1266.75,1281.1300048828125,596500.0,1281.1300048828125
2015-09-25,BKNG,1298.489990234375,1252.0,1298.489990234375,1252.760009765625,744900.0,1252.760009765625
2015-09-28,BKNG,1244.9300537109375,1192.219970703125,1242.3399658203125,1199.1400146484375,1147800.0,1199.1400146484375
2015-09-29,BKNG,1214.219970703125,1185.010009765625,1198.010009765625,1200.3199462890625,586800.0,1200.3199462890625
2015-09-30,BKNG,1238.5999755859375,1211.8800048828125,1217.47998046875,1236.8599853515625,794500.0,1236.8599853515625
2015-10-01,BKNG,1251.280029296875,1220.0,1235.530029296875,1247.0799560546875,817500.0,1247.0799560546875
2015-10-02,BKNG,1266.68994140625,1223.22998046875,1229.4300537109375,1265.6800537109375,757000.0,1265.6800537109375
2015-10-05,BKNG,1287.5400390625,1271.5400390625,1274.0999755859375,1274.8599853515625,572800.0,1274.8599853515625
2015-10-06,BKNG,1286.2099609375,1264.52001953125,1271.010009765625,1275.449951171875,401700.0,1275.449951171875
2015-10-07,BKNG,1294.1800537109375,1271.010009765625,1285.06005859375,1291.5799560546875,484900.0,1291.5799560546875
2015-10-08,BKNG,1311.4300537109375,1281.1400146484375,1287.0999755859375,1304.3199462890625,432400.0,1304.3199462890625
2015-10-09,BKNG,1316.5999755859375,1296.800048828125,1305.989990234375,1313.2900390625,419300.0,1313.2900390625
2015-10-12,BKNG,1352.5,1315.5899658203125,1318.0,1347.18994140625,600900.0,1347.18994140625
2015-10-13,BKNG,1352.949951171875,1333.8399658203125,1340.0,1345.0,502700.0,1345.0
2015-10-14,BKNG,1350.0,1308.5400390625,1349.969970703125,1311.0799560546875,896100.0,1311.0799560546875
2015-10-15,BKNG,1333.239990234375,1304.969970703125,1319.6099853515625,1327.2900390625,601900.0,1327.2900390625
2015-10-16,BKNG,1342.1300048828125,1326.010009765625,1334.4100341796875,1336.5699462890625,529000.0,1336.5699462890625
2015-10-19,BKNG,1379.5799560546875,1329.5999755859375,1334.18994140625,1376.1300048828125,700400.0,1376.1300048828125
2015-10-20,BKNG,1382.5,1364.0799560546875,1371.8299560546875,1372.510009765625,471100.0,1372.510009765625
2015-10-21,BKNG,1393.6300048828125,1360.1800537109375,1378.68994140625,1364.2900390625,481600.0,1364.2900390625
2015-10-22,BKNG,1382.0,1351.199951171875,1371.550048828125,1354.469970703125,679600.0,1354.469970703125
2015-10-23,BKNG,1374.0,1357.300048828125,1374.0,1366.489990234375,629600.0,1366.489990234375
2015-10-26,BKNG,1429.8599853515625,1374.489990234375,1375.0,1416.3199462890625,863800.0,1416.3199462890625
2015-10-27,BKNG,1424.6500244140625,1396.3699951171875,1412.3599853515625,1403.280029296875,479000.0,1403.280029296875
2015-10-28,BKNG,1412.0,1393.969970703125,1412.0,1404.52001953125,533200.0,1404.52001953125
2015-10-29,BKNG,1428.4200439453125,1402.6800537109375,1410.0,1425.6500244140625,525700.0,1425.6500244140625
2015-10-30,BKNG,1466.0799560546875,1436.050048828125,1445.0,1454.239990234375,994300.0,1454.239990234375
2015-11-02,BKNG,1470.0,1454.5699462890625,1462.030029296875,1467.18994140625,498600.0,1467.18994140625
2015-11-03,BKNG,1473.0400390625,1455.18994140625,1461.550048828125,1464.9000244140625,414700.0,1464.9000244140625
2015-11-04,BKNG,1473.989990234375,1462.75,1465.949951171875,1469.56005859375,507400.0,1469.56005859375
2015-11-05,BKNG,1476.52001953125,1451.6700439453125,1475.0,1462.6400146484375,548500.0,1462.6400146484375
2015-11-06,BKNG,1459.6400146484375,1430.0,1451.4000244140625,1449.9000244140625,1177200.0,1449.9000244140625
2015-11-09,BKNG,1386.97998046875,1303.43994140625,1362.300048828125,1311.1500244140625,2652400.0,1311.1500244140625
2015-11-10,BKNG,1327.8399658203125,1302.06005859375,1302.06005859375,1323.5400390625,927800.0,1323.5400390625
2015-11-11,BKNG,1335.0,1315.510009765625,1325.550048828125,1329.5799560546875,597600.0,1329.5799560546875
2015-11-12,BKNG,1336.260009765625,1312.989990234375,1321.0,1314.010009765625,561200.0,1314.010009765625
2015-11-13,BKNG,1319.300048828125,1294.6400146484375,1311.0,1297.75,779900.0,1297.75
2015-11-16,BKNG,1279.989990234375,1230.2099609375,1278.1400146484375,1266.8699951171875,1708400.0,1266.8699951171875
2015-11-17,BKNG,1280.0,1250.0,1274.010009765625,1258.7900390625,899300.0,1258.7900390625
2015-11-18,BKNG,1287.3599853515625,1252.010009765625,1267.0999755859375,1278.5,804500.0,1278.5
2015-11-19,BKNG,1299.780029296875,1282.1199951171875,1286.8299560546875,1284.6500244140625,555200.0,1284.6500244140625
2015-11-20,BKNG,1296.0,1270.0,1294.4200439453125,1281.530029296875,626600.0,1281.530029296875
2015-11-23,BKNG,1292.760009765625,1256.0,1285.0,1264.3199462890625,486100.0,1264.3199462890625
2015-11-24,BKNG,1246.5699462890625,1212.0,1244.300048828125,1240.1800537109375,1390300.0,1240.1800537109375
2015-11-25,BKNG,1256.0,1242.9000244140625,1245.0,1245.75,421000.0,1245.75
2015-11-27,BKNG,1250.56005859375,1235.6199951171875,1248.81005859375,1244.989990234375,278400.0,1244.989990234375
2015-11-30,BKNG,1266.68994140625,1244.1800537109375,1246.4100341796875,1248.8499755859375,539300.0,1248.8499755859375
2015-12-01,BKNG,1285.550048828125,1255.5,1258.800048828125,1282.5,682100.0,1282.5
2015-12-02,BKNG,1297.199951171875,1272.1199951171875,1286.739990234375,1275.43994140625,426000.0,1275.43994140625
2015-12-03,BKNG,1295.4200439453125,1271.1700439453125,1284.18994140625,1280.0799560546875,666400.0,1280.0799560546875
2015-12-04,BKNG,1302.8699951171875,1283.8800048828125,1283.8800048828125,1300.47998046875,556300.0,1300.47998046875
2015-12-07,BKNG,1309.7900390625,1293.0799560546875,1300.31005859375,1302.4200439453125,409800.0,1302.4200439453125
2015-12-08,BKNG,1309.9300537109375,1281.1700439453125,1287.8499755859375,1303.969970703125,339000.0,1303.969970703125
2015-12-09,BKNG,1314.9599609375,1285.0899658203125,1301.489990234375,1294.989990234375,384000.0,1294.989990234375
2015-12-10,BKNG,1307.280029296875,1286.68994140625,1300.0,1306.5,461800.0,1306.5
2015-12-11,BKNG,1299.739990234375,1282.18994140625,1290.530029296875,1285.3299560546875,535100.0,1285.3299560546875
2015-12-14,BKNG,1301.8900146484375,1276.06005859375,1288.6400146484375,1297.8800048828125,368200.0,1297.8800048828125
2015-12-15,BKNG,1331.1800537109375,1301.9200439453125,1303.6500244140625,1323.72998046875,709200.0,1323.72998046875
2015-12-16,BKNG,1337.2900390625,1315.0,1332.7900390625,1332.31005859375,413300.0,1332.31005859375
2015-12-17,BKNG,1341.989990234375,1312.68994140625,1341.989990234375,1313.739990234375,504600.0,1313.739990234375
2015-12-18,BKNG,1312.969970703125,1283.739990234375,1306.1199951171875,1285.6700439453125,882200.0,1285.6700439453125
2015-12-21,BKNG,1299.56005859375,1264.1300048828125,1292.8800048828125,1275.7099609375,464500.0,1275.7099609375
2015-12-22,BKNG,1282.9000244140625,1266.0899658203125,1282.9000244140625,1277.489990234375,303000.0,1277.489990234375
2015-12-23,BKNG,1284.949951171875,1267.219970703125,1284.0,1279.050048828125,268300.0,1279.050048828125
2015-12-24,BKNG,1280.52001953125,1272.010009765625,1278.5,1273.0699462890625,159300.0,1273.0699462890625
2015-12-28,BKNG,1274.739990234375,1253.199951171875,1266.989990234375,1272.9599609375,266400.0,1272.9599609375
2015-12-29,BKNG,1304.0,1277.010009765625,1278.0,1302.4000244140625,404800.0,1302.4000244140625
2015-12-30,BKNG,1301.6700439453125,1288.0699462890625,1299.0,1289.1600341796875,272900.0,1289.1600341796875
2015-12-31,BKNG,1287.9000244140625,1271.510009765625,1285.5799560546875,1274.949951171875,337700.0,1274.949951171875
2016-01-04,BKNG,1258.8499755859375,1228.0,1256.0,1245.3699951171875,767800.0,1245.3699951171875
2016-01-05,BKNG,1247.469970703125,1201.0799560546875,1236.280029296875,1210.68994140625,894900.0,1210.68994140625
2016-01-06,BKNG,1212.280029296875,1185.0,1186.0,1196.7099609375,561300.0,1196.7099609375
2016-01-07,BKNG,1194.489990234375,1154.280029296875,1171.969970703125,1167.18994140625,1092100.0,1167.18994140625
2016-01-08,BKNG,1182.4100341796875,1135.0,1172.510009765625,1136.9599609375,1023000.0,1136.9599609375
2016-01-11,BKNG,1147.97998046875,1120.010009765625,1136.0,1136.280029296875,635300.0,1136.280029296875
2016-01-12,BKNG,1160.5,1133.0799560546875,1141.8299560546875,1148.9200439453125,798400.0,1148.9200439453125
2016-01-13,BKNG,1156.97998046875,1076.3499755859375,1155.989990234375,1098.9000244140625,1136600.0,1098.9000244140625
2016-01-14,BKNG,1136.7099609375,1065.0,1098.2099609375,1121.3800048828125,1160300.0,1121.3800048828125
2016-01-15,BKNG,1110.8299560546875,1075.1500244140625,1076.0,1086.739990234375,1076600.0,1086.739990234375
2016-01-19,BKNG,1117.0,1078.4200439453125,1099.4200439453125,1094.5,679900.0,1094.5
2016-01-20,BKNG,1098.6199951171875,1039.260009765625,1075.0,1081.3299560546875,1062500.0,1081.3299560546875
2016-01-21,BKNG,1111.0,1067.06005859375,1084.3599853515625,1089.1400146484375,543600.0,1089.1400146484375
2016-01-22,BKNG,1126.5699462890625,1104.1400146484375,1111.8299560546875,1118.1099853515625,735700.0,1118.1099853515625
2016-01-25,BKNG,1126.56005859375,1097.8800048828125,1117.4100341796875,1097.9300537109375,428100.0,1097.9300537109375
2016-01-26,BKNG,1124.699951171875,1070.0999755859375,1097.1099853515625,1111.5400390625,744800.0,1111.5400390625
2016-01-27,BKNG,1093.1300048828125,1038.1400146484375,1079.5799560546875,1043.699951171875,1174000.0,1043.699951171875
2016-01-28,BKNG,1059.719970703125,1015.1500244140625,1058.7900390625,1043.1300048828125,1127700.0,1043.1300048828125
2016-01-29,BKNG,1074.6600341796875,1030.27001953125,1045.4000244140625,1064.969970703125,873600.0,1064.969970703125
2016-02-01,BKNG,1094.7900390625,1056.25,1063.0,1084.8699951171875,613300.0,1084.8699951171875
2016-02-02,BKNG,1084.1500244140625,1056.5400390625,1070.0,1066.7900390625,679300.0,1066.7900390625
2016-02-03,BKNG,1072.3399658203125,1020.4299926757812,1070.25,1049.1600341796875,793500.0,1049.1600341796875
2016-02-04,BKNG,1073.6500244140625,1023.25,1044.7900390625,1069.0999755859375,766700.0,1069.0999755859375
2016-02-05,BKNG,1064.050048828125,1010.6900024414062,1063.0999755859375,1015.5499877929688,1036300.0,1015.5499877929688
2016-02-08,BKNG,1000.0,954.8300170898438,996.489990234375,973.7999877929688,1194000.0,973.7999877929688
2016-02-09,BKNG,1003.739990234375,954.02001953125,958.4299926757812,991.2899780273438,1043800.0,991.2899780273438
2016-02-10,BKNG,1047.989990234375,1002.2999877929688,1004.9199829101562,1032.77001953125,970500.0,1032.77001953125
2016-02-11,BKNG,1063.6300048828125,1028.530029296875,1054.0,1055.239990234375,1036600.0,1055.239990234375
2016-02-12,BKNG,1078.8900146484375,1050.56005859375,1066.8800048828125,1058.010009765625,811600.0,1058.010009765625
2016-02-16,BKNG,1115.8399658203125,1072.27001953125,1075.8900146484375,1110.6800537109375,1119700.0,1110.6800537109375
2016-02-17,BKNG,1246.6099853515625,1220.1500244140625,1245.0,1235.56005859375,2382000.0,1235.56005859375
2016-02-18,BKNG,1257.22998046875,1236.3800048828125,1245.0,1251.949951171875,1060100.0,1251.949951171875
2016-02-19,BKNG,1284.989990234375,1236.530029296875,1238.280029296875,1283.739990234375,1052500.0,1283.739990234375
2016-02-22,BKNG,1291.43994140625,1268.0,1286.56005859375,1288.4200439453125,827100.0,1288.4200439453125
2016-02-23,BKNG,1288.4000244140625,1258.7099609375,1278.300048828125,1261.8900146484375,617800.0,1261.8900146484375
2016-02-24,BKNG,1264.8499755859375,1222.7099609375,1248.0999755859375,1264.2099609375,774200.0,1264.2099609375
2016-02-25,BKNG,1271.97998046875,1247.0400390625,1263.25,1263.4100341796875,729000.0,1263.4100341796875
2016-02-26,BKNG,1273.3399658203125,1244.4000244140625,1268.75,1254.27001953125,614500.0,1254.27001953125
2016-02-29,BKNG,1282.6400146484375,1248.489990234375,1250.300048828125,1265.2099609375,728200.0,1265.2099609375
2016-03-01,BKNG,1296.5699462890625,1277.9599609375,1283.5899658203125,1295.9200439453125,570600.0,1295.9200439453125
2016-03-02,BKNG,1301.6300048828125,1281.550048828125,1297.3599853515625,1301.3699951171875,469300.0,1301.3699951171875
2016-03-03,BKNG,1305.8399658203125,1288.6500244140625,1296.6800537109375,1303.0400390625,446800.0,1303.0400390625
2016-03-04,BKNG,1308.9599609375,1286.06005859375,1306.530029296875,1297.7099609375,601200.0,1297.7099609375
2016-03-07,BKNG,1296.2900390625,1281.4000244140625,1281.4000244140625,1291.4300537109375,504500.0,1291.4300537109375
2016-03-08,BKNG,1298.93994140625,1280.5899658203125,1284.0,1282.77001953125,420400.0,1282.77001953125
2016-03-09,BKNG,1291.9000244140625,1263.4200439453125,1280.0,1291.8900146484375,443000.0,1291.8900146484375
2016-03-10,BKNG,1306.0,1274.5,1295.81005859375,1293.77001953125,431100.0,1293.77001953125
2016-03-11,BKNG,1328.0999755859375,1300.5999755859375,1307.4000244140625,1326.8699951171875,649000.0,1326.8699951171875
2016-03-14,BKNG,1341.300048828125,1317.5899658203125,1320.219970703125,1325.72998046875,490200.0,1325.72998046875
2016-03-15,BKNG,1339.0,1315.1500244140625,1315.1500244140625,1332.1300048828125,383000.0,1332.1300048828125
2016-03-16,BKNG,1357.9000244140625,1325.0,1328.199951171875,1350.989990234375,536200.0,1350.989990234375
2016-03-17,BKNG,1356.3299560546875,1337.1099853515625,1341.699951171875,1346.8599853515625,389400.0,1346.8599853515625
2016-03-18,BKNG,1361.6300048828125,1338.300048828125,1353.0,1344.219970703125,472700.0,1344.219970703125
2016-03-21,BKNG,1351.0,1333.3599853515625,1340.949951171875,1350.510009765625,256200.0,1350.510009765625
2016-03-22,BKNG,1328.1500244140625,1306.0,1311.0,1319.4100341796875,840100.0,1319.4100341796875
2016-03-23,BKNG,1323.8399658203125,1300.0,1322.9100341796875,1306.1099853515625,447900.0,1306.1099853515625
2016-03-24,BKNG,1304.43994140625,1291.6300048828125,1300.0,1301.18994140625,383700.0,1301.18994140625
2016-03-28,BKNG,1304.7099609375,1271.010009765625,1301.3499755859375,1287.030029296875,453800.0,1287.030029296875
2016-03-29,BKNG,1313.9000244140625,1281.199951171875,1281.199951171875,1307.8900146484375,427700.0,1307.8900146484375
2016-03-30,BKNG,1323.0899658203125,1311.0400390625,1316.9000244140625,1317.030029296875,376400.0,1317.030029296875
2016-03-31,BKNG,1314.989990234375,1288.3299560546875,1312.31005859375,1288.9599609375,488200.0,1288.9599609375
2016-04-01,BKNG,1301.719970703125,1273.0,1278.0,1299.699951171875,567300.0,1299.699951171875
2016-04-04,BKNG,1298.199951171875,1276.2900390625,1297.550048828125,1281.760009765625,357100.0,1281.760009765625
2016-04-05,BKNG,1287.8599853515625,1265.56005859375,1270.0,1279.0799560546875,373200.0,1279.0799560546875
2016-04-06,BKNG,1294.8800048828125,1273.2099609375,1280.219970703125,1293.010009765625,280400.0,1293.010009765625
2016-04-07,BKNG,1292.3299560546875,1271.449951171875,1291.469970703125,1276.5,389200.0,1276.5
2016-04-08,BKNG,1283.550048828125,1271.31005859375,1282.780029296875,1274.1500244140625,300400.0,1274.1500244140625
2016-04-11,BKNG,1288.3900146484375,1263.2099609375,1281.949951171875,1264.6300048828125,293800.0,1264.6300048828125
2016-04-12,BKNG,1304.5799560546875,1255.1099853515625,1268.550048828125,1300.280029296875,449400.0,1300.280029296875
2016-04-13,BKNG,1329.93994140625,1300.5,1310.3499755859375,1317.760009765625,605300.0,1317.760009765625
2016-04-14,BKNG,1340.0,1319.0,1323.0,1336.3900146484375,519800.0,1336.3900146484375
2016-04-15,BKNG,1335.1099853515625,1320.760009765625,1333.6700439453125,1331.9000244140625,479500.0,1331.9000244140625
2016-04-18,BKNG,1369.030029296875,1328.8900146484375,1328.8900146484375,1353.3699951171875,638900.0,1353.3699951171875
2016-04-19,BKNG,1360.0,1333.2900390625,1359.8800048828125,1345.780029296875,434700.0,1345.780029296875
2016-04-20,BKNG,1364.3299560546875,1338.3299560546875,1346.5999755859375,1350.0,416400.0,1350.0
2016-04-21,BKNG,1357.4300537109375,1337.0,1343.31005859375,1340.0,269600.0,1340.0
2016-04-22,BKNG,1349.5699462890625,1331.0,1331.0,1338.5,527000.0,1338.5
2016-04-25,BKNG,1341.0,1323.449951171875,1332.0,1335.27001953125,393400.0,1335.27001953125
2016-04-26,BKNG,1336.8299560546875,1321.489990234375,1334.0,1333.949951171875,320000.0,1333.949951171875
2016-04-27,BKNG,1357.0,1327.0,1331.75,1353.739990234375,395500.0,1353.739990234375
2016-04-28,BKNG,1355.9100341796875,1310.1500244140625,1330.0,1317.5899658203125,743400.0,1317.5899658203125
2016-04-29,BKNG,1368.4599609375,1332.4100341796875,1332.4100341796875,1343.6600341796875,1018000.0,1343.6600341796875
2016-05-02,BKNG,1358.780029296875,1325.0,1349.0,1356.68994140625,508100.0,1356.68994140625
2016-05-03,BKNG,1358.5400390625,1335.0799560546875,1346.219970703125,1354.6400146484375,861500.0,1354.6400146484375
2016-05-04,BKNG,1266.0,1205.25,1258.0,1253.0400390625,2884800.0,1253.0400390625
2016-05-05,BKNG,1263.9200439453125,1239.02001953125,1253.8800048828125,1240.8499755859375,816900.0,1240.8499755859375
2016-05-06,BKNG,1253.0,1231.010009765625,1231.010009765625,1250.0999755859375,572500.0,1250.0999755859375
2016-05-09,BKNG,1253.0,1231.1199951171875,1250.0999755859375,1244.9200439453125,425400.0,1244.9200439453125
2016-05-10,BKNG,1274.550048828125,1250.510009765625,1252.75,1268.27001953125,539800.0,1268.27001953125
2016-05-11,BKNG,1274.1400146484375,1260.0,1266.6800537109375,1267.31005859375,497700.0,1267.31005859375
2016-05-12,BKNG,1290.199951171875,1270.219970703125,1273.489990234375,1282.25,706500.0,1282.25
2016-05-13,BKNG,1289.0,1271.010009765625,1274.0,1278.6400146484375,482900.0,1278.6400146484375
2016-05-16,BKNG,1289.449951171875,1269.06005859375,1281.949951171875,1283.469970703125,432400.0,1283.469970703125
2016-05-17,BKNG,1295.949951171875,1274.1600341796875,1284.8900146484375,1278.02001953125,456600.0,1278.02001953125
2016-05-18,BKNG,1288.0,1255.3800048828125,1271.2099609375,1267.27001953125,378500.0,1267.27001953125
2016-05-19,BKNG,1258.9000244140625,1233.8900146484375,1250.780029296875,1250.31005859375,548800.0,1250.31005859375
2016-05-20,BKNG,1258.8299560546875,1245.6800537109375,1254.2099609375,1249.2900390625,445700.0,1249.2900390625
2016-05-23,BKNG,1253.9200439453125,1234.719970703125,1246.3499755859375,1237.489990234375,399700.0,1237.489990234375
2016-05-24,BKNG,1262.6600341796875,1236.949951171875,1237.8599853515625,1256.6300048828125,391900.0,1256.6300048828125
2016-05-25,BKNG,1277.22998046875,1251.0,1258.510009765625,1270.1800537109375,344800.0,1270.1800537109375
2016-05-26,BKNG,1279.989990234375,1261.5699462890625,1270.9300537109375,1269.02001953125,330500.0,1269.02001953125
2016-05-27,BKNG,1273.5999755859375,1262.5,1267.02001953125,1273.0,307100.0,1273.0
2016-05-31,BKNG,1286.3499755859375,1255.0,1278.449951171875,1264.3299560546875,784200.0,1264.3299560546875
2016-06-01,BKNG,1282.5699462890625,1249.510009765625,1259.06005859375,1278.0,755300.0,1278.0
2016-06-02,BKNG,1290.3499755859375,1272.1700439453125,1279.4000244140625,1290.0,447000.0,1290.0
2016-06-03,BKNG,1303.77001953125,1276.050048828125,1280.7900390625,1301.7099609375,596700.0,1301.7099609375
2016-06-06,BKNG,1351.739990234375,1299.0799560546875,1302.52001953125,1349.0999755859375,842600.0,1349.0999755859375
2016-06-07,BKNG,1373.97998046875,1345.010009765625,1348.010009765625,1360.0,865000.0,1360.0
2016-06-08,BKNG,1368.9000244140625,1352.010009765625,1360.0,1354.8299560546875,494500.0,1354.8299560546875
2016-06-09,BKNG,1351.31005859375,1336.31005859375,1347.02001953125,1340.0699462890625,450000.0,1340.0699462890625
2016-06-10,BKNG,1331.3599853515625,1315.4000244140625,1327.6099853515625,1318.9000244140625,479600.0,1318.9000244140625
2016-06-13,BKNG,1337.9599609375,1312.68994140625,1313.5,1315.469970703125,414900.0,1315.469970703125
2016-06-14,BKNG,1321.0,1291.02001953125,1310.9100341796875,1304.0999755859375,527000.0,1304.0999755859375
2016-06-15,BKNG,1319.0,1302.27001953125,1306.0999755859375,1305.4200439453125,490900.0,1305.4200439453125
2016-06-16,BKNG,1335.0,1303.3900146484375,1304.0,1323.8900146484375,629100.0,1323.8900146484375
2016-06-17,BKNG,1324.199951171875,1304.010009765625,1324.199951171875,1309.239990234375,535600.0,1309.239990234375
2016-06-20,BKNG,1359.9000244140625,1322.300048828125,1323.6400146484375,1341.9599609375,722900.0,1341.9599609375
2016-06-21,BKNG,1351.0,1329.2900390625,1344.3499755859375,1343.050048828125,453400.0,1343.050048828125
2016-06-22,BKNG,1374.5,1352.3299560546875,1373.25,1360.0999755859375,685500.0,1360.0999755859375
2016-06-23,BKNG,1394.0,1371.0,1374.0,1390.199951171875,679200.0,1390.199951171875
2016-06-24,BKNG,1313.77001953125,1217.3299560546875,1293.780029296875,1232.1400146484375,3179200.0,1232.1400146484375
2016-06-27,BKNG,1233.9100341796875,1148.06005859375,1220.1199951171875,1186.050048828125,1758600.0,1186.050048828125
2016-06-28,BKNG,1235.699951171875,1188.8499755859375,1217.97998046875,1204.25,1206000.0,1204.25
2016-06-29,BKNG,1248.9599609375,1216.0,1220.0,1239.4100341796875,778500.0,1239.4100341796875
2016-06-30,BKNG,1275.5699462890625,1240.010009765625,1271.25,1248.4100341796875,921500.0,1248.4100341796875
2016-07-01,BKNG,1275.699951171875,1245.510009765625,1249.010009765625,1267.3699951171875,644100.0,1267.3699951171875
2016-07-05,BKNG,1275.050048828125,1246.2099609375,1259.56005859375,1275.030029296875,568800.0,1275.030029296875
2016-07-06,BKNG,1294.4300537109375,1260.0,1269.8599853515625,1292.0400390625,561800.0,1292.0400390625
2016-07-07,BKNG,1305.93994140625,1289.6400146484375,1289.6400146484375,1297.260009765625,494900.0,1297.260009765625
2016-07-08,BKNG,1330.6199951171875,1304.219970703125,1306.93994140625,1329.4599609375,712700.0,1329.4599609375
2016-07-11,BKNG,1360.989990234375,1341.489990234375,1342.9000244140625,1351.030029296875,648200.0,1351.030029296875
2016-07-12,BKNG,1366.989990234375,1334.010009765625,1362.0,1345.4300537109375,489500.0,1345.4300537109375
2016-07-13,BKNG,1359.7099609375,1337.8900146484375,1342.3800048828125,1338.6500244140625,351400.0,1338.6500244140625
2016-07-14,BKNG,1351.0,1340.25,1345.260009765625,1346.1800537109375,290200.0,1346.1800537109375
2016-07-15,BKNG,1334.0,1322.5899658203125,1327.8900146484375,1330.5699462890625,562000.0,1330.5699462890625
2016-07-18,BKNG,1349.4300537109375,1328.0999755859375,1332.5,1341.3599853515625,300100.0,1341.3599853515625
2016-07-19,BKNG,1338.5899658203125,1325.0,1332.0,1327.0,381600.0,1327.0
2016-07-20,BKNG,1362.989990234375,1323.6800537109375,1330.1099853515625,1352.8299560546875,649700.0,1352.8299560546875
2016-07-21,BKNG,1350.800048828125,1325.8199462890625,1349.010009765625,1332.5,523100.0,1332.5
2016-07-22,BKNG,1336.699951171875,1323.0699462890625,1336.22998046875,1327.4000244140625,405700.0,1327.4000244140625
2016-07-25,BKNG,1330.72998046875,1305.0899658203125,1330.449951171875,1321.6700439453125,592700.0,1321.6700439453125
2016-07-26,BKNG,1331.3199462890625,1316.030029296875,1322.75,1324.530029296875,456100.0,1324.530029296875
2016-07-27,BKNG,1340.0,1315.4599609375,1319.4000244140625,1324.47998046875,481500.0,1324.47998046875
2016-07-28,BKNG,1329.8699951171875,1310.0,1310.0,1326.0999755859375,500500.0,1326.0999755859375
2016-07-29,BKNG,1353.989990234375,1313.4200439453125,1314.989990234375,1350.81005859375,1413600.0,1350.81005859375
2016-08-01,BKNG,1363.5899658203125,1342.4000244140625,1353.72998046875,1356.0799560546875,547900.0,1356.0799560546875
2016-08-02,BKNG,1363.0,1325.719970703125,1353.31005859375,1345.3800048828125,597400.0,1345.3800048828125
2016-08-03,BKNG,1376.6800537109375,1336.030029296875,1341.5999755859375,1371.1400146484375,861800.0,1371.1400146484375
2016-08-04,BKNG,1363.6800537109375,1344.3199462890625,1358.4000244140625,1359.989990234375,1321600.0,1359.989990234375
2016-08-05,BKNG,1435.0,1406.989990234375,1435.0,1414.219970703125,1456600.0,1414.219970703125
2016-08-08,BKNG,1418.5799560546875,1402.02001953125,1415.5400390625,1405.0,637000.0,1405.0
2016-08-09,BKNG,1409.4000244140625,1398.25,1404.510009765625,1407.010009765625,428100.0,1407.010009765625
2016-08-10,BKNG,1412.0,1401.050048828125,1411.0,1406.280029296875,268000.0,1406.280029296875
2016-08-11,BKNG,1416.4300537109375,1405.3699951171875,1408.75,1406.9200439453125,301200.0,1406.9200439453125
2016-08-12,BKNG,1408.3399658203125,1400.949951171875,1400.949951171875,1407.97998046875,281200.0,1407.97998046875
2016-08-15,BKNG,1412.0999755859375,1396.75,1408.0,1399.1600341796875,428800.0,1399.1600341796875
2016-08-16,BKNG,1410.3699951171875,1392.43994140625,1397.949951171875,1408.6600341796875,365500.0,1408.6600341796875
2016-08-17,BKNG,1429.27001953125,1404.030029296875,1408.6600341796875,1427.199951171875,479700.0,1427.199951171875
2016-08-18,BKNG,1449.9000244140625,1437.5,1440.0,1443.0699462890625,523500.0,1443.0699462890625
2016-08-19,BKNG,1443.0699462890625,1428.0799560546875,1438.0,1432.0,476800.0,1432.0
2016-08-22,BKNG,1434.449951171875,1421.0,1434.43994140625,1423.989990234375,405700.0,1423.989990234375
2016-08-23,BKNG,1433.0,1419.5,1425.3199462890625,1422.469970703125,306200.0,1422.469970703125
2016-08-24,BKNG,1429.530029296875,1404.010009765625,1419.2099609375,1410.1800537109375,369200.0,1410.1800537109375
2016-08-25,BKNG,1418.5999755859375,1404.1300048828125,1404.1300048828125,1415.550048828125,309300.0,1415.550048828125
2016-08-26,BKNG,1429.68994140625,1410.5,1415.550048828125,1419.7900390625,412000.0,1419.7900390625
2016-08-29,BKNG,1433.969970703125,1419.760009765625,1423.0,1425.18994140625,316600.0,1425.18994140625
2016-08-30,BKNG,1430.510009765625,1412.0,1422.68994140625,1416.550048828125,199000.0,1416.550048828125
2016-08-31,BKNG,1418.4100341796875,1408.0,1414.1500244140625,1416.72998046875,167200.0,1416.72998046875
2016-09-01,BKNG,1424.3699951171875,1408.530029296875,1422.5,1418.5899658203125,307100.0,1418.5899658203125
2016-09-02,BKNG,1429.97998046875,1415.760009765625,1427.0,1422.8499755859375,263600.0,1422.8499755859375
2016-09-06,BKNG,1436.9599609375,1416.25,1421.9200439453125,1436.9599609375,386800.0,1436.9599609375
2016-09-07,BKNG,1447.3199462890625,1429.8299560546875,1434.75,1444.010009765625,302200.0,1444.010009765625
2016-09-08,BKNG,1454.1099853515625,1441.9300537109375,1443.3299560546875,1445.8299560546875,350500.0,1445.8299560546875
2016-09-09,BKNG,1443.0,1413.22998046875,1432.6600341796875,1413.9000244140625,496100.0,1413.9000244140625
2016-09-12,BKNG,1443.1300048828125,1402.6700439453125,1402.6700439453125,1436.2099609375,504600.0,1436.2099609375
2016-09-13,BKNG,1439.989990234375,1405.530029296875,1426.0,1415.949951171875,523700.0,1415.949951171875
2016-09-14,BKNG,1431.199951171875,1416.010009765625,1418.699951171875,1429.3800048828125,393200.0,1429.3800048828125
2016-09-15,BKNG,1458.9100341796875,1426.1600341796875,1431.97998046875,1457.219970703125,733800.0,1457.219970703125
2016-09-16,BKNG,1462.9100341796875,1442.219970703125,1453.31005859375,1460.050048828125,740400.0,1460.050048828125
2016-09-19,BKNG,1473.1700439453125,1446.550048828125,1469.0,1448.06005859375,503000.0,1448.06005859375
2016-09-20,BKNG,1459.530029296875,1440.0,1457.8900146484375,1449.0,289700.0,1449.0
2016-09-21,BKNG,1464.68994140625,1442.510009765625,1452.6400146484375,1464.0,412500.0,1464.0
2016-09-22,BKNG,1469.9300537109375,1458.0,1464.8499755859375,1465.8699951171875,337200.0,1465.8699951171875
2016-09-23,BKNG,1465.0,1452.4100341796875,1465.0,1456.760009765625,321200.0,1456.760009765625
2016-09-26,BKNG,1453.77001953125,1440.22998046875,1452.6199951171875,1447.1500244140625,327600.0,1447.1500244140625
2016-09-27,BKNG,1460.52001953125,1441.219970703125,1446.6500244140625,1453.489990234375,471900.0,1453.489990234375
2016-09-28,BKNG,1461.56005859375,1449.25,1459.47998046875,1458.030029296875,394700.0,1458.030029296875
2016-09-29,BKNG,1481.780029296875,1455.31005859375,1459.010009765625,1472.97998046875,652500.0,1472.97998046875
2016-09-30,BKNG,1480.68994140625,1463.9200439453125,1478.0699462890625,1471.489990234375,436500.0,1471.489990234375
2016-10-03,BKNG,1490.4300537109375,1459.4200439453125,1463.8299560546875,1486.719970703125,514100.0,1486.719970703125
2016-10-04,BKNG,1498.8299560546875,1483.02001953125,1494.3499755859375,1489.02001953125,386300.0,1489.02001953125
2016-10-05,BKNG,1501.7900390625,1490.0,1493.56005859375,1497.5799560546875,399000.0,1497.5799560546875
2016-10-06,BKNG,1497.260009765625,1485.280029296875,1492.72998046875,1490.43994140625,361800.0,1490.43994140625
2016-10-07,BKNG,1498.739990234375,1478.010009765625,1498.739990234375,1479.8199462890625,414200.0,1479.8199462890625
2016-10-10,BKNG,1486.5899658203125,1470.239990234375,1481.0,1475.1800537109375,441800.0,1475.1800537109375
2016-10-11,BKNG,1475.52001953125,1455.010009765625,1470.0,1459.02001953125,418200.0,1459.02001953125
2016-10-12,BKNG,1469.300048828125,1452.81005859375,1458.0,1454.8399658203125,287900.0,1454.8399658203125
2016-10-13,BKNG,1449.1600341796875,1429.5799560546875,1445.800048828125,1442.52001953125,483600.0,1442.52001953125
2016-10-14,BKNG,1456.3499755859375,1435.050048828125,1450.0,1439.5699462890625,328600.0,1439.5699462890625
2016-10-17,BKNG,1443.3599853515625,1429.5999755859375,1436.6300048828125,1437.6500244140625,263700.0,1437.6500244140625
2016-10-18,BKNG,1459.9000244140625,1446.510009765625,1450.6300048828125,1454.969970703125,326100.0,1454.969970703125
2016-10-19,BKNG,1474.699951171875,1455.2099609375,1457.3499755859375,1469.199951171875,344600.0,1469.199951171875
2016-10-20,BKNG,1473.989990234375,1461.010009765625,1473.9300537109375,1468.2900390625,300400.0,1468.2900390625
2016-10-21,BKNG,1468.0,1455.5,1460.77001953125,1467.3900146484375,379700.0,1467.3900146484375
2016-10-24,BKNG,1479.8299560546875,1465.47998046875,1478.2099609375,1471.800048828125,274600.0,1471.800048828125
2016-10-25,BKNG,1481.8499755859375,1465.8699951171875,1466.239990234375,1479.030029296875,365700.0,1479.030029296875
2016-10-26,BKNG,1477.550048828125,1465.47998046875,1475.0,1469.1600341796875,416700.0,1469.1600341796875
2016-10-27,BKNG,1480.0,1461.0799560546875,1475.0999755859375,1463.02001953125,358800.0,1463.02001953125
2016-10-28,BKNG,1483.0,1460.0,1465.0799560546875,1474.8199462890625,600900.0,1474.8199462890625
2016-10-31,BKNG,1479.6099853515625,1472.280029296875,1478.300048828125,1474.22998046875,284200.0,1474.22998046875
2016-11-01,BKNG,1480.010009765625,1453.9300537109375,1474.22998046875,1467.0,562900.0,1467.0
2016-11-02,BKNG,1469.550048828125,1441.7900390625,1468.47998046875,1445.3299560546875,539800.0,1445.3299560546875
2016-11-03,BKNG,1456.52001953125,1435.4100341796875,1449.3499755859375,1438.0999755859375,367700.0,1438.0999755859375
2016-11-04,BKNG,1442.1400146484375,1422.18994140625,1429.050048828125,1424.280029296875,435300.0,1424.280029296875
2016-11-07,BKNG,1485.199951171875,1435.7900390625,1437.449951171875,1480.3299560546875,1395500.0,1480.3299560546875
2016-11-08,BKNG,1589.2099609375,1540.0,1540.0,1578.1300048828125,1561000.0,1578.1300048828125
2016-11-09,BKNG,1575.0,1546.5799560546875,1565.0,1570.260009765625,912500.0,1570.260009765625
2016-11-10,BKNG,1600.9300537109375,1520.300048828125,1584.43994140625,1554.3199462890625,1101600.0,1554.3199462890625
2016-11-11,BKNG,1557.699951171875,1530.8699951171875,1548.0999755859375,1540.6500244140625,643000.0,1540.6500244140625
2016-11-14,BKNG,1541.9300537109375,1482.22998046875,1540.4599609375,1489.1800537109375,801600.0,1489.1800537109375
2016-11-15,BKNG,1507.77001953125,1485.5999755859375,1499.969970703125,1497.449951171875,669100.0,1497.449951171875
2016-11-16,BKNG,1517.0,1488.22998046875,1492.3900146484375,1503.22998046875,366800.0,1503.22998046875
2016-11-17,BKNG,1530.949951171875,1500.18994140625,1502.5400390625,1512.9000244140625,413500.0,1512.9000244140625
2016-11-18,BKNG,1529.0,1504.530029296875,1512.280029296875,1507.3499755859375,426300.0,1507.3499755859375
2016-11-21,BKNG,1531.030029296875,1507.199951171875,1512.0,1524.1800537109375,295800.0,1524.1800537109375
2016-11-22,BKNG,1535.9000244140625,1525.6400146484375,1530.25,1535.4200439453125,320100.0,1535.4200439453125
2016-11-23,BKNG,1533.56005859375,1510.8900146484375,1530.9200439453125,1520.989990234375,319000.0,1520.989990234375
2016-11-25,BKNG,1527.989990234375,1511.4000244140625,1523.1199951171875,1521.6800537109375,173700.0,1521.6800537109375
2016-11-28,BKNG,1536.0,1513.1099853515625,1517.300048828125,1525.0699462890625,348900.0,1525.0699462890625
2016-11-29,BKNG,1532.9000244140625,1515.0,1528.6500244140625,1520.27001953125,327100.0,1520.27001953125
2016-11-30,BKNG,1528.5799560546875,1500.2099609375,1523.25,1503.6800537109375,375600.0,1503.6800537109375
2016-12-01,BKNG,1504.1199951171875,1468.969970703125,1501.68994140625,1479.6600341796875,572600.0,1479.6600341796875
2016-12-02,BKNG,1488.800048828125,1466.97998046875,1481.47998046875,1473.0,336100.0,1473.0
2016-12-05,BKNG,1502.8699951171875,1475.22998046875,1476.18994140625,1499.760009765625,349300.0,1499.760009765625
2016-12-06,BKNG,1508.0899658203125,1493.989990234375,1506.9599609375,1504.8199462890625,254900.0,1504.8199462890625
2016-12-07,BKNG,1527.800048828125,1501.8699951171875,1504.68994140625,1527.0400390625,389900.0,1527.0400390625
2016-12-08,BKNG,1551.77001953125,1522.760009765625,1535.3599853515625,1548.6700439453125,505900.0,1548.6700439453125
2016-12-09,BKNG,1559.1800537109375,1549.93994140625,1555.5,1557.97998046875,333900.0,1557.97998046875
2016-12-12,BKNG,1566.6300048828125,1528.5699462890625,1560.550048828125,1536.780029296875,396400.0,1536.780029296875
2016-12-13,BKNG,1560.0,1538.260009765625,1545.18994140625,1540.1099853515625,388000.0,1540.1099853515625
2016-12-14,BKNG,1549.1300048828125,1525.719970703125,1542.739990234375,1528.449951171875,307600.0,1528.449951171875
2016-12-15,BKNG,1523.0,1500.5699462890625,1520.0,1501.199951171875,584200.0,1501.199951171875
2016-12-16,BKNG,1507.969970703125,1473.1300048828125,1507.5,1484.280029296875,714500.0,1484.280029296875
2016-12-19,BKNG,1501.469970703125,1477.989990234375,1484.27001953125,1488.8299560546875,390100.0,1488.8299560546875
2016-12-20,BKNG,1503.9599609375,1483.97998046875,1488.06005859375,1502.25,306500.0,1502.25
2016-12-21,BKNG,1512.7099609375,1495.0,1498.1099853515625,1505.760009765625,290700.0,1505.760009765625
2016-12-22,BKNG,1503.1800537109375,1475.4200439453125,1501.4000244140625,1481.3399658203125,406400.0,1481.3399658203125
2016-12-23,BKNG,1490.0799560546875,1470.3399658203125,1477.5400390625,1486.199951171875,275600.0,1486.199951171875
2016-12-27,BKNG,1503.3900146484375,1486.4300537109375,1490.010009765625,1493.4200439453125,193900.0,1493.4200439453125
2016-12-28,BKNG,1496.050048828125,1476.47998046875,1494.72998046875,1480.4599609375,248700.0,1480.4599609375
2016-12-29,BKNG,1487.4300537109375,1473.3499755859375,1477.2099609375,1480.1600341796875,200900.0,1480.1600341796875
2016-12-30,BKNG,1483.489990234375,1462.3399658203125,1483.489990234375,1466.06005859375,407400.0,1466.06005859375
2017-01-03,BKNG,1487.3599853515625,1459.489990234375,1476.9100341796875,1477.5699462890625,458500.0,1477.5699462890625
2017-01-04,BKNG,1493.6500244140625,1480.75,1484.6400146484375,1487.2900390625,387700.0,1487.2900390625
2017-01-05,BKNG,1504.93994140625,1489.8900146484375,1489.8900146484375,1503.699951171875,447500.0,1503.699951171875
2017-01-06,BKNG,1526.469970703125,1501.2099609375,1501.5400390625,1520.5699462890625,473400.0,1520.5699462890625
2017-01-09,BKNG,1538.77001953125,1518.0,1518.0,1529.6400146484375,397500.0,1529.6400146484375
2017-01-10,BKNG,1544.56005859375,1529.5,1534.9599609375,1535.25,325100.0,1535.25
2017-01-11,BKNG,1546.6700439453125,1527.02001953125,1532.2099609375,1536.1099853515625,404600.0,1536.1099853515625
2017-01-12,BKNG,1539.9300537109375,1516.0,1531.56005859375,1538.5899658203125,314900.0,1538.5899658203125
2017-01-13,BKNG,1548.949951171875,1531.260009765625,1535.75,1545.8199462890625,326200.0,1545.8199462890625
2017-01-17,BKNG,1546.989990234375,1534.010009765625,1544.0,1540.1300048828125,330200.0,1540.1300048828125
2017-01-18,BKNG,1547.25,1529.2099609375,1545.219970703125,1541.8599853515625,246000.0,1541.8599853515625
2017-01-19,BKNG,1549.0,1532.719970703125,1541.4000244140625,1539.02001953125,279200.0,1539.02001953125
2017-01-20,BKNG,1547.56005859375,1528.010009765625,1547.56005859375,1545.010009765625,596500.0,1545.010009765625
2017-01-23,BKNG,1555.72998046875,1534.6300048828125,1541.469970703125,1554.989990234375,430300.0,1554.989990234375
2017-01-24,BKNG,1566.06005859375,1552.1300048828125,1558.3800048828125,1563.3299560546875,360300.0,1563.3299560546875
2017-01-25,BKNG,1581.469970703125,1565.260009765625,1569.0,1578.8199462890625,308000.0,1578.8199462890625
2017-01-26,BKNG,1587.510009765625,1575.449951171875,1576.56005859375,1581.43994140625,294200.0,1581.43994140625
2017-01-27,BKNG,1605.469970703125,1577.6700439453125,1581.0,1602.9200439453125,428000.0,1602.9200439453125
2017-01-30,BKNG,1603.5799560546875,1571.0,1598.6500244140625,1602.31005859375,469200.0,1602.31005859375
2017-01-31,BKNG,1599.4100341796875,1569.030029296875,1599.0,1575.1300048828125,517600.0,1575.1300048828125
2017-02-01,BKNG,1586.5899658203125,1562.8599853515625,1584.0899658203125,1575.31005859375,330700.0,1575.31005859375
2017-02-02,BKNG,1585.449951171875,1567.0,1570.030029296875,1574.0899658203125,444500.0,1574.0899658203125
2017-02-03,BKNG,1587.989990234375,1572.81005859375,1576.489990234375,1583.3800048828125,317500.0,1583.3800048828125
2017-02-06,BKNG,1588.8699951171875,1571.3199462890625,1581.3399658203125,1587.1800537109375,210200.0,1587.1800537109375
2017-02-07,BKNG,1598.9300537109375,1588.0,1590.0,1598.699951171875,295400.0,1598.699951171875
2017-02-08,BKNG,1604.300048828125,1589.0,1595.1800537109375,1601.18994140625,373600.0,1601.18994140625
2017-02-09,BKNG,1616.0799560546875,1598.050048828125,1602.8399658203125,1611.8299560546875,414300.0,1611.8299560546875
2017-02-10,BKNG,1649.6500244140625,1614.02001953125,1617.469970703125,1646.510009765625,843800.0,1646.510009765625
2017-02-13,BKNG,1652.0,1640.0,1652.0,1646.1800537109375,413500.0,1646.1800537109375
2017-02-14,BKNG,1646.31005859375,1630.3399658203125,1646.1800537109375,1637.2900390625,391000.0,1637.2900390625
2017-02-15,BKNG,1651.27001953125,1628.0,1631.300048828125,1648.9599609375,280600.0,1648.9599609375
2017-02-16,BKNG,1658.969970703125,1642.5,1647.449951171875,1648.8800048828125,301600.0,1648.8800048828125
2017-02-17,BKNG,1648.780029296875,1634.06005859375,1648.780029296875,1637.4000244140625,414000.0,1637.4000244140625
2017-02-21,BKNG,1657.239990234375,1637.4200439453125,1642.97998046875,1647.0,460300.0,1647.0
2017-02-22,BKNG,1653.4599609375,1639.0,1641.52001953125,1651.739990234375,278400.0,1651.739990234375
2017-02-23,BKNG,1664.989990234375,1633.4000244140625,1661.9000244140625,1637.260009765625,412300.0,1637.260009765625
2017-02-24,BKNG,1640.6800537109375,1622.02001953125,1627.550048828125,1631.6199951171875,562400.0,1631.6199951171875
2017-02-27,BKNG,1635.3199462890625,1612.4100341796875,1631.1099853515625,1632.010009765625,813000.0,1632.010009765625
2017-02-28,BKNG,1748.3900146484375,1698.0999755859375,1703.8900146484375,1724.1300048828125,1739800.0,1724.1300048828125
2017-03-01,BKNG,1742.02001953125,1726.22998046875,1741.0,1733.1800537109375,623700.0,1733.1800537109375
2017-03-02,BKNG,1747.260009765625,1730.800048828125,1737.52001953125,1734.3699951171875,503300.0,1734.3699951171875
2017-03-03,BKNG,1742.0,1729.4100341796875,1731.0,1735.0999755859375,291700.0,1735.0999755859375
2017-03-06,BKNG,1736.8499755859375,1727.0,1730.0,1730.2099609375,353800.0,1730.2099609375
2017-03-07,BKNG,1737.6199951171875,1720.0,1720.0,1736.4599609375,282600.0,1736.4599609375
2017-03-08,BKNG,1749.6400146484375,1731.6700439453125,1735.199951171875,1743.489990234375,421100.0,1743.489990234375
2017-03-09,BKNG,1756.3199462890625,1738.1500244140625,1738.1500244140625,1749.4200439453125,419500.0,1749.4200439453125
2017-03-10,BKNG,1759.1700439453125,1750.81005859375,1757.1400146484375,1754.239990234375,330700.0,1754.239990234375
2017-03-13,BKNG,1772.489990234375,1754.93994140625,1757.0,1767.1199951171875,327900.0,1767.1199951171875
2017-03-14,BKNG,1769.8599853515625,1756.239990234375,1767.9300537109375,1769.0,320900.0,1769.0
2017-03-15,BKNG,1773.3800048828125,1759.780029296875,1772.780029296875,1767.97998046875,353200.0,1767.97998046875
2017-03-16,BKNG,1775.0,1768.93994140625,1771.0,1773.97998046875,302200.0,1773.97998046875
2017-03-17,BKNG,1774.72998046875,1766.780029296875,1774.72998046875,1772.6300048828125,414600.0,1772.6300048828125
2017-03-20,BKNG,1776.68994140625,1762.5699462890625,1773.5,1765.43994140625,262400.0,1765.43994140625
2017-03-21,BKNG,1772.0,1744.0799560546875,1772.0,1747.1400146484375,432800.0,1747.1400146484375
2017-03-22,BKNG,1754.9000244140625,1739.0,1747.1400146484375,1751.989990234375,277800.0,1751.989990234375
2017-03-23,BKNG,1758.800048828125,1747.6700439453125,1752.949951171875,1748.3299560546875,220900.0,1748.3299560546875
2017-03-24,BKNG,1757.489990234375,1748.18994140625,1753.5999755859375,1753.1099853515625,300400.0,1753.1099853515625
2017-03-27,BKNG,1774.3399658203125,1733.0,1736.0,1772.0,400400.0,1772.0
2017-03-28,BKNG,1798.75,1766.510009765625,1767.6500244140625,1788.449951171875,454900.0,1788.449951171875
2017-03-29,BKNG,1797.4599609375,1783.300048828125,1789.8299560546875,1785.050048828125,287800.0,1785.050048828125
2017-03-30,BKNG,1795.56005859375,1779.6400146484375,1788.47998046875,1789.199951171875,277400.0,1789.199951171875
2017-03-31,BKNG,1790.780029296875,1778.780029296875,1784.739990234375,1779.969970703125,420500.0,1779.969970703125
2017-04-03,BKNG,1785.0,1766.010009765625,1776.260009765625,1773.989990234375,359800.0,1773.989990234375
2017-04-04,BKNG,1774.5,1761.4100341796875,1772.989990234375,1767.3800048828125,258300.0,1767.3800048828125
2017-04-05,BKNG,1787.5699462890625,1758.75,1770.6600341796875,1761.77001953125,324100.0,1761.77001953125
2017-04-06,BKNG,1774.93994140625,1755.3699951171875,1764.75,1773.52001953125,326800.0,1773.52001953125
2017-04-07,BKNG,1773.989990234375,1761.260009765625,1773.93994140625,1769.56005859375,289700.0,1769.56005859375
2017-04-10,BKNG,1782.1199951171875,1767.199951171875,1770.0,1775.969970703125,262000.0,1775.969970703125
2017-04-11,BKNG,1780.550048828125,1756.5999755859375,1770.010009765625,1768.4000244140625,352900.0,1768.4000244140625
2017-04-12,BKNG,1774.9000244140625,1750.010009765625,1774.5799560546875,1750.010009765625,426800.0,1750.010009765625
2017-04-13,BKNG,1757.1800537109375,1738.3399658203125,1754.6300048828125,1738.77001953125,418300.0,1738.77001953125
2017-04-17,BKNG,1772.8499755859375,1739.699951171875,1743.0,1770.6099853515625,425000.0,1770.6099853515625
2017-04-18,BKNG,1770.989990234375,1755.3900146484375,1768.5899658203125,1763.31005859375,287000.0,1763.31005859375
2017-04-19,BKNG,1771.239990234375,1757.4100341796875,1766.9000244140625,1763.199951171875,291100.0,1763.199951171875
2017-04-20,BKNG,1771.8599853515625,1760.239990234375,1764.27001953125,1760.800048828125,346600.0,1760.800048828125
2017-04-21,BKNG,1765.969970703125,1746.3699951171875,1759.9000244140625,1752.010009765625,459500.0,1752.010009765625
2017-04-24,BKNG,1805.780029296875,1773.9000244140625,1778.4599609375,1798.6199951171875,852100.0,1798.6199951171875
2017-04-25,BKNG,1807.780029296875,1795.31005859375,1807.780029296875,1799.0899658203125,355800.0,1799.0899658203125
2017-04-26,BKNG,1806.050048828125,1793.199951171875,1799.199951171875,1804.1199951171875,321700.0,1804.1199951171875
2017-04-27,BKNG,1839.56005859375,1800.280029296875,1807.0,1835.8699951171875,436100.0,1835.8699951171875
2017-04-28,BKNG,1858.6099853515625,1838.489990234375,1851.489990234375,1846.8199462890625,477400.0,1846.8199462890625
2017-05-01,BKNG,1890.8299560546875,1849.9000244140625,1849.9000244140625,1869.9200439453125,481200.0,1869.9200439453125
2017-05-02,BKNG,1882.969970703125,1862.449951171875,1874.3800048828125,1880.52001953125,259600.0,1880.52001953125
2017-05-03,BKNG,1884.989990234375,1865.469970703125,1884.6500244140625,1876.7900390625,300600.0,1876.7900390625
2017-05-04,BKNG,1917.9000244140625,1870.5799560546875,1880.0,1910.4100341796875,675800.0,1910.4100341796875
2017-05-05,BKNG,1922.260009765625,1897.3800048828125,1918.0,1903.6500244140625,580300.0,1903.6500244140625
2017-05-08,BKNG,1927.1300048828125,1896.0,1907.0,1903.9100341796875,585000.0,1903.9100341796875
2017-05-09,BKNG,1915.969970703125,1898.0400390625,1911.43994140625,1911.1300048828125,771500.0,1911.1300048828125
2017-05-10,BKNG,1853.780029296875,1801.0,1853.780029296875,1824.77001953125,1761100.0,1824.77001953125
2017-05-11,BKNG,1824.760009765625,1800.7099609375,1819.75,1813.56005859375,774800.0,1813.56005859375
2017-05-12,BKNG,1827.5699462890625,1814.0,1824.3299560546875,1818.1800537109375,638700.0,1818.1800537109375
2017-05-15,BKNG,1827.27001953125,1811.0,1817.969970703125,1813.81005859375,521900.0,1813.81005859375
2017-05-16,BKNG,1835.219970703125,1817.56005859375,1819.8299560546875,1829.800048828125,486500.0,1829.800048828125
2017-05-17,BKNG,1820.4599609375,1793.5999755859375,1818.43994140625,1795.68994140625,621800.0,1795.68994140625
2017-05-18,BKNG,1814.1700439453125,1791.4000244140625,1795.0,1796.030029296875,502500.0,1796.030029296875
2017-05-19,BKNG,1822.219970703125,1799.6700439453125,1800.0,1808.280029296875,457700.0,1808.280029296875
2017-05-22,BKNG,1832.4599609375,1813.3699951171875,1815.9000244140625,1828.4200439453125,367200.0,1828.4200439453125
2017-05-23,BKNG,1832.97998046875,1814.5,1825.43994140625,1827.93994140625,346200.0,1827.93994140625
2017-05-24,BKNG,1850.0,1829.1300048828125,1829.1300048828125,1848.739990234375,408500.0,1848.739990234375
2017-05-25,BKNG,1870.3900146484375,1848.4000244140625,1850.0,1860.4300537109375,532300.0,1860.4300537109375
2017-05-26,BKNG,1869.47998046875,1852.6400146484375,1861.550048828125,1863.9000244140625,419600.0,1863.9000244140625
2017-05-30,BKNG,1863.6500244140625,1845.5999755859375,1857.6700439453125,1857.449951171875,484100.0,1857.449951171875
2017-05-31,BKNG,1877.0899658203125,1850.0,1862.3800048828125,1877.0899658203125,560900.0,1877.0899658203125
2017-06-01,BKNG,1894.77001953125,1870.4300537109375,1878.25,1890.8199462890625,433800.0,1890.8199462890625
2017-06-02,BKNG,1902.0,1881.02001953125,1899.0400390625,1895.9599609375,463300.0,1895.9599609375
2017-06-05,BKNG,1900.25,1888.8900146484375,1889.7099609375,1891.5799560546875,327600.0,1891.5799560546875
2017-06-06,BKNG,1908.9200439453125,1886.9000244140625,1888.93994140625,1889.8599853515625,459600.0,1889.8599853515625
2017-06-07,BKNG,1894.8399658203125,1878.47998046875,1890.199951171875,1890.3699951171875,380100.0,1890.3699951171875
2017-06-08,BKNG,1899.1300048828125,1884.72998046875,1894.0,1892.3800048828125,339000.0,1892.3800048828125
2017-06-09,BKNG,1895.31005859375,1826.5400390625,1890.0,1842.1199951171875,667000.0,1842.1199951171875
2017-06-12,BKNG,1839.469970703125,1781.1099853515625,1835.0,1812.989990234375,1001800.0,1812.989990234375
2017-06-13,BKNG,1854.77001953125,1822.6199951171875,1825.72998046875,1843.52001953125,512000.0,1843.52001953125
2017-06-14,BKNG,1855.56005859375,1815.010009765625,1845.0,1831.6099853515625,551800.0,1831.6099853515625
2017-06-15,BKNG,1819.5899658203125,1791.6099853515625,1814.0,1809.199951171875,625000.0,1809.199951171875
2017-06-16,BKNG,1816.0799560546875,1797.3599853515625,1816.0799560546875,1802.6099853515625,523800.0,1802.6099853515625
2017-06-19,BKNG,1855.9000244140625,1812.02001953125,1815.780029296875,1851.5999755859375,562400.0,1851.5999755859375
2017-06-20,BKNG,1858.8199462890625,1844.219970703125,1850.0,1850.6400146484375,378800.0,1850.6400146484375
2017-06-21,BKNG,1870.0,1848.0400390625,1854.5899658203125,1867.780029296875,305600.0,1867.780029296875
2017-06-22,BKNG,1874.8900146484375,1861.0,1870.800048828125,1862.9300537109375,278800.0,1862.9300537109375
2017-06-23,BKNG,1876.6199951171875,1855.219970703125,1859.550048828125,1874.280029296875,359900.0,1874.280029296875
2017-06-26,BKNG,1896.050048828125,1867.6400146484375,1880.0,1876.3399658203125,406500.0,1876.3399658203125
2017-06-27,BKNG,1882.050048828125,1852.6099853515625,1871.2900390625,1858.25,339400.0,1858.25
2017-06-28,BKNG,1898.6800537109375,1861.75,1864.6600341796875,1890.2099609375,499900.0,1890.2099609375
2017-06-29,BKNG,1889.68994140625,1850.5,1881.1199951171875,1876.989990234375,516900.0,1876.989990234375
2017-06-30,BKNG,1887.010009765625,1870.0400390625,1884.050048828125,1870.52001953125,461200.0,1870.52001953125
2017-07-03,BKNG,1884.3199462890625,1836.0799560546875,1877.6700439453125,1843.1300048828125,335000.0,1843.1300048828125
2017-07-05,BKNG,1869.280029296875,1841.3699951171875,1845.5,1866.010009765625,374900.0,1866.010009765625
2017-07-06,BKNG,1877.300048828125,1845.010009765625,1851.1500244140625,1872.300048828125,422600.0,1872.300048828125
2017-07-07,BKNG,1921.4000244140625,1873.8599853515625,1873.8599853515625,1918.5,631000.0,1918.5
2017-07-10,BKNG,1936.219970703125,1911.4599609375,1920.0,1921.8199462890625,360800.0,1921.8199462890625
2017-07-11,BKNG,1933.550048828125,1903.9000244140625,1920.8900146484375,1929.1500244140625,318400.0,1929.1500244140625
2017-07-12,BKNG,1951.4000244140625,1937.0,1939.219970703125,1946.1800537109375,344200.0,1946.1800537109375
2017-07-13,BKNG,1950.0,1934.72998046875,1950.0,1940.699951171875,291100.0,1940.699951171875
2017-07-14,BKNG,1955.6199951171875,1942.8800048828125,1949.469970703125,1950.8699951171875,302300.0,1950.8699951171875
2017-07-17,BKNG,1955.68994140625,1938.449951171875,1949.1099853515625,1945.4599609375,264600.0,1945.4599609375
2017-07-18,BKNG,1989.0400390625,1948.260009765625,1949.0,1976.239990234375,504800.0,1976.239990234375
2017-07-19,BKNG,1999.0,1980.4200439453125,1981.1800537109375,1992.0999755859375,361100.0,1992.0999755859375
2017-07-20,BKNG,2008.6500244140625,1993.1700439453125,2000.47998046875,1999.219970703125,342100.0,1999.219970703125
2017-07-21,BKNG,2002.8499755859375,1990.1800537109375,1993.52001953125,1994.8900146484375,232700.0,1994.8900146484375
2017-07-24,BKNG,2005.0899658203125,1992.4599609375,1994.9000244140625,2002.010009765625,261700.0,2002.010009765625
2017-07-25,BKNG,2023.3699951171875,1995.3499755859375,2004.68994140625,2016.9100341796875,330700.0,2016.9100341796875
2017-07-26,BKNG,2037.0,2017.56005859375,2019.239990234375,2033.2099609375,311800.0,2033.2099609375
2017-07-27,BKNG,2043.949951171875,1996.0,2040.050048828125,2025.0899658203125,487500.0,2025.0899658203125
2017-07-28,BKNG,2040.6300048828125,2007.97998046875,2026.469970703125,2024.06005859375,505500.0,2024.06005859375
2017-07-31,BKNG,2033.0,2010.239990234375,2030.0,2028.5,501100.0,2028.5
2017-08-01,BKNG,2041.489990234375,2017.010009765625,2040.0899658203125,2024.5899658203125,371400.0,2024.5899658203125
2017-08-02,BKNG,2025.5,2000.0,2023.449951171875,2021.3699951171875,354300.0,2021.3699951171875
2017-08-03,BKNG,2030.0,2012.550048828125,2020.969970703125,2027.97998046875,430900.0,2027.97998046875
2017-08-04,BKNG,2035.469970703125,2020.2900390625,2031.02001953125,2032.77001953125,333200.0,2032.77001953125
2017-08-07,BKNG,2044.510009765625,2022.0,2034.72998046875,2042.6400146484375,402300.0,2042.6400146484375
2017-08-08,BKNG,2067.989990234375,2035.1099853515625,2044.0,2049.0,830600.0,2049.0
2017-08-09,BKNG,1919.989990234375,1875.0799560546875,1910.510009765625,1906.800048828125,2064800.0,1906.800048828125
2017-08-10,BKNG,1903.8599853515625,1845.4100341796875,1900.219970703125,1849.6199951171875,1010600.0,1849.6199951171875
2017-08-11,BKNG,1867.4000244140625,1845.1700439453125,1852.989990234375,1854.1700439453125,620200.0,1854.1700439453125
2017-08-14,BKNG,1877.0,1860.760009765625,1869.8699951171875,1873.949951171875,485900.0,1873.949951171875
2017-08-15,BKNG,1883.5,1859.050048828125,1879.300048828125,1860.8399658203125,368800.0,1860.8399658203125
2017-08-16,BKNG,1869.5,1852.300048828125,1869.5,1855.719970703125,396200.0,1855.719970703125
2017-08-17,BKNG,1854.6300048828125,1811.280029296875,1854.469970703125,1812.969970703125,640500.0,1812.969970703125
2017-08-18,BKNG,1820.0,1801.0,1809.6199951171875,1810.0,486100.0,1810.0
2017-08-21,BKNG,1820.25,1787.0,1807.4000244140625,1801.5400390625,463000.0,1801.5400390625
2017-08-22,BKNG,1821.1800537109375,1803.9100341796875,1812.5,1818.199951171875,475400.0,1818.199951171875
2017-08-23,BKNG,1823.68994140625,1808.1700439453125,1815.8900146484375,1813.02001953125,422000.0,1813.02001953125
2017-08-24,BKNG,1822.469970703125,1801.1099853515625,1813.0400390625,1815.510009765625,317000.0,1815.510009765625
2017-08-25,BKNG,1822.8299560546875,1788.2900390625,1822.8299560546875,1793.47998046875,423200.0,1793.47998046875
2017-08-28,BKNG,1805.0,1782.449951171875,1800.0,1789.9100341796875,485800.0,1789.9100341796875
2017-08-29,BKNG,1811.0,1774.4000244140625,1775.9000244140625,1807.06005859375,488800.0,1807.06005859375
2017-08-30,BKNG,1818.800048828125,1808.1500244140625,1809.0999755859375,1813.0,333400.0,1813.0
2017-08-31,BKNG,1856.3499755859375,1817.260009765625,1821.8199462890625,1852.0799560546875,532100.0,1852.0799560546875
2017-09-01,BKNG,1867.489990234375,1848.550048828125,1858.56005859375,1850.8199462890625,379800.0,1850.8199462890625
2017-09-05,BKNG,1848.1199951171875,1825.8199462890625,1845.75,1842.8900146484375,453000.0,1842.8900146484375
2017-09-06,BKNG,1851.8800048828125,1806.030029296875,1824.030029296875,1842.449951171875,517800.0,1842.449951171875
2017-09-07,BKNG,1853.8699951171875,1841.260009765625,1848.75,1845.3699951171875,321000.0,1845.3699951171875
2017-09-08,BKNG,1854.06005859375,1838.06005859375,1846.93994140625,1838.5699462890625,295500.0,1838.5699462890625
2017-09-11,BKNG,1870.25,1851.8900146484375,1852.06005859375,1868.8599853515625,578300.0,1868.8599853515625
2017-09-12,BKNG,1882.9000244140625,1858.199951171875,1875.4599609375,1868.6400146484375,345600.0,1868.6400146484375
2017-09-13,BKNG,1873.3900146484375,1859.1700439453125,1863.6400146484375,1871.1700439453125,235600.0,1871.1700439453125
2017-09-14,BKNG,1865.3499755859375,1840.6099853515625,1860.6800537109375,1845.2900390625,490100.0,1845.2900390625
2017-09-15,BKNG,1847.52001953125,1836.010009765625,1845.969970703125,1843.199951171875,379800.0,1843.199951171875
2017-09-18,BKNG,1867.8599853515625,1846.1500244140625,1846.56005859375,1854.1800537109375,319700.0,1854.1800537109375
2017-09-19,BKNG,1863.5,1844.5999755859375,1859.4599609375,1859.780029296875,301600.0,1859.780029296875
2017-09-20,BKNG,1872.81005859375,1853.1800537109375,1861.81005859375,1866.2099609375,253900.0,1866.2099609375
2017-09-21,BKNG,1876.0,1852.260009765625,1868.719970703125,1866.3499755859375,223200.0,1866.3499755859375
2017-09-22,BKNG,1874.449951171875,1857.739990234375,1864.5899658203125,1862.1300048828125,236100.0,1862.1300048828125
2017-09-25,BKNG,1861.3900146484375,1810.0,1856.1300048828125,1829.550048828125,614400.0,1829.550048828125
2017-09-26,BKNG,1843.4300537109375,1820.219970703125,1835.449951171875,1825.9200439453125,452700.0,1825.9200439453125
2017-09-27,BKNG,1834.77001953125,1814.1099853515625,1831.530029296875,1818.989990234375,441000.0,1818.989990234375
2017-09-28,BKNG,1824.3699951171875,1806.030029296875,1810.2099609375,1811.68994140625,311600.0,1811.68994140625
2017-09-29,BKNG,1839.0,1812.530029296875,1812.530029296875,1830.8199462890625,377500.0,1830.8199462890625
2017-10-02,BKNG,1874.949951171875,1838.5999755859375,1838.5999755859375,1857.469970703125,433000.0,1857.469970703125
2017-10-03,BKNG,1870.0,1857.0,1857.0,1867.6500244140625,286300.0,1867.6500244140625
2017-10-04,BKNG,1895.0,1862.9300537109375,1866.300048828125,1888.699951171875,379500.0,1888.699951171875
2017-10-05,BKNG,1913.969970703125,1889.010009765625,1894.5999755859375,1909.6099853515625,421000.0,1909.6099853515625
2017-10-06,BKNG,1922.0,1904.010009765625,1909.3399658203125,1918.0,291000.0,1918.0
2017-10-09,BKNG,1939.97998046875,1917.0400390625,1920.300048828125,1926.9300537109375,233400.0,1926.9300537109375
2017-10-10,BKNG,1943.5,1911.9000244140625,1938.0799560546875,1916.6500244140625,341500.0,1916.6500244140625
2017-10-11,BKNG,1926.6400146484375,1908.0,1916.550048828125,1920.199951171875,221100.0,1920.199951171875
2017-10-12,BKNG,1924.3599853515625,1913.4599609375,1920.199951171875,1918.949951171875,235300.0,1918.949951171875
2017-10-13,BKNG,1938.4300537109375,1920.02001953125,1932.77001953125,1929.06005859375,343700.0,1929.06005859375
2017-10-16,BKNG,1944.989990234375,1922.5,1940.0,1935.550048828125,224500.0,1935.550048828125
2017-10-17,BKNG,1938.550048828125,1926.4100341796875,1929.010009765625,1934.530029296875,284400.0,1934.530029296875
2017-10-18,BKNG,1961.449951171875,1933.989990234375,1935.68994140625,1941.8699951171875,412800.0,1941.8699951171875
2017-10-19,BKNG,1943.489990234375,1923.0,1934.02001953125,1927.8599853515625,365500.0,1927.8599853515625
2017-10-20,BKNG,1946.8900146484375,1937.4599609375,1941.780029296875,1942.1099853515625,307000.0,1942.1099853515625
2017-10-23,BKNG,1959.989990234375,1931.280029296875,1950.0,1934.550048828125,360800.0,1934.550048828125
2017-10-24,BKNG,1946.6800537109375,1927.5899658203125,1938.3900146484375,1932.2900390625,342500.0,1932.2900390625
2017-10-25,BKNG,1935.7099609375,1913.010009765625,1927.5799560546875,1928.81005859375,248000.0,1928.81005859375
2017-10-26,BKNG,1945.0,1931.010009765625,1937.3499755859375,1939.2900390625,378100.0,1939.2900390625
2017-10-27,BKNG,1902.52001953125,1869.0,1885.0,1890.9200439453125,903400.0,1890.9200439453125
2017-10-30,BKNG,1891.8199462890625,1863.72998046875,1885.1500244140625,1879.72998046875,476600.0,1879.72998046875
2017-10-31,BKNG,1913.52001953125,1870.0,1884.93994140625,1911.9599609375,420000.0,1911.9599609375
2017-11-01,BKNG,1927.72998046875,1910.93994140625,1918.469970703125,1913.06005859375,379000.0,1913.06005859375
2017-11-02,BKNG,1917.52001953125,1903.68994140625,1910.8299560546875,1911.1400146484375,293800.0,1911.1400146484375
2017-11-03,BKNG,1916.800048828125,1893.5699462890625,1914.010009765625,1894.489990234375,485000.0,1894.489990234375
2017-11-06,BKNG,1904.97998046875,1875.56005859375,1885.550048828125,1903.0,1021800.0,1903.0
2017-11-07,BKNG,1748.0,1638.0999755859375,1746.699951171875,1645.719970703125,3325100.0,1645.719970703125
2017-11-08,BKNG,1669.97998046875,1630.56005859375,1650.0,1661.1099853515625,1332400.0,1661.1099853515625
2017-11-09,BKNG,1707.219970703125,1640.1800537109375,1656.9300537109375,1703.1400146484375,1241800.0,1703.1400146484375
2017-11-10,BKNG,1709.52001953125,1682.68994140625,1700.0,1697.25,725500.0,1697.25
2017-11-13,BKNG,1722.3499755859375,1683.280029296875,1688.4000244140625,1722.1500244140625,506800.0,1722.1500244140625
2017-11-14,BKNG,1728.260009765625,1709.97998046875,1710.02001953125,1719.5,525400.0,1719.5
2017-11-15,BKNG,1730.030029296875,1706.030029296875,1715.780029296875,1726.780029296875,525400.0,1726.780029296875
2017-11-16,BKNG,1741.9200439453125,1727.4599609375,1735.5400390625,1731.6500244140625,522000.0,1731.6500244140625
2017-11-17,BKNG,1749.5999755859375,1727.3399658203125,1731.0,1747.219970703125,504400.0,1747.219970703125
2017-11-20,BKNG,1773.0799560546875,1747.8800048828125,1750.989990234375,1754.02001953125,513200.0,1754.02001953125
2017-11-21,BKNG,1771.4100341796875,1758.0,1766.510009765625,1766.6700439453125,539400.0,1766.6700439453125
2017-11-22,BKNG,1774.8499755859375,1756.030029296875,1771.5899658203125,1759.18994140625,369300.0,1759.18994140625
2017-11-24,BKNG,1765.75,1754.3800048828125,1758.1700439453125,1758.4200439453125,186600.0,1758.4200439453125
2017-11-27,BKNG,1777.0799560546875,1746.3900146484375,1760.1500244140625,1763.4000244140625,443200.0,1763.4000244140625
2017-11-28,BKNG,1767.3599853515625,1750.1099853515625,1763.3199462890625,1752.02001953125,352500.0,1752.02001953125
2017-11-29,BKNG,1753.1300048828125,1717.969970703125,1753.1300048828125,1734.449951171875,540400.0,1734.449951171875
2017-11-30,BKNG,1750.219970703125,1729.510009765625,1740.949951171875,1739.7099609375,443700.0,1739.7099609375
2017-12-01,BKNG,1736.489990234375,1704.1199951171875,1726.800048828125,1735.300048828125,397700.0,1735.300048828125
2017-12-04,BKNG,1749.8199462890625,1721.300048828125,1740.0,1723.239990234375,502800.0,1723.239990234375
2017-12-05,BKNG,1741.0699462890625,1721.43994140625,1725.8199462890625,1724.8800048828125,380300.0,1724.8800048828125
2017-12-06,BKNG,1727.3800048828125,1701.9000244140625,1716.7099609375,1719.0400390625,397600.0,1719.0400390625
2017-12-07,BKNG,1722.2900390625,1690.3399658203125,1705.8900146484375,1719.6199951171875,504200.0,1719.6199951171875
2017-12-08,BKNG,1739.780029296875,1715.8299560546875,1729.5999755859375,1719.8399658203125,385800.0,1719.8399658203125
2017-12-11,BKNG,1733.0,1712.739990234375,1720.7099609375,1715.52001953125,325700.0,1715.52001953125
2017-12-12,BKNG,1733.4000244140625,1713.5400390625,1715.0,1723.719970703125,457200.0,1723.719970703125
2017-12-13,BKNG,1746.1099853515625,1725.1700439453125,1732.0,1742.6099853515625,386000.0,1742.6099853515625
2017-12-14,BKNG,1768.530029296875,1742.6700439453125,1744.989990234375,1760.9200439453125,458800.0,1760.9200439453125
2017-12-15,BKNG,1775.72998046875,1758.3800048828125,1770.050048828125,1760.0,610700.0,1760.0
2017-12-18,BKNG,1786.75,1767.5999755859375,1776.8699951171875,1781.3499755859375,392800.0,1781.3499755859375
2017-12-19,BKNG,1793.5699462890625,1768.9599609375,1783.1099853515625,1780.6199951171875,381700.0,1780.6199951171875
2017-12-20,BKNG,1786.5400390625,1770.6500244140625,1782.9000244140625,1774.0,406300.0,1774.0
2017-12-21,BKNG,1788.949951171875,1773.030029296875,1775.1400146484375,1778.7900390625,246600.0,1778.7900390625
2017-12-22,BKNG,1786.22998046875,1773.0899658203125,1778.3699951171875,1775.260009765625,215300.0,1775.260009765625
2017-12-26,BKNG,1775.260009765625,1752.6500244140625,1772.3199462890625,1755.3199462890625,231900.0,1755.3199462890625
2017-12-27,BKNG,1761.8199462890625,1748.8699951171875,1754.239990234375,1757.8800048828125,222600.0,1757.8800048828125
2017-12-28,BKNG,1764.989990234375,1754.3699951171875,1758.4000244140625,1764.0899658203125,168900.0,1764.0899658203125
2017-12-29,BKNG,1769.989990234375,1737.4100341796875,1765.43994140625,1737.739990234375,298000.0,1737.739990234375
2018-01-02,BKNG,1790.6600341796875,1744.5,1750.0899658203125,1784.75,475500.0,1784.75
2018-01-03,BKNG,1829.02001953125,1785.0,1790.22998046875,1824.1600341796875,525000.0,1824.1600341796875
2018-01-04,BKNG,1848.9000244140625,1802.030029296875,1838.5400390625,1807.25,592600.0,1807.25
2018-01-05,BKNG,1825.5,1805.800048828125,1820.1800537109375,1823.5400390625,358600.0,1823.5400390625
2018-01-08,BKNG,1874.949951171875,1825.18994140625,1827.489990234375,1851.81005859375,555600.0,1851.81005859375
2018-01-09,BKNG,1876.72998046875,1857.5,1863.199951171875,1865.2900390625,368800.0,1865.2900390625
2018-01-10,BKNG,1873.550048828125,1855.4200439453125,1855.52001953125,1872.9100341796875,274200.0,1872.9100341796875
2018-01-11,BKNG,1900.8599853515625,1877.8800048828125,1880.0,1893.0999755859375,385900.0,1893.0999755859375
2018-01-12,BKNG,1925.97998046875,1890.010009765625,1898.0400390625,1919.4000244140625,555300.0,1919.4000244140625
2018-01-16,BKNG,1949.8299560546875,1914.9599609375,1930.7099609375,1919.469970703125,604900.0,1919.469970703125
2018-01-17,BKNG,1958.9599609375,1918.6800537109375,1927.550048828125,1949.9000244140625,515700.0,1949.9000244140625
2018-01-18,BKNG,1957.489990234375,1925.969970703125,1948.6500244140625,1926.7099609375,398600.0,1926.7099609375
2018-01-19,BKNG,1933.800048828125,1901.030029296875,1931.47998046875,1910.2099609375,634500.0,1910.2099609375
2018-01-22,BKNG,1926.68994140625,1901.0,1910.0,1915.77001953125,398200.0,1915.77001953125
2018-01-23,BKNG,1969.3599853515625,1924.989990234375,1927.550048828125,1962.93994140625,472000.0,1962.93994140625
2018-01-24,BKNG,1984.93994140625,1942.6500244140625,1977.9100341796875,1955.239990234375,405300.0,1955.239990234375
2018-01-25,BKNG,1976.5999755859375,1945.469970703125,1966.8800048828125,1949.6700439453125,329900.0,1949.6700439453125
2018-01-26,BKNG,1964.9599609375,1944.9599609375,1960.989990234375,1950.47998046875,380500.0,1950.47998046875
2018-01-29,BKNG,1960.4599609375,1921.25,1942.6700439453125,1929.22998046875,448800.0,1929.22998046875
2018-01-30,BKNG,1933.1300048828125,1900.3299560546875,1907.1199951171875,1921.530029296875,382300.0,1921.530029296875
2018-01-31,BKNG,1934.969970703125,1896.0,1928.010009765625,1912.050048828125,452800.0,1912.050048828125
2018-02-01,BKNG,1928.8399658203125,1893.3900146484375,1903.989990234375,1903.68994140625,360000.0,1903.68994140625
2018-02-02,BKNG,1900.0,1856.5699462890625,1890.1300048828125,1859.0999755859375,513800.0,1859.0999755859375
2018-02-05,BKNG,1872.6099853515625,1816.5,1841.300048828125,1825.9300537109375,548200.0,1825.9300537109375
2018-02-06,BKNG,1864.0,1800.010009765625,1800.010009765625,1858.6600341796875,564500.0,1858.6600341796875
2018-02-07,BKNG,1900.3699951171875,1836.6800537109375,1847.3900146484375,1882.6800537109375,491200.0,1882.6800537109375
2018-02-08,BKNG,1889.280029296875,1803.010009765625,1884.2099609375,1806.06005859375,677100.0,1806.06005859375
2018-02-09,BKNG,1824.0,1714.0699462890625,1767.97998046875,1765.0,1137500.0,1765.0
2018-02-12,BKNG,1801.68994140625,1732.3499755859375,1773.989990234375,1790.0,682300.0,1790.0
2018-02-13,BKNG,1804.8299560546875,1762.0,1779.22998046875,1797.8599853515625,375200.0,1797.8599853515625
2018-02-14,BKNG,1825.8299560546875,1773.02001953125,1784.219970703125,1818.4100341796875,452400.0,1818.4100341796875
2018-02-15,BKNG,1875.8199462890625,1836.0899658203125,1850.8599853515625,1870.25,491300.0,1870.25
2018-02-16,BKNG,1926.8699951171875,1868.6800537109375,1874.6199951171875,1885.0,559100.0,1885.0
2018-02-20,BKNG,1915.3199462890625,1880.9300537109375,1883.0699462890625,1894.6199951171875,408000.0,1894.6199951171875
2018-02-21,BKNG,1916.0400390625,1880.6600341796875,1913.4200439453125,1880.6800537109375,518700.0,1880.6800537109375
2018-02-22,BKNG,1907.75,1870.719970703125,1884.18994140625,1877.1400146484375,432300.0,1877.1400146484375
2018-02-23,BKNG,1907.81005859375,1875.1600341796875,1889.72998046875,1907.02001953125,555300.0,1907.02001953125
2018-02-26,BKNG,1923.219970703125,1897.6600341796875,1905.949951171875,1905.6400146484375,570100.0,1905.6400146484375
2018-02-27,BKNG,1919.75,1870.02001953125,1884.0,1905.010009765625,661900.0,1905.010009765625
2018-02-28,BKNG,2087.340087890625,2034.0400390625,2051.0,2034.0400390625,1441100.0,2034.0400390625
2018-03-01,BKNG,2053.5400390625,1998.8299560546875,2034.6099853515625,2028.3699951171875,837500.0,2028.3699951171875
2018-03-02,BKNG,2037.8699951171875,1995.5799560546875,2002.8199462890625,2033.7900390625,642400.0,2033.7900390625
2018-03-05,BKNG,2077.0,2014.8900146484375,2020.0,2072.659912109375,614800.0,2072.659912109375
2018-03-06,BKNG,2095.8701171875,2058.81005859375,2075.10009765625,2085.510009765625,533100.0,2085.510009765625
2018-03-07,BKNG,2127.9599609375,2065.0,2065.0,2122.929931640625,580300.0,2122.929931640625
2018-03-08,BKNG,2169.14990234375,2130.679931640625,2137.989990234375,2150.080078125,584400.0,2150.080078125
2018-03-09,BKNG,2177.9599609375,2159.070068359375,2169.0,2170.610107421875,489400.0,2170.610107421875
2018-03-12,BKNG,2218.10009765625,2174.070068359375,2180.0,2206.090087890625,529700.0,2206.090087890625
2018-03-13,BKNG,2228.989990234375,2162.179931640625,2210.929931640625,2170.0,519200.0,2170.0
2018-03-14,BKNG,2194.580078125,2162.330078125,2175.550048828125,2188.89990234375,344500.0,2188.89990234375
2018-03-15,BKNG,2207.570068359375,2171.10009765625,2190.010009765625,2187.77001953125,336000.0,2187.77001953125
2018-03-16,BKNG,2198.580078125,2169.77001953125,2196.18994140625,2171.489990234375,474000.0,2171.489990234375
2018-03-19,BKNG,2165.760009765625,2124.889892578125,2161.6201171875,2146.889892578125,450800.0,2146.889892578125
2018-03-20,BKNG,2167.68994140625,2138.030029296875,2139.449951171875,2139.110107421875,256800.0,2139.110107421875
2018-03-21,BKNG,2165.820068359375,2134.580078125,2142.300048828125,2144.97998046875,297200.0,2144.97998046875
2018-03-22,BKNG,2154.5400390625,2101.830078125,2132.889892578125,2113.800048828125,443300.0,2113.800048828125
2018-03-23,BKNG,2138.989990234375,2086.139892578125,2116.239990234375,2087.010009765625,412500.0,2087.010009765625
2018-03-26,BKNG,2142.3798828125,2079.02001953125,2111.219970703125,2133.7099609375,292700.0,2133.7099609375
2018-03-27,BKNG,2140.239990234375,2056.510009765625,2137.429931640625,2077.56005859375,428800.0,2077.56005859375
2018-03-28,BKNG,2083.919921875,2020.699951171875,2066.97998046875,2054.68994140625,632500.0,2054.68994140625
2018-03-29,BKNG,2094.179931640625,2040.719970703125,2059.669921875,2080.389892578125,395800.0,2080.389892578125
2018-04-02,BKNG,2074.010009765625,2009.9200439453125,2070.429931640625,2030.8599853515625,372300.0,2030.8599853515625
2018-04-03,BKNG,2079.989990234375,2036.0699462890625,2050.0,2067.570068359375,378400.0,2067.570068359375
2018-04-04,BKNG,2081.8798828125,2014.1800537109375,2043.2099609375,2071.010009765625,385500.0,2071.010009765625
2018-04-05,BKNG,2102.4599609375,2071.0,2077.530029296875,2091.090087890625,320100.0,2091.090087890625
2018-04-06,BKNG,2095.610107421875,2025.5400390625,2074.89990234375,2033.4100341796875,350400.0,2033.4100341796875
2018-04-09,BKNG,2088.81005859375,2045.0,2053.739990234375,2048.739990234375,355500.0,2048.739990234375
2018-04-10,BKNG,2087.22998046875,2058.0,2076.02001953125,2077.590087890625,291200.0,2077.590087890625
2018-04-11,BKNG,2104.780029296875,2065.0400390625,2067.639892578125,2080.64990234375,306700.0,2080.64990234375
2018-04-12,BKNG,2102.64990234375,2082.14990234375,2094.449951171875,2085.81005859375,240300.0,2085.81005859375
2018-04-13,BKNG,2104.669921875,2077.320068359375,2104.669921875,2085.860107421875,262000.0,2085.860107421875
2018-04-16,BKNG,2117.639892578125,2085.77001953125,2094.110107421875,2096.590087890625,194400.0,2096.590087890625
2018-04-17,BKNG,2172.0,2112.5,2119.89990234375,2162.31005859375,438200.0,2162.31005859375
2018-04-18,BKNG,2186.050048828125,2156.219970703125,2171.6201171875,2180.60009765625,297200.0,2180.60009765625
2018-04-19,BKNG,2186.050048828125,2155.969970703125,2175.489990234375,2158.949951171875,264900.0,2158.949951171875
2018-04-20,BKNG,2167.47998046875,2118.6201171875,2161.030029296875,2131.3701171875,414700.0,2131.3701171875
2018-04-23,BKNG,2150.300048828125,2112.68994140625,2133.10009765625,2133.68994140625,253500.0,2133.68994140625
2018-04-24,BKNG,2151.97998046875,2055.1298828125,2137.610107421875,2067.2900390625,393500.0,2067.2900390625
2018-04-25,BKNG,2089.840087890625,2034.56005859375,2061.1201171875,2077.610107421875,267800.0,2077.610107421875
2018-04-26,BKNG,2116.14990234375,2078.010009765625,2098.010009765625,2111.800048828125,356000.0,2111.800048828125
2018-04-27,BKNG,2172.0,2123.090087890625,2146.02001953125,2141.719970703125,458200.0,2141.719970703125
2018-04-30,BKNG,2193.06005859375,2133.81005859375,2143.64990234375,2178.0,468000.0,2178.0
2018-05-01,BKNG,2182.340087890625,2151.7900390625,2170.39990234375,2179.389892578125,279100.0,2179.389892578125
2018-05-02,BKNG,2185.699951171875,2148.989990234375,2176.27001953125,2149.820068359375,268100.0,2149.820068359375
2018-05-03,BKNG,2161.449951171875,2116.699951171875,2149.0,2152.2099609375,271000.0,2152.2099609375
2018-05-04,BKNG,2178.820068359375,2126.0,2148.60009765625,2175.7099609375,302900.0,2175.7099609375
2018-05-07,BKNG,2201.840087890625,2172.590087890625,2189.89990234375,2194.9599609375,344900.0,2194.9599609375
2018-05-08,BKNG,2198.800048828125,2155.0,2174.35009765625,2161.60009765625,394400.0,2161.60009765625
2018-05-09,BKNG,2191.580078125,2158.260009765625,2185.0,2183.590087890625,635900.0,2183.590087890625
2018-05-10,BKNG,2098.429931640625,2047.010009765625,2050.0,2080.02001953125,1134500.0,2080.02001953125
2018-05-11,BKNG,2095.0,2063.929931640625,2092.320068359375,2071.989990234375,479000.0,2071.989990234375
2018-05-14,BKNG,2074.6201171875,2055.02001953125,2066.719970703125,2072.02001953125,443800.0,2072.02001953125
2018-05-15,BKNG,2071.14990234375,2034.6700439453125,2054.10009765625,2067.75,400700.0,2067.75
2018-05-16,BKNG,2092.7099609375,2065.570068359375,2070.340087890625,2074.590087890625,280300.0,2074.590087890625
2018-05-17,BKNG,2098.4599609375,2069.2900390625,2073.510009765625,2089.110107421875,303500.0,2089.110107421875
2018-05-18,BKNG,2097.909912109375,2066.340087890625,2097.909912109375,2066.340087890625,277300.0,2066.340087890625
2018-05-21,BKNG,2078.469970703125,2062.510009765625,2076.3701171875,2071.56005859375,346600.0,2071.56005859375
2018-05-22,BKNG,2082.47998046875,2065.110107421875,2076.030029296875,2077.18994140625,296500.0,2077.18994140625
2018-05-23,BKNG,2086.510009765625,2053.0,2056.050048828125,2085.25,410700.0,2085.25
2018-05-24,BKNG,2095.510009765625,2074.949951171875,2087.0,2088.280029296875,279600.0,2088.280029296875
2018-05-25,BKNG,2118.909912109375,2081.070068359375,2084.0,2110.6201171875,344500.0,2110.6201171875
2018-05-29,BKNG,2105.10009765625,2059.10009765625,2094.719970703125,2076.030029296875,487700.0,2076.030029296875
2018-05-30,BKNG,2108.409912109375,2073.72998046875,2086.409912109375,2098.0,342700.0,2098.0
2018-05-31,BKNG,2118.010009765625,2097.60009765625,2100.02001953125,2108.919921875,354000.0,2108.919921875
2018-06-01,BKNG,2135.429931640625,2118.050048828125,2120.989990234375,2128.93994140625,301500.0,2128.93994140625
2018-06-04,BKNG,2145.919921875,2125.260009765625,2134.0,2125.800048828125,284700.0,2125.800048828125
2018-06-05,BKNG,2144.889892578125,2126.0,2131.949951171875,2140.989990234375,339900.0,2140.989990234375
2018-06-06,BKNG,2156.4599609375,2129.030029296875,2145.85009765625,2153.780029296875,297700.0,2153.780029296875
2018-06-07,BKNG,2157.159912109375,2121.919921875,2157.159912109375,2131.97998046875,293800.0,2131.97998046875
2018-06-08,BKNG,2143.699951171875,2122.1298828125,2127.7099609375,2136.5400390625,255800.0,2136.5400390625
2018-06-11,BKNG,2139.360107421875,2120.919921875,2139.0,2124.2900390625,235300.0,2124.2900390625
2018-06-12,BKNG,2133.659912109375,2121.989990234375,2126.090087890625,2132.0,255800.0,2132.0
2018-06-13,BKNG,2134.030029296875,2103.1201171875,2134.030029296875,2106.360107421875,457300.0,2106.360107421875
2018-06-14,BKNG,2129.989990234375,2111.31005859375,2114.5,2123.06005859375,387600.0,2123.06005859375
2018-06-15,BKNG,2145.820068359375,2112.1201171875,2126.070068359375,2141.449951171875,516000.0,2141.449951171875
2018-06-18,BKNG,2153.830078125,2120.889892578125,2126.56005859375,2145.219970703125,287800.0,2145.219970703125
2018-06-19,BKNG,2146.72998046875,2116.159912109375,2123.760009765625,2139.260009765625,358900.0,2139.260009765625
2018-06-20,BKNG,2162.909912109375,2138.030029296875,2149.0,2145.77001953125,348100.0,2145.77001953125
2018-06-21,BKNG,2152.469970703125,2118.030029296875,2145.5400390625,2122.489990234375,315300.0,2122.489990234375
2018-06-22,BKNG,2132.550048828125,2095.969970703125,2130.0400390625,2102.85009765625,369200.0,2102.85009765625
2018-06-25,BKNG,2093.409912109375,2031.02001953125,2091.260009765625,2050.52001953125,453700.0,2050.52001953125
2018-06-26,BKNG,2062.35009765625,2032.97998046875,2048.0,2040.3800048828125,357500.0,2040.3800048828125
2018-06-27,BKNG,2060.320068359375,2001.31005859375,2048.929931640625,2001.5,449600.0,2001.5
2018-06-28,BKNG,2025.6099853515625,1980.0,1997.0,2019.489990234375,357200.0,2019.489990234375
2018-06-29,BKNG,2049.47998046875,2023.8699951171875,2035.949951171875,2027.0899658203125,348400.0,2027.0899658203125
2018-07-02,BKNG,2061.610107421875,1993.8499755859375,2012.6700439453125,2047.93994140625,294400.0,2047.93994140625
2018-07-03,BKNG,2072.739990234375,2050.89990234375,2060.14990234375,2060.22998046875,208800.0,2060.22998046875
2018-07-05,BKNG,2075.14990234375,2050.989990234375,2072.949951171875,2069.14990234375,248200.0,2069.14990234375
2018-07-06,BKNG,2089.610107421875,2063.419921875,2077.0,2086.929931640625,252800.0,2086.929931640625
2018-07-09,BKNG,2099.06005859375,2076.9599609375,2094.85009765625,2081.64990234375,285300.0,2081.64990234375
2018-07-10,BKNG,2087.780029296875,2055.409912109375,2085.949951171875,2064.0400390625,285100.0,2064.0400390625
2018-07-11,BKNG,2058.97998046875,2027.02001953125,2056.860107421875,2052.85009765625,332700.0,2052.85009765625
2018-07-12,BKNG,2070.0400390625,2042.4100341796875,2062.429931640625,2057.110107421875,357100.0,2057.110107421875
2018-07-13,BKNG,2053.260009765625,2028.0799560546875,2052.97998046875,2031.43994140625,271300.0,2031.43994140625
2018-07-16,BKNG,2033.9000244140625,2015.260009765625,2030.97998046875,2020.0,411200.0,2020.0
2018-07-17,BKNG,2046.5799560546875,2000.02001953125,2000.5999755859375,2030.52001953125,352500.0,2030.52001953125
2018-07-18,BKNG,2034.97998046875,2014.1500244140625,2024.5899658203125,2023.9100341796875,265800.0,2023.9100341796875
2018-07-19,BKNG,2020.68994140625,2002.56005859375,2016.3699951171875,2010.5999755859375,347100.0,2010.5999755859375
2018-07-20,BKNG,2025.6700439453125,2002.3499755859375,2008.7900390625,2009.6700439453125,359300.0,2009.6700439453125
2018-07-23,BKNG,2010.550048828125,1985.0,2005.989990234375,1995.969970703125,330000.0,1995.969970703125
2018-07-24,BKNG,2049.989990234375,2008.75,2009.0,2026.25,338000.0,2026.25
2018-07-25,BKNG,2067.989990234375,2029.0,2029.47998046875,2065.68994140625,338800.0,2065.68994140625
2018-07-26,BKNG,2085.93994140625,2041.010009765625,2067.919921875,2083.1298828125,454900.0,2083.1298828125
2018-07-27,BKNG,2131.89990234375,2060.18994140625,2118.56005859375,2085.030029296875,520700.0,2085.030029296875
2018-07-30,BKNG,2095.6298828125,2027.300048828125,2089.0,2029.9000244140625,375900.0,2029.9000244140625
2018-07-31,BKNG,2042.550048828125,2007.4300537109375,2032.3599853515625,2028.719970703125,280500.0,2028.719970703125
2018-08-01,BKNG,2049.0,2011.3499755859375,2030.6500244140625,2023.1300048828125,290200.0,2023.1300048828125
2018-08-02,BKNG,2038.0,1997.0,2011.18994140625,2033.0699462890625,375500.0,2033.0699462890625
2018-08-03,BKNG,2039.989990234375,2020.699951171875,2035.77001953125,2029.7099609375,303400.0,2029.7099609375
2018-08-06,BKNG,2087.820068359375,2026.6300048828125,2032.0,2075.85009765625,403700.0,2075.85009765625
2018-08-07,BKNG,2109.0,2076.0,2093.0,2077.989990234375,398400.0,2077.989990234375
2018-08-08,BKNG,2084.89990234375,2041.6400146484375,2077.8701171875,2045.0,555700.0,2045.0
2018-08-09,BKNG,1956.739990234375,1901.0,1911.0,1942.3900146484375,1680200.0,1942.3900146484375
2018-08-10,BKNG,1919.43994140625,1890.0999755859375,1909.8499755859375,1897.6600341796875,936400.0,1897.6600341796875
2018-08-13,BKNG,1904.9000244140625,1852.1800537109375,1901.719970703125,1854.260009765625,658500.0,1854.260009765625
2018-08-14,BKNG,1867.9300537109375,1832.4300537109375,1863.1400146484375,1833.550048828125,688600.0,1833.550048828125
2018-08-15,BKNG,1872.219970703125,1815.5,1819.949951171875,1863.489990234375,686200.0,1863.489990234375
2018-08-16,BKNG,1884.56005859375,1822.1199951171875,1873.0,1824.989990234375,941400.0,1824.989990234375
2018-08-17,BKNG,1842.6600341796875,1816.0400390625,1822.1500244140625,1840.6800537109375,615300.0,1840.6800537109375
2018-08-20,BKNG,1878.739990234375,1840.6400146484375,1844.260009765625,1858.5999755859375,493300.0,1858.5999755859375
2018-08-21,BKNG,1901.5999755859375,1871.0,1874.0,1898.0799560546875,557400.0,1898.0799560546875
2018-08-22,BKNG,1926.3900146484375,1898.0899658203125,1899.43994140625,1917.0,461500.0,1917.0
2018-08-23,BKNG,1930.0,1892.31005859375,1910.02001953125,1894.9000244140625,427000.0,1894.9000244140625
2018-08-24,BKNG,1919.18994140625,1900.4100341796875,1900.4100341796875,1903.3399658203125,411400.0,1903.3399658203125
2018-08-27,BKNG,1938.7900390625,1913.989990234375,1913.989990234375,1935.699951171875,340700.0,1935.699951171875
2018-08-28,BKNG,1944.5,1925.02001953125,1943.7099609375,1931.22998046875,265100.0,1931.22998046875
2018-08-29,BKNG,1953.27001953125,1929.469970703125,1929.469970703125,1944.030029296875,271400.0,1944.030029296875
2018-08-30,BKNG,1957.93994140625,1931.739990234375,1939.6099853515625,1944.0,266900.0,1944.0
2018-08-31,BKNG,1952.8900146484375,1938.8699951171875,1938.8699951171875,1951.550048828125,304700.0,1951.550048828125
2018-09-04,BKNG,1951.050048828125,1921.4000244140625,1950.6099853515625,1925.3599853515625,389500.0,1925.3599853515625
2018-09-05,BKNG,1927.969970703125,1889.6099853515625,1927.969970703125,1892.1800537109375,530100.0,1892.1800537109375
2018-09-06,BKNG,1910.8299560546875,1871.8599853515625,1890.8800048828125,1909.5,411900.0,1909.5
2018-09-07,BKNG,1922.97998046875,1889.5999755859375,1895.489990234375,1901.81005859375,348200.0,1901.81005859375
2018-09-10,BKNG,1916.02001953125,1871.9100341796875,1915.0699462890625,1875.760009765625,391000.0,1875.760009765625
2018-09-11,BKNG,1887.5799560546875,1846.3599853515625,1869.8699951171875,1880.9300537109375,376200.0,1880.9300537109375
2018-09-12,BKNG,1889.530029296875,1867.1700439453125,1873.4100341796875,1876.0799560546875,503600.0,1876.0799560546875
2018-09-13,BKNG,1909.260009765625,1876.4000244140625,1889.1500244140625,1882.6099853515625,393400.0,1882.6099853515625
2018-09-14,BKNG,1918.7099609375,1883.3800048828125,1887.1800537109375,1916.27001953125,392000.0,1916.27001953125
2018-09-17,BKNG,1919.93994140625,1879.3199462890625,1917.93994140625,1890.760009765625,417600.0,1890.760009765625
2018-09-18,BKNG,1918.0400390625,1888.8499755859375,1896.6600341796875,1911.1099853515625,298700.0,1911.1099853515625
2018-09-19,BKNG,1933.280029296875,1888.3900146484375,1900.949951171875,1926.780029296875,268300.0,1926.780029296875
2018-09-20,BKNG,1958.5999755859375,1933.010009765625,1939.989990234375,1947.739990234375,328400.0,1947.739990234375
2018-09-21,BKNG,1962.1199951171875,1939.6099853515625,1956.0,1956.739990234375,597400.0,1956.739990234375
2018-09-24,BKNG,1973.0699462890625,1923.3599853515625,1938.0,1958.760009765625,438500.0,1958.760009765625
2018-09-25,BKNG,1972.6099853515625,1952.2099609375,1964.2099609375,1955.010009765625,380000.0,1955.010009765625
2018-09-26,BKNG,1986.43994140625,1953.4000244140625,1960.22998046875,1967.510009765625,303600.0,1967.510009765625
2018-09-27,BKNG,1989.7900390625,1965.97998046875,1974.800048828125,1969.3399658203125,345800.0,1969.3399658203125
2018-09-28,BKNG,1990.739990234375,1964.6199951171875,1974.6199951171875,1984.0,416600.0,1984.0
2018-10-01,BKNG,2017.1099853515625,1987.3299560546875,1997.72998046875,1989.2099609375,311000.0,1989.2099609375
2018-10-02,BKNG,1996.4000244140625,1976.18994140625,1979.989990234375,1976.5899658203125,297300.0,1976.5899658203125
2018-10-03,BKNG,1987.510009765625,1972.0,1983.06005859375,1972.6300048828125,350800.0,1972.6300048828125
2018-10-04,BKNG,1969.989990234375,1929.8900146484375,1965.0,1933.4000244140625,443400.0,1933.4000244140625
2018-10-05,BKNG,1939.469970703125,1900.1199951171875,1932.969970703125,1903.8399658203125,387600.0,1903.8399658203125
2018-10-08,BKNG,1916.9000244140625,1880.97998046875,1895.0,1900.9000244140625,323500.0,1900.9000244140625
2018-10-09,BKNG,1915.6600341796875,1869.2099609375,1901.0,1870.5,327800.0,1870.5
2018-10-10,BKNG,1865.739990234375,1785.4599609375,1865.0,1788.739990234375,635300.0,1788.739990234375
2018-10-11,BKNG,1808.02001953125,1757.1600341796875,1779.6199951171875,1781.7099609375,613000.0,1781.7099609375
2018-10-12,BKNG,1829.050048828125,1791.780029296875,1814.8699951171875,1807.1700439453125,698600.0,1807.1700439453125
2018-10-15,BKNG,1826.25,1790.02001953125,1803.5799560546875,1811.3299560546875,407100.0,1811.3299560546875
2018-10-16,BKNG,1835.6400146484375,1819.9000244140625,1825.0,1830.27001953125,359400.0,1830.27001953125
2018-10-17,BKNG,1858.2900390625,1823.5,1834.4000244140625,1850.510009765625,326600.0,1850.510009765625
2018-10-18,BKNG,1859.0,1808.0899658203125,1853.1099853515625,1811.7099609375,351800.0,1811.7099609375
2018-10-19,BKNG,1836.02001953125,1796.0,1817.2900390625,1805.739990234375,262100.0,1805.739990234375
2018-10-22,BKNG,1851.1199951171875,1807.3699951171875,1810.8800048828125,1827.2900390625,269200.0,1827.2900390625
2018-10-23,BKNG,1841.52001953125,1785.6700439453125,1787.0400390625,1830.0,404800.0,1830.0
2018-10-24,BKNG,1847.2099609375,1745.6300048828125,1828.2099609375,1753.5799560546875,533500.0,1753.5799560546875
2018-10-25,BKNG,1814.6800537109375,1760.010009765625,1770.7900390625,1804.530029296875,470400.0,1804.530029296875
2018-10-26,BKNG,1801.199951171875,1751.0799560546875,1790.0,1770.81005859375,525800.0,1770.81005859375
2018-10-29,BKNG,1840.800048828125,1759.8199462890625,1800.780029296875,1788.030029296875,466700.0,1788.030029296875
2018-10-30,BKNG,1855.1099853515625,1775.0,1790.4000244140625,1836.0,433000.0,1836.0
2018-10-31,BKNG,1898.0400390625,1845.1300048828125,1849.0,1874.5799560546875,463700.0,1874.5799560546875
2018-11-01,BKNG,1908.0899658203125,1868.6600341796875,1882.72998046875,1896.0899658203125,349200.0,1896.0899658203125
2018-11-02,BKNG,1904.9599609375,1856.8800048828125,1901.47998046875,1875.010009765625,354000.0,1875.010009765625
2018-11-05,BKNG,1885.1500244140625,1838.5899658203125,1873.760009765625,1871.1199951171875,679500.0,1871.1199951171875
2018-11-06,BKNG,2009.989990234375,1946.219970703125,1988.5400390625,1949.4599609375,901000.0,1949.4599609375
2018-11-07,BKNG,2015.6500244140625,1965.8800048828125,1973.25,1998.1700439453125,616500.0,1998.1700439453125
2018-11-08,BKNG,2019.47998046875,1975.0699462890625,1991.1199951171875,1977.6099853515625,418600.0,1977.6099853515625
2018-11-09,BKNG,1973.8499755859375,1922.2099609375,1967.5,1937.6400146484375,370500.0,1937.6400146484375
2018-11-12,BKNG,1938.9200439453125,1891.8599853515625,1928.1300048828125,1906.280029296875,400900.0,1906.280029296875
2018-11-13,BKNG,1931.0899658203125,1904.22998046875,1916.0899658203125,1910.0799560546875,410400.0,1910.0799560546875
2018-11-14,BKNG,1935.0,1885.1099853515625,1932.5899658203125,1888.3699951171875,301000.0,1888.3699951171875
2018-11-15,BKNG,1899.1300048828125,1840.449951171875,1872.010009765625,1888.8699951171875,366900.0,1888.8699951171875
2018-11-16,BKNG,1874.56005859375,1831.5,1864.949951171875,1855.3199462890625,334700.0,1855.3199462890625
2018-11-19,BKNG,1875.0,1779.8199462890625,1854.6500244140625,1780.0,558500.0,1780.0
2018-11-20,BKNG,1780.6400146484375,1726.780029296875,1761.300048828125,1750.4300537109375,829900.0,1750.4300537109375
2018-11-21,BKNG,1788.8399658203125,1756.77001953125,1779.280029296875,1760.4000244140625,368800.0,1760.4000244140625
2018-11-23,BKNG,1776.4100341796875,1737.260009765625,1750.719970703125,1764.0799560546875,160600.0,1764.0799560546875
2018-11-26,BKNG,1818.7099609375,1766.77001953125,1778.0899658203125,1802.43994140625,451900.0,1802.43994140625
2018-11-27,BKNG,1832.4100341796875,1789.780029296875,1793.5699462890625,1824.6099853515625,397000.0,1824.6099853515625
2018-11-28,BKNG,1875.9100341796875,1816.550048828125,1828.260009765625,1869.449951171875,348500.0,1869.449951171875
2018-11-29,BKNG,1885.1500244140625,1859.7099609375,1866.0,1865.1500244140625,358100.0,1865.1500244140625
2018-11-30,BKNG,1897.1099853515625,1852.800048828125,1868.3199462890625,1891.8800048828125,361000.0,1891.8800048828125
2018-12-03,BKNG,1945.8399658203125,1915.3599853515625,1925.469970703125,1919.699951171875,535500.0,1919.699951171875
2018-12-04,BKNG,1925.5400390625,1852.9300537109375,1917.800048828125,1863.1400146484375,355400.0,1863.1400146484375
2018-12-06,BKNG,1889.510009765625,1817.8800048828125,1839.6400146484375,1882.239990234375,396800.0,1882.239990234375
2018-12-07,BKNG,1882.1600341796875,1814.989990234375,1867.219970703125,1834.510009765625,409400.0,1834.510009765625
2018-12-10,BKNG,1852.8399658203125,1811.260009765625,1833.0400390625,1826.010009765625,431700.0,1826.010009765625
2018-12-11,BKNG,1877.989990234375,1834.31005859375,1839.8299560546875,1852.3499755859375,264200.0,1852.3499755859375
2018-12-12,BKNG,1894.02001953125,1842.0,1884.1400146484375,1856.1500244140625,325900.0,1856.1500244140625
2018-12-13,BKNG,1865.6099853515625,1821.280029296875,1864.5999755859375,1833.0699462890625,361600.0,1833.0699462890625
2018-12-14,BKNG,1833.280029296875,1796.5400390625,1806.9000244140625,1807.1400146484375,399100.0,1807.1400146484375
2018-12-17,BKNG,1806.9599609375,1701.010009765625,1796.6600341796875,1739.52001953125,632900.0,1739.52001953125
2018-12-18,BKNG,1799.6400146484375,1737.0,1752.22998046875,1769.4200439453125,391900.0,1769.4200439453125
2018-12-19,BKNG,1806.6400146484375,1706.75,1769.4200439453125,1736.6300048828125,524100.0,1736.6300048828125
2018-12-20,BKNG,1740.010009765625,1685.760009765625,1727.010009765625,1705.1800537109375,473800.0,1705.1800537109375
2018-12-21,BKNG,1715.8900146484375,1617.1600341796875,1704.6199951171875,1633.3900146484375,1043700.0,1633.3900146484375
2018-12-24,BKNG,1649.0899658203125,1606.27001953125,1621.6800537109375,1616.8299560546875,387200.0,1616.8299560546875
2018-12-26,BKNG,1705.010009765625,1626.4000244140625,1629.239990234375,1703.25,413600.0,1703.25
2018-12-27,BKNG,1719.6800537109375,1666.8800048828125,1669.780029296875,1717.800048828125,316500.0,1717.800048828125
2018-12-28,BKNG,1734.25,1701.760009765625,1724.9000244140625,1715.8299560546875,281000.0,1715.8299560546875
2018-12-31,BKNG,1739.699951171875,1712.489990234375,1730.47998046875,1722.4200439453125,280200.0,1722.4200439453125
2019-01-02,BKNG,1736.77001953125,1690.8399658203125,1691.25,1721.699951171875,312600.0,1721.699951171875
2019-01-03,BKNG,1712.6800537109375,1657.97998046875,1704.6500244140625,1663.1199951171875,445200.0,1663.1199951171875
2019-01-04,BKNG,1737.0799560546875,1678.6199951171875,1686.1199951171875,1717.550048828125,541000.0,1717.550048828125
2019-01-07,BKNG,1731.4000244140625,1703.5999755859375,1721.739990234375,1711.8199462890625,334800.0,1711.8199462890625
2019-01-08,BKNG,1755.989990234375,1681.1500244140625,1730.0400390625,1686.9200439453125,652400.0,1686.9200439453125
2019-01-09,BKNG,1682.8800048828125,1637.02001953125,1642.3499755859375,1649.489990234375,786300.0,1649.489990234375
2019-01-10,BKNG,1685.97998046875,1640.0,1640.0,1677.3299560546875,459700.0,1677.3299560546875
2019-01-11,BKNG,1678.050048828125,1654.9300537109375,1670.5899658203125,1665.8900146484375,331200.0,1665.8900146484375
2019-01-14,BKNG,1708.8299560546875,1645.0,1647.56005859375,1692.8800048828125,439200.0,1692.8800048828125
2019-01-15,BKNG,1704.1800537109375,1681.56005859375,1695.0,1698.31005859375,436100.0,1698.31005859375
2019-01-16,BKNG,1698.219970703125,1676.5400390625,1693.4200439453125,1680.5699462890625,503700.0,1680.5699462890625
2019-01-17,BKNG,1737.9100341796875,1676.5400390625,1681.72998046875,1724.510009765625,363200.0,1724.510009765625
2019-01-18,BKNG,1776.8399658203125,1737.5,1747.02001953125,1760.260009765625,552600.0,1760.260009765625
2019-01-22,BKNG,1759.6700439453125,1691.47998046875,1743.1800537109375,1708.97998046875,758000.0,1708.97998046875
2019-01-23,BKNG,1746.5799560546875,1715.1099853515625,1717.25,1744.31005859375,437900.0,1744.31005859375
2019-01-24,BKNG,1805.1800537109375,1748.8800048828125,1748.97998046875,1795.6700439453125,695700.0,1795.6700439453125
2019-01-25,BKNG,1834.0799560546875,1799.010009765625,1811.989990234375,1802.199951171875,483200.0,1802.199951171875
2019-01-28,BKNG,1835.0,1780.1800537109375,1787.6199951171875,1813.5999755859375,387800.0,1813.5999755859375
2019-01-29,BKNG,1820.4000244140625,1794.199951171875,1816.6199951171875,1808.800048828125,212300.0,1808.800048828125
2019-01-30,BKNG,1835.47998046875,1805.5799560546875,1825.3299560546875,1818.699951171875,300500.0,1818.699951171875
2019-01-31,BKNG,1851.1800537109375,1820.3699951171875,1820.3699951171875,1832.81005859375,314900.0,1832.81005859375
2019-02-01,BKNG,1862.0699462890625,1821.1500244140625,1824.050048828125,1836.9599609375,278200.0,1836.9599609375
2019-02-04,BKNG,1862.260009765625,1837.93994140625,1840.3900146484375,1860.989990234375,319500.0,1860.989990234375
2019-02-05,BKNG,1916.22998046875,1879.9300537109375,1887.530029296875,1902.260009765625,487900.0,1902.260009765625
2019-02-06,BKNG,1910.0,1874.780029296875,1895.93994140625,1906.9300537109375,243000.0,1906.9300537109375
2019-02-07,BKNG,1900.6500244140625,1862.010009765625,1892.0999755859375,1877.06005859375,362600.0,1877.06005859375
2019-02-08,BKNG,1899.989990234375,1862.010009765625,1892.3699951171875,1871.0899658203125,276000.0,1871.0899658203125
2019-02-11,BKNG,1880.68994140625,1856.989990234375,1873.1300048828125,1865.0,327700.0,1865.0
2019-02-12,BKNG,1900.0,1861.7099609375,1876.8299560546875,1895.2900390625,262200.0,1895.2900390625
2019-02-13,BKNG,1924.0,1898.77001953125,1899.2900390625,1919.969970703125,277300.0,1919.969970703125
2019-02-14,BKNG,1922.6300048828125,1901.0,1909.8800048828125,1902.3299560546875,208900.0,1902.3299560546875
2019-02-15,BKNG,1934.6500244140625,1898.5699462890625,1925.3299560546875,1933.5699462890625,331800.0,1933.5699462890625
2019-02-19,BKNG,1951.8599853515625,1909.1800537109375,1927.56005859375,1935.5,338400.0,1935.5
2019-02-20,BKNG,1944.989990234375,1920.0,1936.510009765625,1926.1700439453125,322200.0,1926.1700439453125
2019-02-21,BKNG,1932.6500244140625,1900.2900390625,1924.6500244140625,1906.31005859375,414100.0,1906.31005859375
2019-02-22,BKNG,1923.9100341796875,1897.2099609375,1920.3800048828125,1910.52001953125,385800.0,1910.52001953125
2019-02-25,BKNG,1934.8299560546875,1885.8299560546875,1928.6300048828125,1890.030029296875,454100.0,1890.030029296875
2019-02-26,BKNG,1919.8299560546875,1885.8299560546875,1885.8299560546875,1915.72998046875,366000.0,1915.72998046875
2019-02-27,BKNG,1952.25,1897.010009765625,1906.0,1906.0,750600.0,1906.0
2019-02-28,BKNG,1763.8900146484375,1692.0,1754.0,1697.0400390625,1989800.0,1697.0400390625
2019-03-01,BKNG,1726.3299560546875,1698.0,1708.199951171875,1714.0799560546875,1248100.0,1714.0799560546875
2019-03-04,BKNG,1730.0,1690.0400390625,1723.6600341796875,1707.8199462890625,1043400.0,1707.8199462890625
2019-03-05,BKNG,1748.72998046875,1709.3699951171875,1715.0,1745.9300537109375,619600.0,1745.9300537109375
2019-03-06,BKNG,1765.8199462890625,1745.2900390625,1748.3699951171875,1751.6199951171875,621400.0,1751.6199951171875
2019-03-07,BKNG,1756.7099609375,1719.280029296875,1746.5,1725.010009765625,598900.0,1725.010009765625
2019-03-08,BKNG,1719.510009765625,1692.9300537109375,1708.0400390625,1715.8199462890625,773200.0,1715.8199462890625
2019-03-11,BKNG,1723.989990234375,1693.3199462890625,1721.68994140625,1709.9000244140625,681200.0,1709.9000244140625
2019-03-12,BKNG,1740.3800048828125,1689.43994140625,1709.719970703125,1736.0,699300.0,1736.0
2019-03-13,BKNG,1769.8399658203125,1739.6099853515625,1740.43994140625,1760.7099609375,680900.0,1760.7099609375
2019-03-14,BKNG,1782.1700439453125,1738.72998046875,1768.8299560546875,1743.8800048828125,520700.0,1743.8800048828125
2019-03-15,BKNG,1758.0699462890625,1744.219970703125,1751.7900390625,1752.1700439453125,760100.0,1752.1700439453125
2019-03-18,BKNG,1765.5999755859375,1752.81005859375,1757.7099609375,1756.3299560546875,403000.0,1756.3299560546875
2019-03-19,BKNG,1787.300048828125,1740.1400146484375,1751.050048828125,1764.030029296875,499100.0,1764.030029296875
2019-03-20,BKNG,1780.989990234375,1751.1300048828125,1766.780029296875,1774.4300537109375,389200.0,1774.4300537109375
2019-03-21,BKNG,1784.6500244140625,1761.010009765625,1765.800048828125,1774.3599853515625,400000.0,1774.3599853515625
2019-03-22,BKNG,1761.1800537109375,1711.0899658203125,1754.0400390625,1721.5899658203125,656100.0,1721.5899658203125
2019-03-25,BKNG,1759.8800048828125,1712.7099609375,1714.010009765625,1752.3900146484375,559700.0,1752.3900146484375
2019-03-26,BKNG,1783.8599853515625,1759.219970703125,1761.199951171875,1768.8699951171875,462400.0,1768.8699951171875
2019-03-27,BKNG,1786.9599609375,1746.2099609375,1768.97998046875,1752.1099853515625,355500.0,1752.1099853515625
2019-03-28,BKNG,1765.5799560546875,1727.239990234375,1759.989990234375,1728.8900146484375,417300.0,1728.8900146484375
2019-03-29,BKNG,1756.530029296875,1733.4300537109375,1736.5999755859375,1744.9100341796875,440100.0,1744.9100341796875
2019-04-01,BKNG,1771.969970703125,1748.0999755859375,1755.0799560546875,1759.22998046875,502400.0,1759.22998046875
2019-04-02,BKNG,1771.5699462890625,1751.239990234375,1766.030029296875,1763.550048828125,492600.0,1763.550048828125
2019-04-03,BKNG,1796.1400146484375,1769.010009765625,1778.469970703125,1774.9300537109375,486200.0,1774.9300537109375
2019-04-04,BKNG,1791.18994140625,1767.5,1775.31005859375,1780.5999755859375,373200.0,1780.5999755859375
2019-04-05,BKNG,1788.030029296875,1768.3800048828125,1788.030029296875,1769.449951171875,365800.0,1769.449951171875
2019-04-08,BKNG,1793.0899658203125,1766.4000244140625,1767.9200439453125,1788.719970703125,324000.0,1788.719970703125
2019-04-09,BKNG,1796.8800048828125,1767.6500244140625,1776.75,1794.469970703125,378500.0,1794.469970703125
2019-04-10,BKNG,1808.97998046875,1772.010009765625,1793.8499755859375,1806.0,392700.0,1806.0
2019-04-11,BKNG,1823.4000244140625,1806.1500244140625,1810.0,1818.5899658203125,421000.0,1818.5899658203125
2019-04-12,BKNG,1848.0,1827.1400146484375,1827.8699951171875,1833.0699462890625,413500.0,1833.0699462890625
2019-04-15,BKNG,1848.1400146484375,1825.949951171875,1834.0,1846.22998046875,386300.0,1846.22998046875
2019-04-16,BKNG,1863.300048828125,1839.1400146484375,1851.800048828125,1841.699951171875,416500.0,1841.699951171875
2019-04-17,BKNG,1856.22998046875,1837.6099853515625,1848.6300048828125,1839.7900390625,324200.0,1839.7900390625
2019-04-18,BKNG,1854.22998046875,1839.8399658203125,1847.6400146484375,1844.31005859375,344600.0,1844.31005859375
2019-04-22,BKNG,1853.199951171875,1831.0400390625,1833.9300537109375,1844.1700439453125,315900.0,1844.1700439453125
2019-04-23,BKNG,1895.280029296875,1847.3399658203125,1849.22998046875,1887.72998046875,549300.0,1887.72998046875
2019-04-24,BKNG,1893.97998046875,1863.5999755859375,1887.1400146484375,1867.280029296875,506600.0,1867.280029296875
2019-04-25,BKNG,1884.81005859375,1856.9300537109375,1870.6500244140625,1866.260009765625,384400.0,1866.260009765625
2019-04-26,BKNG,1883.5,1850.010009765625,1868.0999755859375,1868.0,541100.0,1868.0
2019-04-29,BKNG,1885.0,1865.6199951171875,1869.81005859375,1876.3199462890625,432900.0,1876.3199462890625
2019-04-30,BKNG,1889.0999755859375,1852.199951171875,1872.0,1854.989990234375,422400.0,1854.989990234375
2019-05-01,BKNG,1865.489990234375,1828.18994140625,1857.5699462890625,1829.52001953125,407400.0,1829.52001953125
2019-05-02,BKNG,1830.4300537109375,1800.1800537109375,1824.6600341796875,1808.0,529000.0,1808.0
2019-05-03,BKNG,1829.9599609375,1814.25,1816.1700439453125,1824.0699462890625,496100.0,1824.0699462890625
2019-05-06,BKNG,1811.699951171875,1782.030029296875,1798.9599609375,1800.510009765625,540100.0,1800.510009765625
2019-05-07,BKNG,1800.5799560546875,1771.2099609375,1781.449951171875,1785.0,477200.0,1785.0
2019-05-08,BKNG,1771.6199951171875,1746.0,1765.010009765625,1751.6300048828125,464600.0,1751.6300048828125
2019-05-09,BKNG,1751.0999755859375,1715.010009765625,1729.4300537109375,1736.030029296875,627900.0,1736.030029296875
2019-05-10,BKNG,1860.0,1765.6199951171875,1825.0,1829.8499755859375,1168400.0,1829.8499755859375
2019-05-13,BKNG,1814.2900390625,1770.0,1800.0,1777.260009765625,493000.0,1777.260009765625
2019-05-14,BKNG,1814.800048828125,1781.699951171875,1787.1199951171875,1793.6700439453125,410400.0,1793.6700439453125
2019-05-15,BKNG,1801.5899658203125,1760.010009765625,1778.5999755859375,1789.4300537109375,380800.0,1789.4300537109375
2019-05-16,BKNG,1816.800048828125,1790.0,1790.0,1803.31005859375,305000.0,1803.31005859375
2019-05-17,BKNG,1819.4200439453125,1785.0,1786.3699951171875,1787.2900390625,346200.0,1787.2900390625
2019-05-20,BKNG,1770.0,1746.1800537109375,1769.72998046875,1752.22998046875,352000.0,1752.22998046875
2019-05-21,BKNG,1783.52001953125,1757.22998046875,1762.3399658203125,1772.18994140625,340600.0,1772.18994140625
2019-05-22,BKNG,1775.0,1742.9100341796875,1757.3499755859375,1745.02001953125,367900.0,1745.02001953125
2019-05-23,BKNG,1746.949951171875,1705.1500244140625,1746.949951171875,1716.9300537109375,483800.0,1716.9300537109375
2019-05-24,BKNG,1731.5799560546875,1707.5899658203125,1731.52001953125,1708.47998046875,269300.0,1708.47998046875
2019-05-28,BKNG,1728.97998046875,1685.3800048828125,1707.5899658203125,1685.800048828125,390800.0,1685.800048828125
2019-05-29,BKNG,1689.52001953125,1662.2099609375,1676.9300537109375,1685.9200439453125,317500.0,1685.9200439453125
2019-05-30,BKNG,1693.510009765625,1670.27001953125,1687.0,1673.06005859375,265800.0,1673.06005859375
2019-05-31,BKNG,1662.1400146484375,1640.5400390625,1650.0999755859375,1656.219970703125,366400.0,1656.219970703125
2019-06-03,BKNG,1692.2099609375,1648.3800048828125,1658.5,1650.4599609375,462300.0,1650.4599609375
2019-06-04,BKNG,1748.31005859375,1673.5,1673.5,1747.030029296875,648000.0,1747.030029296875
2019-06-05,BKNG,1767.18994140625,1736.0899658203125,1755.75,1765.0,388700.0,1765.0
2019-06-06,BKNG,1766.6300048828125,1746.3900146484375,1766.010009765625,1754.8599853515625,335700.0,1754.8599853515625
2019-06-07,BKNG,1789.68994140625,1756.31005859375,1765.25,1778.2900390625,337600.0,1778.2900390625
2019-06-10,BKNG,1814.4100341796875,1778.300048828125,1782.5699462890625,1781.1199951171875,298300.0,1781.1199951171875
2019-06-11,BKNG,1812.6600341796875,1791.0899658203125,1799.5,1803.6300048828125,351000.0,1803.6300048828125
2019-06-12,BKNG,1814.0,1779.1300048828125,1804.1700439453125,1798.9000244140625,212300.0,1798.9000244140625
2019-06-13,BKNG,1839.3399658203125,1802.050048828125,1802.050048828125,1809.52001953125,319200.0,1809.52001953125
2019-06-14,BKNG,1811.6800537109375,1772.72998046875,1808.199951171875,1775.5,325500.0,1775.5
2019-06-17,BKNG,1787.4100341796875,1768.0,1776.0,1781.4100341796875,281200.0,1781.4100341796875
2019-06-18,BKNG,1821.699951171875,1790.9300537109375,1808.3800048828125,1808.989990234375,412800.0,1808.989990234375
2019-06-19,BKNG,1844.4100341796875,1809.0899658203125,1812.0,1842.06005859375,420200.0,1842.06005859375
2019-06-20,BKNG,1871.9300537109375,1844.75,1862.0699462890625,1861.31005859375,545000.0,1861.31005859375
2019-06-21,BKNG,1883.18994140625,1849.5899658203125,1859.3599853515625,1880.0,755800.0,1880.0
2019-06-24,BKNG,1889.3299560546875,1869.3199462890625,1880.969970703125,1870.81005859375,351200.0,1870.81005859375
2019-06-25,BKNG,1884.989990234375,1841.050048828125,1880.8299560546875,1845.469970703125,322200.0,1845.469970703125
2019-06-26,BKNG,1868.1500244140625,1828.3900146484375,1848.300048828125,1830.219970703125,277500.0,1830.219970703125
2019-06-27,BKNG,1858.75,1832.8299560546875,1835.0,1845.1700439453125,427100.0,1845.1700439453125
2019-06-28,BKNG,1877.0,1844.8299560546875,1852.5799560546875,1874.7099609375,613700.0,1874.7099609375
2019-07-01,BKNG,1906.0,1883.43994140625,1900.0,1898.4200439453125,454500.0,1898.4200439453125
2019-07-02,BKNG,1910.0,1889.4200439453125,1902.239990234375,1907.989990234375,222000.0,1907.989990234375
2019-07-03,BKNG,1924.6099853515625,1905.0,1906.219970703125,1919.6500244140625,172900.0,1919.6500244140625
2019-07-05,BKNG,1928.6099853515625,1901.4100341796875,1904.760009765625,1924.75,170200.0,1924.75
2019-07-08,BKNG,1922.0,1875.0,1918.72998046875,1875.760009765625,343100.0,1875.760009765625
2019-07-09,BKNG,1889.739990234375,1866.010009765625,1873.0,1877.8699951171875,360800.0,1877.8699951171875
2019-07-10,BKNG,1892.989990234375,1858.8800048828125,1890.52001953125,1869.3900146484375,319200.0,1869.3900146484375
2019-07-11,BKNG,1879.0999755859375,1868.72998046875,1875.449951171875,1874.1700439453125,270400.0,1874.1700439453125
2019-07-12,BKNG,1884.97998046875,1869.489990234375,1878.02001953125,1882.47998046875,268200.0,1882.47998046875
2019-07-15,BKNG,1885.239990234375,1872.2900390625,1881.8900146484375,1881.9100341796875,284200.0,1881.9100341796875
2019-07-16,BKNG,1897.219970703125,1875.5699462890625,1879.8900146484375,1888.9000244140625,259100.0,1888.9000244140625
2019-07-17,BKNG,1897.0899658203125,1866.530029296875,1887.75,1867.739990234375,284800.0,1867.739990234375
2019-07-18,BKNG,1895.6800537109375,1861.8299560546875,1861.8299560546875,1885.9100341796875,230600.0,1885.9100341796875
2019-07-19,BKNG,1901.5899658203125,1882.0899658203125,1896.030029296875,1882.0899658203125,198000.0,1882.0899658203125
2019-07-22,BKNG,1906.5999755859375,1882.739990234375,1883.6500244140625,1893.699951171875,279400.0,1893.699951171875
2019-07-23,BKNG,1910.3800048828125,1887.93994140625,1898.6300048828125,1900.25,219500.0,1900.25
2019-07-24,BKNG,1920.8299560546875,1896.260009765625,1896.260009765625,1919.25,212100.0,1919.25
2019-07-25,BKNG,1928.9100341796875,1905.030029296875,1911.989990234375,1926.1300048828125,248100.0,1926.1300048828125
2019-07-26,BKNG,1969.8800048828125,1940.0,1940.0,1966.8499755859375,381800.0,1966.8499755859375
2019-07-29,BKNG,1962.97998046875,1908.18994140625,1958.780029296875,1919.550048828125,304900.0,1919.550048828125
2019-07-30,BKNG,1925.2900390625,1903.5899658203125,1909.8599853515625,1916.5899658203125,207500.0,1916.5899658203125
2019-07-31,BKNG,1915.47998046875,1866.27001953125,1906.3299560546875,1886.6099853515625,270000.0,1886.6099853515625
2019-08-01,BKNG,1917.489990234375,1867.739990234375,1885.469970703125,1879.8599853515625,238400.0,1879.8599853515625
2019-08-02,BKNG,1874.97998046875,1839.3900146484375,1874.1099853515625,1846.0799560546875,304200.0,1846.0799560546875
2019-08-05,BKNG,1819.97998046875,1773.0899658203125,1819.97998046875,1788.5999755859375,431400.0,1788.5999755859375
2019-08-06,BKNG,1815.989990234375,1767.3199462890625,1799.199951171875,1786.52001953125,393900.0,1786.52001953125
2019-08-07,BKNG,1826.199951171875,1755.0,1758.4000244140625,1821.56005859375,542300.0,1821.56005859375
2019-08-08,BKNG,1958.81005859375,1895.0,1900.0,1941.010009765625,797000.0,1941.010009765625
2019-08-09,BKNG,1927.6199951171875,1897.010009765625,1926.5400390625,1917.68994140625,402000.0,1917.68994140625
2019-08-12,BKNG,1926.7900390625,1891.1700439453125,1900.43994140625,1916.8900146484375,281100.0,1916.8900146484375
2019-08-13,BKNG,1963.9000244140625,1907.6700439453125,1907.6700439453125,1943.18994140625,384300.0,1943.18994140625
2019-08-14,BKNG,1926.22998046875,1889.9599609375,1908.56005859375,1891.18994140625,440400.0,1891.18994140625
2019-08-15,BKNG,1919.7099609375,1873.8699951171875,1900.030029296875,1904.6700439453125,290500.0,1904.6700439453125
2019-08-16,BKNG,1936.4599609375,1905.010009765625,1929.0,1922.18994140625,240800.0,1922.18994140625
2019-08-19,BKNG,1959.8800048828125,1931.4100341796875,1944.8699951171875,1943.72998046875,283400.0,1943.72998046875
2019-08-20,BKNG,1952.1199951171875,1929.2099609375,1942.510009765625,1934.4000244140625,230400.0,1934.4000244140625
2019-08-21,BKNG,1957.5999755859375,1939.699951171875,1945.68994140625,1955.75,203000.0,1955.75
2019-08-22,BKNG,1967.52001953125,1928.300048828125,1962.449951171875,1952.469970703125,204600.0,1952.469970703125
2019-08-23,BKNG,1951.9300537109375,1893.0799560546875,1942.97998046875,1898.6700439453125,303400.0,1898.6700439453125
2019-08-26,BKNG,1918.5,1902.219970703125,1918.239990234375,1916.81005859375,219200.0,1916.81005859375
2019-08-27,BKNG,1931.800048828125,1912.3299560546875,1921.739990234375,1919.989990234375,276200.0,1919.989990234375
2019-08-28,BKNG,1947.949951171875,1903.5699462890625,1911.800048828125,1942.0,228300.0,1942.0
2019-08-29,BKNG,1976.760009765625,1948.0,1966.4300537109375,1957.1400146484375,312800.0,1957.1400146484375
2019-08-30,BKNG,1973.22998046875,1953.0,1971.800048828125,1966.4100341796875,270900.0,1966.4100341796875
2019-09-03,BKNG,1967.9000244140625,1931.4200439453125,1956.56005859375,1941.780029296875,341500.0,1941.780029296875
2019-09-04,BKNG,1963.56005859375,1935.7099609375,1960.8800048828125,1958.7900390625,280000.0,1958.7900390625
2019-09-05,BKNG,2010.93994140625,1967.43994140625,1974.1500244140625,1994.43994140625,440300.0,1994.43994140625
2019-09-06,BKNG,2006.3399658203125,1962.75,2006.3399658203125,1967.6300048828125,413000.0,1967.6300048828125
2019-09-09,BKNG,1994.510009765625,1973.3800048828125,1980.6400146484375,1992.25,369700.0,1992.25
2019-09-10,BKNG,2018.760009765625,1964.030029296875,1983.3399658203125,2018.760009765625,456100.0,2018.760009765625
2019-09-11,BKNG,2054.169921875,2001.3800048828125,2013.199951171875,2050.159912109375,399600.0,2050.159912109375
2019-09-12,BKNG,2067.070068359375,2037.300048828125,2056.0,2041.4100341796875,442200.0,2041.4100341796875
2019-09-13,BKNG,2071.780029296875,2039.5999755859375,2047.02001953125,2063.89990234375,392800.0,2063.89990234375
2019-09-16,BKNG,2081.81005859375,2035.010009765625,2057.239990234375,2072.949951171875,393900.0,2072.949951171875
2019-09-17,BKNG,2081.239990234375,2058.169921875,2067.60009765625,2077.43994140625,263300.0,2077.43994140625
2019-09-18,BKNG,2078.85009765625,2036.97998046875,2072.2099609375,2058.3701171875,185100.0,2058.3701171875
2019-09-19,BKNG,2062.699951171875,2046.72998046875,2053.739990234375,2058.570068359375,256100.0,2058.570068359375
2019-09-20,BKNG,2057.429931640625,2029.4599609375,2046.219970703125,2031.5699462890625,507400.0,2031.5699462890625
2019-09-23,BKNG,2030.0,2007.1400146484375,2016.0,2009.4100341796875,315500.0,2009.4100341796875
2019-09-24,BKNG,2020.989990234375,1985.9200439453125,2012.8199462890625,1990.6400146484375,282800.0,1990.6400146484375
2019-09-25,BKNG,2000.6400146484375,1962.0,1991.6500244140625,1993.530029296875,333400.0,1993.530029296875
2019-09-26,BKNG,1994.0799560546875,1964.0,1994.0799560546875,1978.449951171875,307400.0,1978.449951171875
2019-09-27,BKNG,1979.3499755859375,1936.8599853515625,1969.56005859375,1944.25,305600.0,1944.25
2019-09-30,BKNG,1982.7099609375,1942.3399658203125,1953.0,1962.6099853515625,226500.0,1962.6099853515625
2019-10-01,BKNG,1986.68994140625,1964.7149658203125,1977.0,1978.030029296875,202681.0,1978.030029296875
